vendor/pi-desktop/apps/desktop/electron.vite.config.ts(4,25): error TS2307: Cannot find module '@tailwindcss/vite' or its corresponding type declarations.
vendor/pi-desktop/apps/desktop/electron/main/oauth.ts(34,39): error TS2307: Cannot find module '@earendil-works/pi-ai/bun-oauth' or its corresponding type declarations.
vendor/pi-desktop/apps/desktop/electron/main/oauth.ts(35,31): error TS2307: Cannot find module '@earendil-works/pi-ai/providers/all' or its corresponding type declarations.
vendor/pi-desktop/apps/desktop/src/App.tsx(13,8): error TS7016: Could not find a declaration file for module 'react'. 'C:/cm-plan-next-20260910/vendor/pi-desktop/node_modules/.pnpm/react@19.2.8/node_modules/react/index.js' implicitly has an 'any' type.
  Try `npm i --save-dev @types/react` if it exists or add a new declaration (.d.ts) file containing `declare module 'react';`
vendor/pi-desktop/apps/desktop/src/App.tsx(111,9): error TS7026: JSX element implicitly has type 'any' because no interface 'JSX.IntrinsicElements' exists.
vendor/pi-desktop/apps/desktop/src/App.tsx(111,9): error TS7016: Could not find a declaration file for module 'react/jsx-runtime'. 'C:/cm-plan-next-20260910/vendor/pi-desktop/node_modules/.pnpm/react@19.2.8/node_modules/react/jsx-runtime.js' implicitly has an 'any' type.
  Try `npm i --save-dev @types/react` if it exists or add a new declaration (.d.ts) file containing `declare module 'react/jsx-runtime';`
vendor/pi-desktop/apps/desktop/src/App.tsx(112,11): error TS7026: JSX element implicitly has type 'any' because no interface 'JSX.IntrinsicElements' exists.
vendor/pi-desktop/apps/desktop/src/App.tsx(113,13): error TS7026: JSX element implicitly has type 'any' because no interface 'JSX.IntrinsicElements' exists.
vendor/pi-desktop/apps/desktop/src/App.tsx(113,89): error TS7026: JSX element implicitly has type 'any' because no interface 'JSX.IntrinsicElements' exists.
vendor/pi-desktop/apps/desktop/src/App.tsx(114,13): error TS7026: JSX element implicitly has type 'any' because no interface 'JSX.IntrinsicElements' exists.
vendor/pi-desktop/apps/desktop/src/App.tsx(116,13): error TS7026: JSX element implicitly has type 'any' because no interface 'JSX.IntrinsicElements' exists.
vendor/pi-desktop/apps/desktop/src/App.tsx(117,11): error TS7026: JSX element implicitly has type 'any' because no interface 'JSX.IntrinsicElements' exists.
vendor/pi-desktop/apps/desktop/src/App.tsx(118,9): error TS7026: JSX element implicitly has type 'any' because no interface 'JSX.IntrinsicElements' exists.
vendor/pi-desktop/apps/desktop/src/App.tsx(121,17): error TS2339: Property 'props' does not exist on type 'ErrorBoundary'.
vendor/pi-desktop/apps/desktop/src/App.tsx(137,5): error TS7026: JSX element implicitly has type 'any' because no interface 'JSX.IntrinsicElements' exists.
vendor/pi-desktop/apps/desktop/src/App.tsx(138,7): error TS7026: JSX element implicitly has type 'any' because no interface 'JSX.IntrinsicElements' exists.
vendor/pi-desktop/apps/desktop/src/App.tsx(151,7): error TS7026: JSX element implicitly has type 'any' because no interface 'JSX.IntrinsicElements' exists.
vendor/pi-desktop/apps/desktop/src/App.tsx(152,7): error TS7026: JSX element implicitly has type 'any' because no interface 'JSX.IntrinsicElements' exists.
vendor/pi-desktop/apps/desktop/src/App.tsx(160,7): error TS7026: JSX element implicitly has type 'any' because no interface 'JSX.IntrinsicElements' exists.
vendor/pi-desktop/apps/desktop/src/App.tsx(161,5): error TS7026: JSX element implicitly has type 'any' because no interface 'JSX.IntrinsicElements' exists.
vendor/pi-desktop/apps/desktop/src/App.tsx(168,5): error TS7026: JSX element implicitly has type 'any' because no interface 'JSX.IntrinsicElements' exists.
vendor/pi-desktop/apps/desktop/src/App.tsx(169,7): error TS7026: JSX element implicitly has type 'any' because no interface 'JSX.IntrinsicElements' exists.
vendor/pi-desktop/apps/desktop/src/App.tsx(170,5): error TS7026: JSX element implicitly has type 'any' because no interface 'JSX.IntrinsicElements' exists.
vendor/pi-desktop/apps/desktop/src/App.tsx(222,26): error TS7006: Parameter 'collapsed' implicitly has an 'any' type.
vendor/pi-desktop/apps/desktop/src/App.tsx(1868,11): error TS7026: JSX element implicitly has type 'any' because no interface 'JSX.IntrinsicElements' exists.
vendor/pi-desktop/apps/desktop/src/App.tsx(1880,15): error TS7026: JSX element implicitly has type 'any' because no interface 'JSX.IntrinsicElements' exists.
vendor/pi-desktop/apps/desktop/src/App.tsx(1887,19): error TS7026: JSX element implicitly has type 'any' because no interface 'JSX.IntrinsicElements' exists.
vendor/pi-desktop/apps/desktop/src/App.tsx(1893,19): error TS7026: JSX element implicitly has type 'any' because no interface 'JSX.IntrinsicElements' exists.
vendor/pi-desktop/apps/desktop/src/App.tsx(1895,15): error TS7026: JSX element implicitly has type 'any' because no interface 'JSX.IntrinsicElements' exists.
vendor/pi-desktop/apps/desktop/src/App.tsx(1900,15): error TS7026: JSX element implicitly has type 'any' because no interface 'JSX.IntrinsicElements' exists.
vendor/pi-desktop/apps/desktop/src/App.tsx(1904,17): error TS7026: JSX element implicitly has type 'any' because no interface 'JSX.IntrinsicElements' exists.
vendor/pi-desktop/apps/desktop/src/App.tsx(1905,17): error TS7026: JSX element implicitly has type 'any' because no interface 'JSX.IntrinsicElements' exists.
vendor/pi-desktop/apps/desktop/src/App.tsx(1911,17): error TS7026: JSX element implicitly has type 'any' because no interface 'JSX.IntrinsicElements' exists.
vendor/pi-desktop/apps/desktop/src/App.tsx(1913,19): error TS7026: JSX element implicitly has type 'any' because no interface 'JSX.IntrinsicElements' exists.
vendor/pi-desktop/apps/desktop/src/App.tsx(1919,19): error TS7026: JSX element implicitly has type 'any' because no interface 'JSX.IntrinsicElements' exists.
vendor/pi-desktop/apps/desktop/src/App.tsx(1921,15): error TS7026: JSX element implicitly has type 'any' because no interface 'JSX.IntrinsicElements' exists.
vendor/pi-desktop/apps/desktop/src/App.tsx(1926,17): error TS7026: JSX element implicitly has type 'any' because no interface 'JSX.IntrinsicElements' exists.
vendor/pi-desktop/apps/desktop/src/App.tsx(1928,17): error TS7026: JSX element implicitly has type 'any' because no interface 'JSX.IntrinsicElements' exists.
vendor/pi-desktop/apps/desktop/src/App.tsx(1930,17): error TS7026: JSX element implicitly has type 'any' because no interface 'JSX.IntrinsicElements' exists.
vendor/pi-desktop/apps/desktop/src/App.tsx(1932,17): error TS7026: JSX element implicitly has type 'any' because no interface 'JSX.IntrinsicElements' exists.
vendor/pi-desktop/apps/desktop/src/App.tsx(1934,17): error TS7026: JSX element implicitly has type 'any' because no interface 'JSX.IntrinsicElements' exists.
vendor/pi-desktop/apps/desktop/src/App.tsx(1936,17): error TS7026: JSX element implicitly has type 'any' because no interface 'JSX.IntrinsicElements' exists.
vendor/pi-desktop/apps/desktop/src/App.tsx(1941,11): error TS7026: JSX element implicitly has type 'any' because no interface 'JSX.IntrinsicElements' exists.
vendor/pi-desktop/apps/desktop/src/App.tsx(1971,5): error TS7026: JSX element implicitly has type 'any' because no interface 'JSX.IntrinsicElements' exists.
vendor/pi-desktop/apps/desktop/src/App.tsx(1985,5): error TS7026: JSX element implicitly has type 'any' because no interface 'JSX.IntrinsicElements' exists.
vendor/pi-desktop/apps/desktop/src/components/AskToolCard.tsx(1,35): error TS7016: Could not find a declaration file for module 'react'. 'C:/cm-plan-next-20260910/vendor/pi-desktop/node_modules/.pnpm/react@19.2.8/node_modules/react/index.js' implicitly has an 'any' type.
  Try `npm i --save-dev @types/react` if it exists or add a new declaration (.d.ts) file containing `declare module 'react';`
vendor/pi-desktop/apps/desktop/src/components/AskToolCard.tsx(45,19): error TS7006: Parameter 'draft' implicitly has an 'any' type.
vendor/pi-desktop/apps/desktop/src/components/AskToolCard.tsx(53,16): error TS7006: Parameter 'previous' implicitly has an 'any' type.
vendor/pi-desktop/apps/desktop/src/components/AskToolCard.tsx(54,21): error TS7006: Parameter 'draft' implicitly has an 'any' type.
vendor/pi-desktop/apps/desktop/src/components/AskToolCard.tsx(54,28): error TS7006: Parameter 'draftIndex' implicitly has an 'any' type.
vendor/pi-desktop/apps/desktop/src/components/AskToolCard.tsx(82,21): error TS7006: Parameter 'draft' implicitly has an 'any' type.
vendor/pi-desktop/apps/desktop/src/components/AskToolCard.tsx(106,36): error TS7006: Parameter 'draft' implicitly has an 'any' type.
vendor/pi-desktop/apps/desktop/src/components/AskToolCard.tsx(106,43): error TS7006: Parameter 'draftIndex' implicitly has an 'any' type.
vendor/pi-desktop/apps/desktop/src/components/AskToolCard.tsx(113,20): error TS7006: Parameter 'value' implicitly has an 'any' type.
vendor/pi-desktop/apps/desktop/src/components/AskToolCard.tsx(117,36): error TS7006: Parameter 'draft' implicitly has an 'any' type.
vendor/pi-desktop/apps/desktop/src/components/AskToolCard.tsx(117,43): error TS7006: Parameter 'draftIndex' implicitly has an 'any' type.
vendor/pi-desktop/apps/desktop/src/components/AskToolCard.tsx(122,20): error TS7006: Parameter 'value' implicitly has an 'any' type.
vendor/pi-desktop/apps/desktop/src/components/AskToolCard.tsx(126,5): error TS7026: JSX element implicitly has type 'any' because no interface 'JSX.IntrinsicElements' exists.
vendor/pi-desktop/apps/desktop/src/components/AskToolCard.tsx(126,5): error TS7016: Could not find a declaration file for module 'react/jsx-runtime'. 'C:/cm-plan-next-20260910/vendor/pi-desktop/node_modules/.pnpm/react@19.2.8/node_modules/react/jsx-runtime.js' implicitly has an 'any' type.
  Try `npm i --save-dev @types/react` if it exists or add a new declaration (.d.ts) file containing `declare module 'react/jsx-runtime';`
vendor/pi-desktop/apps/desktop/src/components/AskToolCard.tsx(127,7): error TS7026: JSX element implicitly has type 'any' because no interface 'JSX.IntrinsicElements' exists.
vendor/pi-desktop/apps/desktop/src/components/AskToolCard.tsx(128,9): error TS7026: JSX element implicitly has type 'any' because no interface 'JSX.IntrinsicElements' exists.
vendor/pi-desktop/apps/desktop/src/components/AskToolCard.tsx(129,11): error TS7026: JSX element implicitly has type 'any' because no interface 'JSX.IntrinsicElements' exists.
vendor/pi-desktop/apps/desktop/src/components/AskToolCard.tsx(131,11): error TS7026: JSX element implicitly has type 'any' because no interface 'JSX.IntrinsicElements' exists.
vendor/pi-desktop/apps/desktop/src/components/AskToolCard.tsx(132,11): error TS7026: JSX element implicitly has type 'any' because no interface 'JSX.IntrinsicElements' exists.
vendor/pi-desktop/apps/desktop/src/components/AskToolCard.tsx(134,27): error TS7026: JSX element implicitly has type 'any' because no interface 'JSX.IntrinsicElements' exists.
vendor/pi-desktop/apps/desktop/src/components/AskToolCard.tsx(134,76): error TS7026: JSX element implicitly has type 'any' because no interface 'JSX.IntrinsicElements' exists.
vendor/pi-desktop/apps/desktop/src/components/AskToolCard.tsx(135,11): error TS7026: JSX element implicitly has type 'any' because no interface 'JSX.IntrinsicElements' exists.
vendor/pi-desktop/apps/desktop/src/components/AskToolCard.tsx(136,9): error TS7026: JSX element implicitly has type 'any' because no interface 'JSX.IntrinsicElements' exists.
vendor/pi-desktop/apps/desktop/src/components/AskToolCard.tsx(137,9): error TS7026: JSX element implicitly has type 'any' because no interface 'JSX.IntrinsicElements' exists.
vendor/pi-desktop/apps/desktop/src/components/AskToolCard.tsx(144,9): error TS7026: JSX element implicitly has type 'any' because no interface 'JSX.IntrinsicElements' exists.
vendor/pi-desktop/apps/desktop/src/components/AskToolCard.tsx(145,7): error TS7026: JSX element implicitly has type 'any' because no interface 'JSX.IntrinsicElements' exists.
vendor/pi-desktop/apps/desktop/src/components/AskToolCard.tsx(147,7): error TS7026: JSX element implicitly has type 'any' because no interface 'JSX.IntrinsicElements' exists.
vendor/pi-desktop/apps/desktop/src/components/AskToolCard.tsx(148,24): error TS7006: Parameter 'status' implicitly has an 'any' type.
vendor/pi-desktop/apps/desktop/src/components/AskToolCard.tsx(148,32): error TS7006: Parameter 'statusIndex' implicitly has an 'any' type.
vendor/pi-desktop/apps/desktop/src/components/AskToolCard.tsx(149,11): error TS7026: JSX element implicitly has type 'any' because no interface 'JSX.IntrinsicElements' exists.
vendor/pi-desktop/apps/desktop/src/components/AskToolCard.tsx(158,7): error TS7026: JSX element implicitly has type 'any' because no interface 'JSX.IntrinsicElements' exists.
vendor/pi-desktop/apps/desktop/src/components/AskToolCard.tsx(160,7): error TS7026: JSX element implicitly has type 'any' because no interface 'JSX.IntrinsicElements' exists.
vendor/pi-desktop/apps/desktop/src/components/AskToolCard.tsx(162,7): error TS7026: JSX element implicitly has type 'any' because no interface 'JSX.IntrinsicElements' exists.
vendor/pi-desktop/apps/desktop/src/components/AskToolCard.tsx(163,7): error TS7026: JSX element implicitly has type 'any' because no interface 'JSX.IntrinsicElements' exists.
vendor/pi-desktop/apps/desktop/src/components/AskToolCard.tsx(163,58): error TS7026: JSX element implicitly has type 'any' because no interface 'JSX.IntrinsicElements' exists.
vendor/pi-desktop/apps/desktop/src/components/AskToolCard.tsx(164,7): error TS7026: JSX element implicitly has type 'any' because no interface 'JSX.IntrinsicElements' exists.
vendor/pi-desktop/apps/desktop/src/components/AskToolCard.tsx(168,13): error TS7026: JSX element implicitly has type 'any' because no interface 'JSX.IntrinsicElements' exists.
vendor/pi-desktop/apps/desktop/src/components/AskToolCard.tsx(177,15): error TS7026: JSX element implicitly has type 'any' because no interface 'JSX.IntrinsicElements' exists.
vendor/pi-desktop/apps/desktop/src/components/AskToolCard.tsx(177,86): error TS7026: JSX element implicitly has type 'any' because no interface 'JSX.IntrinsicElements' exists.
vendor/pi-desktop/apps/desktop/src/components/AskToolCard.tsx(178,15): error TS7026: JSX element implicitly has type 'any' because no interface 'JSX.IntrinsicElements' exists.
vendor/pi-desktop/apps/desktop/src/components/AskToolCard.tsx(178,29): error TS7026: JSX element implicitly has type 'any' because no interface 'JSX.IntrinsicElements' exists.
vendor/pi-desktop/apps/desktop/src/components/AskToolCard.tsx(179,13): error TS7026: JSX element implicitly has type 'any' because no interface 'JSX.IntrinsicElements' exists.
vendor/pi-desktop/apps/desktop/src/components/AskToolCard.tsx(182,9): error TS7026: JSX element implicitly has type 'any' because no interface 'JSX.IntrinsicElements' exists.
vendor/pi-desktop/apps/desktop/src/components/AskToolCard.tsx(190,11): error TS7026: JSX element implicitly has type 'any' because no interface 'JSX.IntrinsicElements' exists.
vendor/pi-desktop/apps/desktop/src/components/AskToolCard.tsx(190,101): error TS7026: JSX element implicitly has type 'any' because no interface 'JSX.IntrinsicElements' exists.
vendor/pi-desktop/apps/desktop/src/components/AskToolCard.tsx(191,11): error TS7026: JSX element implicitly has type 'any' because no interface 'JSX.IntrinsicElements' exists.
vendor/pi-desktop/apps/desktop/src/components/AskToolCard.tsx(191,44): error TS7026: JSX element implicitly has type 'any' because no interface 'JSX.IntrinsicElements' exists.
vendor/pi-desktop/apps/desktop/src/components/AskToolCard.tsx(192,9): error TS7026: JSX element implicitly has type 'any' because no interface 'JSX.IntrinsicElements' exists.
vendor/pi-desktop/apps/desktop/src/components/AskToolCard.tsx(193,7): error TS7026: JSX element implicitly has type 'any' because no interface 'JSX.IntrinsicElements' exists.
vendor/pi-desktop/apps/desktop/src/components/AskToolCard.tsx(195,9): error TS7026: JSX element implicitly has type 'any' because no interface 'JSX.IntrinsicElements' exists.
vendor/pi-desktop/apps/desktop/src/components/AskToolCard.tsx(200,22): error TS7006: Parameter 'event' implicitly has an 'any' type.
vendor/pi-desktop/apps/desktop/src/components/AskToolCard.tsx(207,7): error TS7026: JSX element implicitly has type 'any' because no interface 'JSX.IntrinsicElements' exists.
vendor/pi-desktop/apps/desktop/src/components/AskToolCard.tsx(214,7): error TS7026: JSX element implicitly has type 'any' because no interface 'JSX.IntrinsicElements' exists.
vendor/pi-desktop/apps/desktop/src/components/AskToolCard.tsx(215,5): error TS7026: JSX element implicitly has type 'any' because no interface 'JSX.IntrinsicElements' exists.
vendor/pi-desktop/apps/desktop/src/components/BrandLogo.tsx(3,5): error TS7026: JSX element implicitly has type 'any' because no interface 'JSX.IntrinsicElements' exists.
vendor/pi-desktop/apps/desktop/src/components/BrandLogo.tsx(3,5): error TS7016: Could not find a declaration file for module 'react/jsx-runtime'. 'C:/cm-plan-next-20260910/vendor/pi-desktop/node_modules/.pnpm/react@19.2.8/node_modules/react/jsx-runtime.js' implicitly has an 'any' type.
  Try `npm i --save-dev @types/react` if it exists or add a new declaration (.d.ts) file containing `declare module 'react/jsx-runtime';`
vendor/pi-desktop/apps/desktop/src/components/BrandLogo.tsx(4,7): error TS7026: JSX element implicitly has type 'any' because no interface 'JSX.IntrinsicElements' exists.
vendor/pi-desktop/apps/desktop/src/components/BrandLogo.tsx(5,7): error TS7026: JSX element implicitly has type 'any' because no interface 'JSX.IntrinsicElements' exists.
vendor/pi-desktop/apps/desktop/src/components/BrandLogo.tsx(6,7): error TS7026: JSX element implicitly has type 'any' because no interface 'JSX.IntrinsicElements' exists.
vendor/pi-desktop/apps/desktop/src/components/BrandLogo.tsx(7,5): error TS7026: JSX element implicitly has type 'any' because no interface 'JSX.IntrinsicElements' exists.
vendor/pi-desktop/apps/desktop/src/components/ChatSurface.tsx(1,31): error TS7016: Could not find a declaration file for module 'react'. 'C:/cm-plan-next-20260910/vendor/pi-desktop/node_modules/.pnpm/react@19.2.8/node_modules/react/index.js' implicitly has an 'any' type.
  Try `npm i --save-dev @types/react` if it exists or add a new declaration (.d.ts) file containing `declare module 'react';`
vendor/pi-desktop/apps/desktop/src/components/ChatSurface.tsx(122,5): error TS7026: JSX element implicitly has type 'any' because no interface 'JSX.IntrinsicElements' exists.
vendor/pi-desktop/apps/desktop/src/components/ChatSurface.tsx(122,5): error TS7016: Could not find a declaration file for module 'react/jsx-runtime'. 'C:/cm-plan-next-20260910/vendor/pi-desktop/node_modules/.pnpm/react@19.2.8/node_modules/react/jsx-runtime.js' implicitly has an 'any' type.
  Try `npm i --save-dev @types/react` if it exists or add a new declaration (.d.ts) file containing `declare module 'react/jsx-runtime';`
vendor/pi-desktop/apps/desktop/src/components/ChatSurface.tsx(127,9): error TS7026: JSX element implicitly has type 'any' because no interface 'JSX.IntrinsicElements' exists.
vendor/pi-desktop/apps/desktop/src/components/ChatSurface.tsx(128,11): error TS7026: JSX element implicitly has type 'any' because no interface 'JSX.IntrinsicElements' exists.
vendor/pi-desktop/apps/desktop/src/components/ChatSurface.tsx(129,9): error TS7026: JSX element implicitly has type 'any' because no interface 'JSX.IntrinsicElements' exists.
vendor/pi-desktop/apps/desktop/src/components/ChatSurface.tsx(132,9): error TS7026: JSX element implicitly has type 'any' because no interface 'JSX.IntrinsicElements' exists.
vendor/pi-desktop/apps/desktop/src/components/ChatSurface.tsx(139,11): error TS7026: JSX element implicitly has type 'any' because no interface 'JSX.IntrinsicElements' exists.
vendor/pi-desktop/apps/desktop/src/components/ChatSurface.tsx(140,13): error TS7026: JSX element implicitly has type 'any' because no interface 'JSX.IntrinsicElements' exists.
vendor/pi-desktop/apps/desktop/src/components/ChatSurface.tsx(141,15): error TS7026: JSX element implicitly has type 'any' because no interface 'JSX.IntrinsicElements' exists.
vendor/pi-desktop/apps/desktop/src/components/ChatSurface.tsx(142,17): error TS7026: JSX element implicitly has type 'any' because no interface 'JSX.IntrinsicElements' exists.
vendor/pi-desktop/apps/desktop/src/components/ChatSurface.tsx(148,17): error TS7026: JSX element implicitly has type 'any' because no interface 'JSX.IntrinsicElements' exists.
vendor/pi-desktop/apps/desktop/src/components/ChatSurface.tsx(149,17): error TS7026: JSX element implicitly has type 'any' because no interface 'JSX.IntrinsicElements' exists.
vendor/pi-desktop/apps/desktop/src/components/ChatSurface.tsx(153,23): error TS7026: JSX element implicitly has type 'any' because no interface 'JSX.IntrinsicElements' exists.
vendor/pi-desktop/apps/desktop/src/components/ChatSurface.tsx(164,23): error TS7026: JSX element implicitly has type 'any' because no interface 'JSX.IntrinsicElements' exists.
vendor/pi-desktop/apps/desktop/src/components/ChatSurface.tsx(172,17): error TS7026: JSX element implicitly has type 'any' because no interface 'JSX.IntrinsicElements' exists.
vendor/pi-desktop/apps/desktop/src/components/ChatSurface.tsx(173,15): error TS7026: JSX element implicitly has type 'any' because no interface 'JSX.IntrinsicElements' exists.
vendor/pi-desktop/apps/desktop/src/components/ChatSurface.tsx(175,13): error TS7026: JSX element implicitly has type 'any' because no interface 'JSX.IntrinsicElements' exists.
vendor/pi-desktop/apps/desktop/src/components/ChatSurface.tsx(176,11): error TS7026: JSX element implicitly has type 'any' because no interface 'JSX.IntrinsicElements' exists.
vendor/pi-desktop/apps/desktop/src/components/ChatSurface.tsx(177,11): error TS7026: JSX element implicitly has type 'any' because no interface 'JSX.IntrinsicElements' exists.
vendor/pi-desktop/apps/desktop/src/components/ChatSurface.tsx(179,11): error TS7026: JSX element implicitly has type 'any' because no interface 'JSX.IntrinsicElements' exists.
vendor/pi-desktop/apps/desktop/src/components/ChatSurface.tsx(180,9): error TS7026: JSX element implicitly has type 'any' because no interface 'JSX.IntrinsicElements' exists.
vendor/pi-desktop/apps/desktop/src/components/ChatSurface.tsx(183,11): error TS7026: JSX element implicitly has type 'any' because no interface 'JSX.IntrinsicElements' exists.
vendor/pi-desktop/apps/desktop/src/components/ChatSurface.tsx(191,11): error TS7026: JSX element implicitly has type 'any' because no interface 'JSX.IntrinsicElements' exists.
vendor/pi-desktop/apps/desktop/src/components/ChatSurface.tsx(197,9): error TS7026: JSX element implicitly has type 'any' because no interface 'JSX.IntrinsicElements' exists.
vendor/pi-desktop/apps/desktop/src/components/ChatSurface.tsx(198,11): error TS7026: JSX element implicitly has type 'any' because no interface 'JSX.IntrinsicElements' exists.
vendor/pi-desktop/apps/desktop/src/components/ChatSurface.tsx(199,13): error TS7026: JSX element implicitly has type 'any' because no interface 'JSX.IntrinsicElements' exists.
vendor/pi-desktop/apps/desktop/src/components/ChatSurface.tsx(203,13): error TS7026: JSX element implicitly has type 'any' because no interface 'JSX.IntrinsicElements' exists.
vendor/pi-desktop/apps/desktop/src/components/ChatSurface.tsx(207,15): error TS7026: JSX element implicitly has type 'any' because no interface 'JSX.IntrinsicElements' exists.
vendor/pi-desktop/apps/desktop/src/components/ChatSurface.tsx(217,15): error TS7026: JSX element implicitly has type 'any' because no interface 'JSX.IntrinsicElements' exists.
vendor/pi-desktop/apps/desktop/src/components/ChatSurface.tsx(220,15): error TS7026: JSX element implicitly has type 'any' because no interface 'JSX.IntrinsicElements' exists.
vendor/pi-desktop/apps/desktop/src/components/ChatSurface.tsx(228,15): error TS7026: JSX element implicitly has type 'any' because no interface 'JSX.IntrinsicElements' exists.
vendor/pi-desktop/apps/desktop/src/components/ChatSurface.tsx(230,13): error TS7026: JSX element implicitly has type 'any' because no interface 'JSX.IntrinsicElements' exists.
vendor/pi-desktop/apps/desktop/src/components/ChatSurface.tsx(237,13): error TS7026: JSX element implicitly has type 'any' because no interface 'JSX.IntrinsicElements' exists.
vendor/pi-desktop/apps/desktop/src/components/ChatSurface.tsx(238,11): error TS7026: JSX element implicitly has type 'any' because no interface 'JSX.IntrinsicElements' exists.
vendor/pi-desktop/apps/desktop/src/components/ChatSurface.tsx(239,9): error TS7026: JSX element implicitly has type 'any' because no interface 'JSX.IntrinsicElements' exists.
vendor/pi-desktop/apps/desktop/src/components/ChatSurface.tsx(241,5): error TS7026: JSX element implicitly has type 'any' because no interface 'JSX.IntrinsicElements' exists.
vendor/pi-desktop/apps/desktop/src/components/ChatTranscript.tsx(12,8): error TS7016: Could not find a declaration file for module 'react'. 'C:/cm-plan-next-20260910/vendor/pi-desktop/node_modules/.pnpm/react@19.2.8/node_modules/react/index.js' implicitly has an 'any' type.
  Try `npm i --save-dev @types/react` if it exists or add a new declaration (.d.ts) file containing `declare module 'react';`
vendor/pi-desktop/apps/desktop/src/components/ChatTranscript.tsx(155,5): error TS7026: JSX element implicitly has type 'any' because no interface 'JSX.IntrinsicElements' exists.
vendor/pi-desktop/apps/desktop/src/components/ChatTranscript.tsx(155,5): error TS7016: Could not find a declaration file for module 'react/jsx-runtime'. 'C:/cm-plan-next-20260910/vendor/pi-desktop/node_modules/.pnpm/react@19.2.8/node_modules/react/jsx-runtime.js' implicitly has an 'any' type.
  Try `npm i --save-dev @types/react` if it exists or add a new declaration (.d.ts) file containing `declare module 'react/jsx-runtime';`
vendor/pi-desktop/apps/desktop/src/components/ChatTranscript.tsx(163,20): error TS7026: JSX element implicitly has type 'any' because no interface 'JSX.IntrinsicElements' exists.
vendor/pi-desktop/apps/desktop/src/components/ChatTranscript.tsx(163,31): error TS7026: JSX element implicitly has type 'any' because no interface 'JSX.IntrinsicElements' exists.
vendor/pi-desktop/apps/desktop/src/components/ChatTranscript.tsx(164,5): error TS7026: JSX element implicitly has type 'any' because no interface 'JSX.IntrinsicElements' exists.
vendor/pi-desktop/apps/desktop/src/components/ChatTranscript.tsx(198,5): error TS7026: JSX element implicitly has type 'any' because no interface 'JSX.IntrinsicElements' exists.
vendor/pi-desktop/apps/desktop/src/components/ChatTranscript.tsx(200,9): error TS7026: JSX element implicitly has type 'any' because no interface 'JSX.IntrinsicElements' exists.
vendor/pi-desktop/apps/desktop/src/components/ChatTranscript.tsx(202,9): error TS7026: JSX element implicitly has type 'any' because no interface 'JSX.IntrinsicElements' exists.
vendor/pi-desktop/apps/desktop/src/components/ChatTranscript.tsx(205,9): error TS7026: JSX element implicitly has type 'any' because no interface 'JSX.IntrinsicElements' exists.
vendor/pi-desktop/apps/desktop/src/components/ChatTranscript.tsx(209,9): error TS7026: JSX element implicitly has type 'any' because no interface 'JSX.IntrinsicElements' exists.
vendor/pi-desktop/apps/desktop/src/components/ChatTranscript.tsx(211,5): error TS7026: JSX element implicitly has type 'any' because no interface 'JSX.IntrinsicElements' exists.
vendor/pi-desktop/apps/desktop/src/components/ChatTranscript.tsx(232,5): error TS7026: JSX element implicitly has type 'any' because no interface 'JSX.IntrinsicElements' exists.
vendor/pi-desktop/apps/desktop/src/components/ChatTranscript.tsx(233,7): error TS7026: JSX element implicitly has type 'any' because no interface 'JSX.IntrinsicElements' exists.
vendor/pi-desktop/apps/desktop/src/components/ChatTranscript.tsx(234,9): error TS7026: JSX element implicitly has type 'any' because no interface 'JSX.IntrinsicElements' exists.
vendor/pi-desktop/apps/desktop/src/components/ChatTranscript.tsx(236,9): error TS7026: JSX element implicitly has type 'any' because no interface 'JSX.IntrinsicElements' exists.
vendor/pi-desktop/apps/desktop/src/components/ChatTranscript.tsx(237,9): error TS7026: JSX element implicitly has type 'any' because no interface 'JSX.IntrinsicElements' exists.
vendor/pi-desktop/apps/desktop/src/components/ChatTranscript.tsx(238,11): error TS7026: JSX element implicitly has type 'any' because no interface 'JSX.IntrinsicElements' exists.
vendor/pi-desktop/apps/desktop/src/components/ChatTranscript.tsx(238,28): error TS7026: JSX element implicitly has type 'any' because no interface 'JSX.IntrinsicElements' exists.
vendor/pi-desktop/apps/desktop/src/components/ChatTranscript.tsx(239,11): error TS7026: JSX element implicitly has type 'any' because no interface 'JSX.IntrinsicElements' exists.
vendor/pi-desktop/apps/desktop/src/components/ChatTranscript.tsx(239,29): error TS7026: JSX element implicitly has type 'any' because no interface 'JSX.IntrinsicElements' exists.
vendor/pi-desktop/apps/desktop/src/components/ChatTranscript.tsx(240,9): error TS7026: JSX element implicitly has type 'any' because no interface 'JSX.IntrinsicElements' exists.
vendor/pi-desktop/apps/desktop/src/components/ChatTranscript.tsx(241,9): error TS7026: JSX element implicitly has type 'any' because no interface 'JSX.IntrinsicElements' exists.
vendor/pi-desktop/apps/desktop/src/components/ChatTranscript.tsx(242,11): error TS7026: JSX element implicitly has type 'any' because no interface 'JSX.IntrinsicElements' exists.
vendor/pi-desktop/apps/desktop/src/components/ChatTranscript.tsx(247,37): error TS7006: Parameter 'value' implicitly has an 'any' type.
vendor/pi-desktop/apps/desktop/src/components/ChatTranscript.tsx(251,11): error TS7026: JSX element implicitly has type 'any' because no interface 'JSX.IntrinsicElements' exists.
vendor/pi-desktop/apps/desktop/src/components/ChatTranscript.tsx(252,26): error TS7026: JSX element implicitly has type 'any' because no interface 'JSX.IntrinsicElements' exists.
vendor/pi-desktop/apps/desktop/src/components/ChatTranscript.tsx(262,11): error TS7026: JSX element implicitly has type 'any' because no interface 'JSX.IntrinsicElements' exists.
vendor/pi-desktop/apps/desktop/src/components/ChatTranscript.tsx(264,13): error TS7026: JSX element implicitly has type 'any' because no interface 'JSX.IntrinsicElements' exists.
vendor/pi-desktop/apps/desktop/src/components/ChatTranscript.tsx(273,13): error TS7026: JSX element implicitly has type 'any' because no interface 'JSX.IntrinsicElements' exists.
vendor/pi-desktop/apps/desktop/src/components/ChatTranscript.tsx(275,9): error TS7026: JSX element implicitly has type 'any' because no interface 'JSX.IntrinsicElements' exists.
vendor/pi-desktop/apps/desktop/src/components/ChatTranscript.tsx(276,7): error TS7026: JSX element implicitly has type 'any' because no interface 'JSX.IntrinsicElements' exists.
vendor/pi-desktop/apps/desktop/src/components/ChatTranscript.tsx(277,7): error TS7026: JSX element implicitly has type 'any' because no interface 'JSX.IntrinsicElements' exists.
vendor/pi-desktop/apps/desktop/src/components/ChatTranscript.tsx(282,9): error TS7026: JSX element implicitly has type 'any' because no interface 'JSX.IntrinsicElements' exists.
vendor/pi-desktop/apps/desktop/src/components/ChatTranscript.tsx(285,15): error TS7026: JSX element implicitly has type 'any' because no interface 'JSX.IntrinsicElements' exists.
vendor/pi-desktop/apps/desktop/src/components/ChatTranscript.tsx(285,44): error TS7026: JSX element implicitly has type 'any' because no interface 'JSX.IntrinsicElements' exists.
vendor/pi-desktop/apps/desktop/src/components/ChatTranscript.tsx(286,15): error TS7026: JSX element implicitly has type 'any' because no interface 'JSX.IntrinsicElements' exists.
vendor/pi-desktop/apps/desktop/src/components/ChatTranscript.tsx(286,39): error TS7026: JSX element implicitly has type 'any' because no interface 'JSX.IntrinsicElements' exists.
vendor/pi-desktop/apps/desktop/src/components/ChatTranscript.tsx(291,15): error TS7026: JSX element implicitly has type 'any' because no interface 'JSX.IntrinsicElements' exists.
vendor/pi-desktop/apps/desktop/src/components/ChatTranscript.tsx(291,41): error TS7026: JSX element implicitly has type 'any' because no interface 'JSX.IntrinsicElements' exists.
vendor/pi-desktop/apps/desktop/src/components/ChatTranscript.tsx(292,15): error TS7026: JSX element implicitly has type 'any' because no interface 'JSX.IntrinsicElements' exists.
vendor/pi-desktop/apps/desktop/src/components/ChatTranscript.tsx(292,36): error TS7026: JSX element implicitly has type 'any' because no interface 'JSX.IntrinsicElements' exists.
vendor/pi-desktop/apps/desktop/src/components/ChatTranscript.tsx(295,9): error TS7026: JSX element implicitly has type 'any' because no interface 'JSX.IntrinsicElements' exists.
vendor/pi-desktop/apps/desktop/src/components/ChatTranscript.tsx(296,9): error TS7026: JSX element implicitly has type 'any' because no interface 'JSX.IntrinsicElements' exists.
vendor/pi-desktop/apps/desktop/src/components/ChatTranscript.tsx(297,11): error TS7026: JSX element implicitly has type 'any' because no interface 'JSX.IntrinsicElements' exists.
vendor/pi-desktop/apps/desktop/src/components/ChatTranscript.tsx(297,54): error TS7026: JSX element implicitly has type 'any' because no interface 'JSX.IntrinsicElements' exists.
vendor/pi-desktop/apps/desktop/src/components/ChatTranscript.tsx(299,9): error TS7026: JSX element implicitly has type 'any' because no interface 'JSX.IntrinsicElements' exists.
vendor/pi-desktop/apps/desktop/src/components/ChatTranscript.tsx(300,7): error TS7026: JSX element implicitly has type 'any' because no interface 'JSX.IntrinsicElements' exists.
vendor/pi-desktop/apps/desktop/src/components/ChatTranscript.tsx(301,5): error TS7026: JSX element implicitly has type 'any' because no interface 'JSX.IntrinsicElements' exists.
vendor/pi-desktop/apps/desktop/src/components/ChatTranscript.tsx(410,5): error TS7026: JSX element implicitly has type 'any' because no interface 'JSX.IntrinsicElements' exists.
vendor/pi-desktop/apps/desktop/src/components/ChatTranscript.tsx(417,7): error TS7026: JSX element implicitly has type 'any' because no interface 'JSX.IntrinsicElements' exists.
vendor/pi-desktop/apps/desktop/src/components/ChatTranscript.tsx(419,7): error TS7026: JSX element implicitly has type 'any' because no interface 'JSX.IntrinsicElements' exists.
vendor/pi-desktop/apps/desktop/src/components/ChatTranscript.tsx(420,7): error TS7026: JSX element implicitly has type 'any' because no interface 'JSX.IntrinsicElements' exists.
vendor/pi-desktop/apps/desktop/src/components/ChatTranscript.tsx(420,50): error TS7026: JSX element implicitly has type 'any' because no interface 'JSX.IntrinsicElements' exists.
vendor/pi-desktop/apps/desktop/src/components/ChatTranscript.tsx(421,5): error TS7026: JSX element implicitly has type 'any' because no interface 'JSX.IntrinsicElements' exists.
vendor/pi-desktop/apps/desktop/src/components/ChatTranscript.tsx(449,5): error TS7026: JSX element implicitly has type 'any' because no interface 'JSX.IntrinsicElements' exists.
vendor/pi-desktop/apps/desktop/src/components/ChatTranscript.tsx(458,7): error TS7026: JSX element implicitly has type 'any' because no interface 'JSX.IntrinsicElements' exists.
vendor/pi-desktop/apps/desktop/src/components/ChatTranscript.tsx(459,5): error TS7026: JSX element implicitly has type 'any' because no interface 'JSX.IntrinsicElements' exists.
vendor/pi-desktop/apps/desktop/src/components/ChatTranscript.tsx(472,22): error TS7006: Parameter 'segment' implicitly has an 'any' type.
vendor/pi-desktop/apps/desktop/src/components/ChatTranscript.tsx(472,31): error TS7006: Parameter 'index' implicitly has an 'any' type.
vendor/pi-desktop/apps/desktop/src/components/ChatTranscript.tsx(474,11): error TS7026: JSX element implicitly has type 'any' because no interface 'JSX.IntrinsicElements' exists.
vendor/pi-desktop/apps/desktop/src/components/ChatTranscript.tsx(474,43): error TS7026: JSX element implicitly has type 'any' because no interface 'JSX.IntrinsicElements' exists.
vendor/pi-desktop/apps/desktop/src/components/ChatTranscript.tsx(477,13): error TS2322: Type '{ key: any; name: any; path: any; onOpen: any; }' is not assignable to type '{ name: string; path: string; kind?: "image" | "file" | undefined; onOpen: (path: string) => void; }'.
  Property 'key' does not exist on type '{ name: string; path: string; kind?: "image" | "file" | undefined; onOpen: (path: string) => void; }'.
vendor/pi-desktop/apps/desktop/src/components/ChatTranscript.tsx(483,11): error TS7026: JSX element implicitly has type 'any' because no interface 'JSX.IntrinsicElements' exists.
vendor/pi-desktop/apps/desktop/src/components/ChatTranscript.tsx(491,11): error TS7026: JSX element implicitly has type 'any' because no interface 'JSX.IntrinsicElements' exists.
vendor/pi-desktop/apps/desktop/src/components/ChatTranscript.tsx(531,5): error TS7026: JSX element implicitly has type 'any' because no interface 'JSX.IntrinsicElements' exists.
vendor/pi-desktop/apps/desktop/src/components/ChatTranscript.tsx(538,5): error TS7026: JSX element implicitly has type 'any' because no interface 'JSX.IntrinsicElements' exists.
vendor/pi-desktop/apps/desktop/src/components/ChatTranscript.tsx(747,5): error TS7026: JSX element implicitly has type 'any' because no interface 'JSX.IntrinsicElements' exists.
vendor/pi-desktop/apps/desktop/src/components/ChatTranscript.tsx(755,9): error TS7026: JSX element implicitly has type 'any' because no interface 'JSX.IntrinsicElements' exists.
vendor/pi-desktop/apps/desktop/src/components/ChatTranscript.tsx(763,11): error TS7026: JSX element implicitly has type 'any' because no interface 'JSX.IntrinsicElements' exists.
vendor/pi-desktop/apps/desktop/src/components/ChatTranscript.tsx(765,13): error TS7026: JSX element implicitly has type 'any' because no interface 'JSX.IntrinsicElements' exists.
vendor/pi-desktop/apps/desktop/src/components/ChatTranscript.tsx(771,17): error TS7026: JSX element implicitly has type 'any' because no interface 'JSX.IntrinsicElements' exists.
vendor/pi-desktop/apps/desktop/src/components/ChatTranscript.tsx(775,13): error TS7026: JSX element implicitly has type 'any' because no interface 'JSX.IntrinsicElements' exists.
vendor/pi-desktop/apps/desktop/src/components/ChatTranscript.tsx(776,11): error TS7026: JSX element implicitly has type 'any' because no interface 'JSX.IntrinsicElements' exists.
vendor/pi-desktop/apps/desktop/src/components/ChatTranscript.tsx(777,11): error TS7026: JSX element implicitly has type 'any' because no interface 'JSX.IntrinsicElements' exists.
vendor/pi-desktop/apps/desktop/src/components/ChatTranscript.tsx(778,13): error TS7026: JSX element implicitly has type 'any' because no interface 'JSX.IntrinsicElements' exists.
vendor/pi-desktop/apps/desktop/src/components/ChatTranscript.tsx(779,15): error TS7026: JSX element implicitly has type 'any' because no interface 'JSX.IntrinsicElements' exists.
vendor/pi-desktop/apps/desktop/src/components/ChatTranscript.tsx(781,15): error TS7026: JSX element implicitly has type 'any' because no interface 'JSX.IntrinsicElements' exists.
vendor/pi-desktop/apps/desktop/src/components/ChatTranscript.tsx(783,17): error TS7026: JSX element implicitly has type 'any' because no interface 'JSX.IntrinsicElements' exists.
vendor/pi-desktop/apps/desktop/src/components/ChatTranscript.tsx(785,17): error TS7026: JSX element implicitly has type 'any' because no interface 'JSX.IntrinsicElements' exists.
vendor/pi-desktop/apps/desktop/src/components/ChatTranscript.tsx(787,15): error TS7026: JSX element implicitly has type 'any' because no interface 'JSX.IntrinsicElements' exists.
vendor/pi-desktop/apps/desktop/src/components/ChatTranscript.tsx(790,15): error TS7026: JSX element implicitly has type 'any' because no interface 'JSX.IntrinsicElements' exists.
vendor/pi-desktop/apps/desktop/src/components/ChatTranscript.tsx(791,13): error TS7026: JSX element implicitly has type 'any' because no interface 'JSX.IntrinsicElements' exists.
vendor/pi-desktop/apps/desktop/src/components/ChatTranscript.tsx(793,15): error TS7026: JSX element implicitly has type 'any' because no interface 'JSX.IntrinsicElements' exists.
vendor/pi-desktop/apps/desktop/src/components/ChatTranscript.tsx(793,73): error TS7026: JSX element implicitly has type 'any' because no interface 'JSX.IntrinsicElements' exists.
vendor/pi-desktop/apps/desktop/src/components/ChatTranscript.tsx(796,15): error TS7026: JSX element implicitly has type 'any' because no interface 'JSX.IntrinsicElements' exists.
vendor/pi-desktop/apps/desktop/src/components/ChatTranscript.tsx(798,15): error TS7026: JSX element implicitly has type 'any' because no interface 'JSX.IntrinsicElements' exists.
vendor/pi-desktop/apps/desktop/src/components/ChatTranscript.tsx(800,11): error TS7026: JSX element implicitly has type 'any' because no interface 'JSX.IntrinsicElements' exists.
vendor/pi-desktop/apps/desktop/src/components/ChatTranscript.tsx(802,13): error TS7026: JSX element implicitly has type 'any' because no interface 'JSX.IntrinsicElements' exists.
vendor/pi-desktop/apps/desktop/src/components/ChatTranscript.tsx(805,13): error TS7026: JSX element implicitly has type 'any' because no interface 'JSX.IntrinsicElements' exists.
vendor/pi-desktop/apps/desktop/src/components/ChatTranscript.tsx(807,13): error TS7026: JSX element implicitly has type 'any' because no interface 'JSX.IntrinsicElements' exists.
vendor/pi-desktop/apps/desktop/src/components/ChatTranscript.tsx(809,9): error TS7026: JSX element implicitly has type 'any' because no interface 'JSX.IntrinsicElements' exists.
vendor/pi-desktop/apps/desktop/src/components/ChatTranscript.tsx(811,9): error TS7026: JSX element implicitly has type 'any' because no interface 'JSX.IntrinsicElements' exists.
vendor/pi-desktop/apps/desktop/src/components/ChatTranscript.tsx(812,11): error TS7026: JSX element implicitly has type 'any' because no interface 'JSX.IntrinsicElements' exists.
vendor/pi-desktop/apps/desktop/src/components/ChatTranscript.tsx(818,51): error TS7006: Parameter 'value' implicitly has an 'any' type.
vendor/pi-desktop/apps/desktop/src/components/ChatTranscript.tsx(820,13): error TS7026: JSX element implicitly has type 'any' because no interface 'JSX.IntrinsicElements' exists.
vendor/pi-desktop/apps/desktop/src/components/ChatTranscript.tsx(824,13): error TS7026: JSX element implicitly has type 'any' because no interface 'JSX.IntrinsicElements' exists.
vendor/pi-desktop/apps/desktop/src/components/ChatTranscript.tsx(825,13): error TS7026: JSX element implicitly has type 'any' because no interface 'JSX.IntrinsicElements' exists.
vendor/pi-desktop/apps/desktop/src/components/ChatTranscript.tsx(835,13): error TS7026: JSX element implicitly has type 'any' because no interface 'JSX.IntrinsicElements' exists.
vendor/pi-desktop/apps/desktop/src/components/ChatTranscript.tsx(837,15): error TS7026: JSX element implicitly has type 'any' because no interface 'JSX.IntrinsicElements' exists.
vendor/pi-desktop/apps/desktop/src/components/ChatTranscript.tsx(839,15): error TS7026: JSX element implicitly has type 'any' because no interface 'JSX.IntrinsicElements' exists.
vendor/pi-desktop/apps/desktop/src/components/ChatTranscript.tsx(842,15): error TS7026: JSX element implicitly has type 'any' because no interface 'JSX.IntrinsicElements' exists.
vendor/pi-desktop/apps/desktop/src/components/ChatTranscript.tsx(844,15): error TS7026: JSX element implicitly has type 'any' because no interface 'JSX.IntrinsicElements' exists.
vendor/pi-desktop/apps/desktop/src/components/ChatTranscript.tsx(847,15): error TS7026: JSX element implicitly has type 'any' because no interface 'JSX.IntrinsicElements' exists.
vendor/pi-desktop/apps/desktop/src/components/ChatTranscript.tsx(858,24): error TS7006: Parameter 'e' implicitly has an 'any' type.
vendor/pi-desktop/apps/desktop/src/components/ChatTranscript.tsx(867,15): error TS7026: JSX element implicitly has type 'any' because no interface 'JSX.IntrinsicElements' exists.
vendor/pi-desktop/apps/desktop/src/components/ChatTranscript.tsx(871,15): error TS7026: JSX element implicitly has type 'any' because no interface 'JSX.IntrinsicElements' exists.
vendor/pi-desktop/apps/desktop/src/components/ChatTranscript.tsx(876,17): error TS7026: JSX element implicitly has type 'any' because no interface 'JSX.IntrinsicElements' exists.
vendor/pi-desktop/apps/desktop/src/components/ChatTranscript.tsx(878,15): error TS7026: JSX element implicitly has type 'any' because no interface 'JSX.IntrinsicElements' exists.
vendor/pi-desktop/apps/desktop/src/components/ChatTranscript.tsx(880,15): error TS7026: JSX element implicitly has type 'any' because no interface 'JSX.IntrinsicElements' exists.
vendor/pi-desktop/apps/desktop/src/components/ChatTranscript.tsx(882,15): error TS7026: JSX element implicitly has type 'any' because no interface 'JSX.IntrinsicElements' exists.
vendor/pi-desktop/apps/desktop/src/components/ChatTranscript.tsx(888,15): error TS7026: JSX element implicitly has type 'any' because no interface 'JSX.IntrinsicElements' exists.
vendor/pi-desktop/apps/desktop/src/components/ChatTranscript.tsx(890,15): error TS7026: JSX element implicitly has type 'any' because no interface 'JSX.IntrinsicElements' exists.
vendor/pi-desktop/apps/desktop/src/components/ChatTranscript.tsx(890,71): error TS7026: JSX element implicitly has type 'any' because no interface 'JSX.IntrinsicElements' exists.
vendor/pi-desktop/apps/desktop/src/components/ChatTranscript.tsx(893,15): error TS7026: JSX element implicitly has type 'any' because no interface 'JSX.IntrinsicElements' exists.
vendor/pi-desktop/apps/desktop/src/components/ChatTranscript.tsx(895,15): error TS7026: JSX element implicitly has type 'any' because no interface 'JSX.IntrinsicElements' exists.
vendor/pi-desktop/apps/desktop/src/components/ChatTranscript.tsx(898,15): error TS7026: JSX element implicitly has type 'any' because no interface 'JSX.IntrinsicElements' exists.
vendor/pi-desktop/apps/desktop/src/components/ChatTranscript.tsx(900,15): error TS7026: JSX element implicitly has type 'any' because no interface 'JSX.IntrinsicElements' exists.
vendor/pi-desktop/apps/desktop/src/components/ChatTranscript.tsx(902,11): error TS7026: JSX element implicitly has type 'any' because no interface 'JSX.IntrinsicElements' exists.
vendor/pi-desktop/apps/desktop/src/components/ChatTranscript.tsx(907,13): error TS7026: JSX element implicitly has type 'any' because no interface 'JSX.IntrinsicElements' exists.
vendor/pi-desktop/apps/desktop/src/components/ChatTranscript.tsx(911,39): error TS7006: Parameter 'value' implicitly has an 'any' type.
vendor/pi-desktop/apps/desktop/src/components/ChatTranscript.tsx(914,13): error TS7026: JSX element implicitly has type 'any' because no interface 'JSX.IntrinsicElements' exists.
vendor/pi-desktop/apps/desktop/src/components/ChatTranscript.tsx(916,9): error TS7026: JSX element implicitly has type 'any' because no interface 'JSX.IntrinsicElements' exists.
vendor/pi-desktop/apps/desktop/src/components/ChatTranscript.tsx(919,9): error TS7026: JSX element implicitly has type 'any' because no interface 'JSX.IntrinsicElements' exists.
vendor/pi-desktop/apps/desktop/src/components/ChatTranscript.tsx(921,9): error TS7026: JSX element implicitly has type 'any' because no interface 'JSX.IntrinsicElements' exists.
vendor/pi-desktop/apps/desktop/src/components/ChatTranscript.tsx(924,9): error TS7026: JSX element implicitly has type 'any' because no interface 'JSX.IntrinsicElements' exists.
vendor/pi-desktop/apps/desktop/src/components/ChatTranscript.tsx(930,9): error TS7026: JSX element implicitly has type 'any' because no interface 'JSX.IntrinsicElements' exists.
vendor/pi-desktop/apps/desktop/src/components/ChatTranscript.tsx(939,5): error TS7026: JSX element implicitly has type 'any' because no interface 'JSX.IntrinsicElements' exists.
vendor/pi-desktop/apps/desktop/src/components/ChatTranscript.tsx(970,5): error TS7026: JSX element implicitly has type 'any' because no interface 'JSX.IntrinsicElements' exists.
vendor/pi-desktop/apps/desktop/src/components/ChatTranscript.tsx(977,7): error TS7026: JSX element implicitly has type 'any' because no interface 'JSX.IntrinsicElements' exists.
vendor/pi-desktop/apps/desktop/src/components/ChatTranscript.tsx(982,9): error TS7026: JSX element implicitly has type 'any' because no interface 'JSX.IntrinsicElements' exists.
vendor/pi-desktop/apps/desktop/src/components/ChatTranscript.tsx(988,9): error TS7026: JSX element implicitly has type 'any' because no interface 'JSX.IntrinsicElements' exists.
vendor/pi-desktop/apps/desktop/src/components/ChatTranscript.tsx(989,9): error TS7026: JSX element implicitly has type 'any' because no interface 'JSX.IntrinsicElements' exists.
vendor/pi-desktop/apps/desktop/src/components/ChatTranscript.tsx(991,9): error TS7026: JSX element implicitly has type 'any' because no interface 'JSX.IntrinsicElements' exists.
vendor/pi-desktop/apps/desktop/src/components/ChatTranscript.tsx(992,7): error TS7026: JSX element implicitly has type 'any' because no interface 'JSX.IntrinsicElements' exists.
vendor/pi-desktop/apps/desktop/src/components/ChatTranscript.tsx(998,5): error TS7026: JSX element implicitly has type 'any' because no interface 'JSX.IntrinsicElements' exists.
vendor/pi-desktop/apps/desktop/src/components/ChatTranscript.tsx(1032,5): error TS7026: JSX element implicitly has type 'any' because no interface 'JSX.IntrinsicElements' exists.
vendor/pi-desktop/apps/desktop/src/components/ChatTranscript.tsx(1037,7): error TS7026: JSX element implicitly has type 'any' because no interface 'JSX.IntrinsicElements' exists.
vendor/pi-desktop/apps/desktop/src/components/ChatTranscript.tsx(1045,9): error TS7026: JSX element implicitly has type 'any' because no interface 'JSX.IntrinsicElements' exists.
vendor/pi-desktop/apps/desktop/src/components/ChatTranscript.tsx(1054,17): error TS2322: Type '{ key: string; message: UiMessage; streaming: boolean; }' is not assignable to type '{ message: UiMessage; streaming: boolean; }'.
  Property 'key' does not exist on type '{ message: UiMessage; streaming: boolean; }'.
vendor/pi-desktop/apps/desktop/src/components/ChatTranscript.tsx(1059,15): error TS7026: JSX element implicitly has type 'any' because no interface 'JSX.IntrinsicElements' exists.
vendor/pi-desktop/apps/desktop/src/components/ChatTranscript.tsx(1061,19): error TS7026: JSX element implicitly has type 'any' because no interface 'JSX.IntrinsicElements' exists.
vendor/pi-desktop/apps/desktop/src/components/ChatTranscript.tsx(1063,19): error TS7026: JSX element implicitly has type 'any' because no interface 'JSX.IntrinsicElements' exists.
vendor/pi-desktop/apps/desktop/src/components/ChatTranscript.tsx(1068,15): error TS7026: JSX element implicitly has type 'any' because no interface 'JSX.IntrinsicElements' exists.
vendor/pi-desktop/apps/desktop/src/components/ChatTranscript.tsx(1071,9): error TS7026: JSX element implicitly has type 'any' because no interface 'JSX.IntrinsicElements' exists.
vendor/pi-desktop/apps/desktop/src/components/ChatTranscript.tsx(1072,7): error TS7026: JSX element implicitly has type 'any' because no interface 'JSX.IntrinsicElements' exists.
vendor/pi-desktop/apps/desktop/src/components/ChatTranscript.tsx(1074,9): error TS7026: JSX element implicitly has type 'any' because no interface 'JSX.IntrinsicElements' exists.
vendor/pi-desktop/apps/desktop/src/components/ChatTranscript.tsx(1082,9): error TS7026: JSX element implicitly has type 'any' because no interface 'JSX.IntrinsicElements' exists.
vendor/pi-desktop/apps/desktop/src/components/ChatTranscript.tsx(1084,5): error TS7026: JSX element implicitly has type 'any' because no interface 'JSX.IntrinsicElements' exists.
vendor/pi-desktop/apps/desktop/src/components/ChatTranscript.tsx(1158,24): error TS7006: Parameter 'current' implicitly has an 'any' type.
vendor/pi-desktop/apps/desktop/src/components/ChatTranscript.tsx(1174,5): error TS7026: JSX element implicitly has type 'any' because no interface 'JSX.IntrinsicElements' exists.
vendor/pi-desktop/apps/desktop/src/components/ChatTranscript.tsx(1175,7): error TS7026: JSX element implicitly has type 'any' because no interface 'JSX.IntrinsicElements' exists.
vendor/pi-desktop/apps/desktop/src/components/ChatTranscript.tsx(1176,9): error TS7026: JSX element implicitly has type 'any' because no interface 'JSX.IntrinsicElements' exists.
vendor/pi-desktop/apps/desktop/src/components/ChatTranscript.tsx(1177,11): error TS7026: JSX element implicitly has type 'any' because no interface 'JSX.IntrinsicElements' exists.
vendor/pi-desktop/apps/desktop/src/components/ChatTranscript.tsx(1179,13): error TS7026: JSX element implicitly has type 'any' because no interface 'JSX.IntrinsicElements' exists.
vendor/pi-desktop/apps/desktop/src/components/ChatTranscript.tsx(1180,11): error TS7026: JSX element implicitly has type 'any' because no interface 'JSX.IntrinsicElements' exists.
vendor/pi-desktop/apps/desktop/src/components/ChatTranscript.tsx(1181,11): error TS7026: JSX element implicitly has type 'any' because no interface 'JSX.IntrinsicElements' exists.
vendor/pi-desktop/apps/desktop/src/components/ChatTranscript.tsx(1182,13): error TS7026: JSX element implicitly has type 'any' because no interface 'JSX.IntrinsicElements' exists.
vendor/pi-desktop/apps/desktop/src/components/ChatTranscript.tsx(1184,13): error TS7026: JSX element implicitly has type 'any' because no interface 'JSX.IntrinsicElements' exists.
vendor/pi-desktop/apps/desktop/src/components/ChatTranscript.tsx(1186,15): error TS7026: JSX element implicitly has type 'any' because no interface 'JSX.IntrinsicElements' exists.
vendor/pi-desktop/apps/desktop/src/components/ChatTranscript.tsx(1188,15): error TS7026: JSX element implicitly has type 'any' because no interface 'JSX.IntrinsicElements' exists.
vendor/pi-desktop/apps/desktop/src/components/ChatTranscript.tsx(1190,11): error TS7026: JSX element implicitly has type 'any' because no interface 'JSX.IntrinsicElements' exists.
vendor/pi-desktop/apps/desktop/src/components/ChatTranscript.tsx(1191,9): error TS7026: JSX element implicitly has type 'any' because no interface 'JSX.IntrinsicElements' exists.
vendor/pi-desktop/apps/desktop/src/components/ChatTranscript.tsx(1192,9): error TS7026: JSX element implicitly has type 'any' because no interface 'JSX.IntrinsicElements' exists.
vendor/pi-desktop/apps/desktop/src/components/ChatTranscript.tsx(1197,11): error TS7026: JSX element implicitly has type 'any' because no interface 'JSX.IntrinsicElements' exists.
vendor/pi-desktop/apps/desktop/src/components/ChatTranscript.tsx(1202,11): error TS7026: JSX element implicitly has type 'any' because no interface 'JSX.IntrinsicElements' exists.
vendor/pi-desktop/apps/desktop/src/components/ChatTranscript.tsx(1204,13): error TS7026: JSX element implicitly has type 'any' because no interface 'JSX.IntrinsicElements' exists.
vendor/pi-desktop/apps/desktop/src/components/ChatTranscript.tsx(1206,13): error TS7026: JSX element implicitly has type 'any' because no interface 'JSX.IntrinsicElements' exists.
vendor/pi-desktop/apps/desktop/src/components/ChatTranscript.tsx(1208,9): error TS7026: JSX element implicitly has type 'any' because no interface 'JSX.IntrinsicElements' exists.
vendor/pi-desktop/apps/desktop/src/components/ChatTranscript.tsx(1209,7): error TS7026: JSX element implicitly has type 'any' because no interface 'JSX.IntrinsicElements' exists.
vendor/pi-desktop/apps/desktop/src/components/ChatTranscript.tsx(1210,7): error TS7026: JSX element implicitly has type 'any' because no interface 'JSX.IntrinsicElements' exists.
vendor/pi-desktop/apps/desktop/src/components/ChatTranscript.tsx(1211,9): error TS7026: JSX element implicitly has type 'any' because no interface 'JSX.IntrinsicElements' exists.
vendor/pi-desktop/apps/desktop/src/components/ChatTranscript.tsx(1213,9): error TS7026: JSX element implicitly has type 'any' because no interface 'JSX.IntrinsicElements' exists.
vendor/pi-desktop/apps/desktop/src/components/ChatTranscript.tsx(1214,9): error TS7026: JSX element implicitly has type 'any' because no interface 'JSX.IntrinsicElements' exists.
vendor/pi-desktop/apps/desktop/src/components/ChatTranscript.tsx(1215,11): error TS7026: JSX element implicitly has type 'any' because no interface 'JSX.IntrinsicElements' exists.
vendor/pi-desktop/apps/desktop/src/components/ChatTranscript.tsx(1223,11): error TS7026: JSX element implicitly has type 'any' because no interface 'JSX.IntrinsicElements' exists.
vendor/pi-desktop/apps/desktop/src/components/ChatTranscript.tsx(1225,13): error TS7026: JSX element implicitly has type 'any' because no interface 'JSX.IntrinsicElements' exists.
vendor/pi-desktop/apps/desktop/src/components/ChatTranscript.tsx(1230,47): error TS7006: Parameter 'expanded' implicitly has an 'any' type.
vendor/pi-desktop/apps/desktop/src/components/ChatTranscript.tsx(1232,15): error TS7026: JSX element implicitly has type 'any' because no interface 'JSX.IntrinsicElements' exists.
vendor/pi-desktop/apps/desktop/src/components/ChatTranscript.tsx(1236,15): error TS7026: JSX element implicitly has type 'any' because no interface 'JSX.IntrinsicElements' exists.
vendor/pi-desktop/apps/desktop/src/components/ChatTranscript.tsx(1238,13): error TS7026: JSX element implicitly has type 'any' because no interface 'JSX.IntrinsicElements' exists.
vendor/pi-desktop/apps/desktop/src/components/ChatTranscript.tsx(1240,9): error TS7026: JSX element implicitly has type 'any' because no interface 'JSX.IntrinsicElements' exists.
vendor/pi-desktop/apps/desktop/src/components/ChatTranscript.tsx(1241,7): error TS7026: JSX element implicitly has type 'any' because no interface 'JSX.IntrinsicElements' exists.
vendor/pi-desktop/apps/desktop/src/components/ChatTranscript.tsx(1250,5): error TS7026: JSX element implicitly has type 'any' because no interface 'JSX.IntrinsicElements' exists.
vendor/pi-desktop/apps/desktop/src/components/ChatTranscript.tsx(1274,5): error TS7026: JSX element implicitly has type 'any' because no interface 'JSX.IntrinsicElements' exists.
vendor/pi-desktop/apps/desktop/src/components/ChatTranscript.tsx(1275,7): error TS7026: JSX element implicitly has type 'any' because no interface 'JSX.IntrinsicElements' exists.
vendor/pi-desktop/apps/desktop/src/components/ChatTranscript.tsx(1276,9): error TS7026: JSX element implicitly has type 'any' because no interface 'JSX.IntrinsicElements' exists.
vendor/pi-desktop/apps/desktop/src/components/ChatTranscript.tsx(1278,9): error TS7026: JSX element implicitly has type 'any' because no interface 'JSX.IntrinsicElements' exists.
vendor/pi-desktop/apps/desktop/src/components/ChatTranscript.tsx(1279,9): error TS7026: JSX element implicitly has type 'any' because no interface 'JSX.IntrinsicElements' exists.
vendor/pi-desktop/apps/desktop/src/components/ChatTranscript.tsx(1280,11): error TS7026: JSX element implicitly has type 'any' because no interface 'JSX.IntrinsicElements' exists.
vendor/pi-desktop/apps/desktop/src/components/ChatTranscript.tsx(1280,63): error TS7026: JSX element implicitly has type 'any' because no interface 'JSX.IntrinsicElements' exists.
vendor/pi-desktop/apps/desktop/src/components/ChatTranscript.tsx(1281,11): error TS7026: JSX element implicitly has type 'any' because no interface 'JSX.IntrinsicElements' exists.
vendor/pi-desktop/apps/desktop/src/components/ChatTranscript.tsx(1283,11): error TS7026: JSX element implicitly has type 'any' because no interface 'JSX.IntrinsicElements' exists.
vendor/pi-desktop/apps/desktop/src/components/ChatTranscript.tsx(1284,9): error TS7026: JSX element implicitly has type 'any' because no interface 'JSX.IntrinsicElements' exists.
vendor/pi-desktop/apps/desktop/src/components/ChatTranscript.tsx(1285,7): error TS7026: JSX element implicitly has type 'any' because no interface 'JSX.IntrinsicElements' exists.
vendor/pi-desktop/apps/desktop/src/components/ChatTranscript.tsx(1286,7): error TS7026: JSX element implicitly has type 'any' because no interface 'JSX.IntrinsicElements' exists.
vendor/pi-desktop/apps/desktop/src/components/ChatTranscript.tsx(1287,7): error TS7026: JSX element implicitly has type 'any' because no interface 'JSX.IntrinsicElements' exists.
vendor/pi-desktop/apps/desktop/src/components/ChatTranscript.tsx(1302,7): error TS7026: JSX element implicitly has type 'any' because no interface 'JSX.IntrinsicElements' exists.
vendor/pi-desktop/apps/desktop/src/components/ChatTranscript.tsx(1303,5): error TS7026: JSX element implicitly has type 'any' because no interface 'JSX.IntrinsicElements' exists.
vendor/pi-desktop/apps/desktop/src/components/ChatTranscript.tsx(1346,5): error TS7026: JSX element implicitly has type 'any' because no interface 'JSX.IntrinsicElements' exists.
vendor/pi-desktop/apps/desktop/src/components/ChatTranscript.tsx(1370,5): error TS7026: JSX element implicitly has type 'any' because no interface 'JSX.IntrinsicElements' exists.
vendor/pi-desktop/apps/desktop/src/components/ChatTranscript.tsx(1371,7): error TS7026: JSX element implicitly has type 'any' because no interface 'JSX.IntrinsicElements' exists.
vendor/pi-desktop/apps/desktop/src/components/ChatTranscript.tsx(1376,33): error TS7006: Parameter 'value' implicitly has an 'any' type.
vendor/pi-desktop/apps/desktop/src/components/ChatTranscript.tsx(1378,9): error TS7026: JSX element implicitly has type 'any' because no interface 'JSX.IntrinsicElements' exists.
vendor/pi-desktop/apps/desktop/src/components/ChatTranscript.tsx(1380,9): error TS7026: JSX element implicitly has type 'any' because no interface 'JSX.IntrinsicElements' exists.
vendor/pi-desktop/apps/desktop/src/components/ChatTranscript.tsx(1381,9): error TS7026: JSX element implicitly has type 'any' because no interface 'JSX.IntrinsicElements' exists.
vendor/pi-desktop/apps/desktop/src/components/ChatTranscript.tsx(1383,9): error TS7026: JSX element implicitly has type 'any' because no interface 'JSX.IntrinsicElements' exists.
vendor/pi-desktop/apps/desktop/src/components/ChatTranscript.tsx(1384,9): error TS7026: JSX element implicitly has type 'any' because no interface 'JSX.IntrinsicElements' exists.
vendor/pi-desktop/apps/desktop/src/components/ChatTranscript.tsx(1384,53): error TS7026: JSX element implicitly has type 'any' because no interface 'JSX.IntrinsicElements' exists.
vendor/pi-desktop/apps/desktop/src/components/ChatTranscript.tsx(1385,9): error TS7026: JSX element implicitly has type 'any' because no interface 'JSX.IntrinsicElements' exists.
vendor/pi-desktop/apps/desktop/src/components/ChatTranscript.tsx(1387,9): error TS7026: JSX element implicitly has type 'any' because no interface 'JSX.IntrinsicElements' exists.
vendor/pi-desktop/apps/desktop/src/components/ChatTranscript.tsx(1388,7): error TS7026: JSX element implicitly has type 'any' because no interface 'JSX.IntrinsicElements' exists.
vendor/pi-desktop/apps/desktop/src/components/ChatTranscript.tsx(1390,9): error TS7026: JSX element implicitly has type 'any' because no interface 'JSX.IntrinsicElements' exists.
vendor/pi-desktop/apps/desktop/src/components/ChatTranscript.tsx(1395,11): error TS7026: JSX element implicitly has type 'any' because no interface 'JSX.IntrinsicElements' exists.
vendor/pi-desktop/apps/desktop/src/components/ChatTranscript.tsx(1397,11): error TS7026: JSX element implicitly has type 'any' because no interface 'JSX.IntrinsicElements' exists.
vendor/pi-desktop/apps/desktop/src/components/ChatTranscript.tsx(1398,9): error TS7026: JSX element implicitly has type 'any' because no interface 'JSX.IntrinsicElements' exists.
vendor/pi-desktop/apps/desktop/src/components/ChatTranscript.tsx(1400,5): error TS7026: JSX element implicitly has type 'any' because no interface 'JSX.IntrinsicElements' exists.
vendor/pi-desktop/apps/desktop/src/components/ChatTranscript.tsx(1563,13): error TS2322: Type '{ key: string; items: { kind: "tool"; message: UiMessage; delegate?: SubagentRun | undefined; }[]; delegationStatuses: ReadonlyMap<string, SubagentOutcome>; delegationTimings: ReadonlyMap<...>; }' is not assignable to type '{ items: { kind: "tool"; message: UiMessage; delegate?: SubagentRun | undefined; }[]; delegationStatuses?: ReadonlyMap<string, SubagentOutcome> | undefined; delegationTimings?: ReadonlyMap<...> | undefined; }'.
  Property 'key' does not exist on type '{ items: { kind: "tool"; message: UiMessage; delegate?: SubagentRun | undefined; }[]; delegationStatuses?: ReadonlyMap<string, SubagentOutcome> | undefined; delegationTimings?: ReadonlyMap<...> | undefined; }'.
vendor/pi-desktop/apps/desktop/src/components/ChatTranscript.tsx(1580,11): error TS2322: Type '{ key: string; message: UiMessage; streaming: boolean; }' is not assignable to type '{ message: UiMessage; streaming: boolean; }'.
  Property 'key' does not exist on type '{ message: UiMessage; streaming: boolean; }'.
vendor/pi-desktop/apps/desktop/src/components/ChatTranscript.tsx(1589,5): error TS7026: JSX element implicitly has type 'any' because no interface 'JSX.IntrinsicElements' exists.
vendor/pi-desktop/apps/desktop/src/components/ChatTranscript.tsx(1596,7): error TS7026: JSX element implicitly has type 'any' because no interface 'JSX.IntrinsicElements' exists.
vendor/pi-desktop/apps/desktop/src/components/ChatTranscript.tsx(1600,33): error TS7006: Parameter 'value' implicitly has an 'any' type.
vendor/pi-desktop/apps/desktop/src/components/ChatTranscript.tsx(1602,9): error TS7026: JSX element implicitly has type 'any' because no interface 'JSX.IntrinsicElements' exists.
vendor/pi-desktop/apps/desktop/src/components/ChatTranscript.tsx(1608,9): error TS7026: JSX element implicitly has type 'any' because no interface 'JSX.IntrinsicElements' exists.
vendor/pi-desktop/apps/desktop/src/components/ChatTranscript.tsx(1609,9): error TS7026: JSX element implicitly has type 'any' because no interface 'JSX.IntrinsicElements' exists.
vendor/pi-desktop/apps/desktop/src/components/ChatTranscript.tsx(1611,9): error TS7026: JSX element implicitly has type 'any' because no interface 'JSX.IntrinsicElements' exists.
vendor/pi-desktop/apps/desktop/src/components/ChatTranscript.tsx(1613,11): error TS7026: JSX element implicitly has type 'any' because no interface 'JSX.IntrinsicElements' exists.
vendor/pi-desktop/apps/desktop/src/components/ChatTranscript.tsx(1615,13): error TS7026: JSX element implicitly has type 'any' because no interface 'JSX.IntrinsicElements' exists.
vendor/pi-desktop/apps/desktop/src/components/ChatTranscript.tsx(1615,34): error TS7026: JSX element implicitly has type 'any' because no interface 'JSX.IntrinsicElements' exists.
vendor/pi-desktop/apps/desktop/src/components/ChatTranscript.tsx(1620,13): error TS7026: JSX element implicitly has type 'any' because no interface 'JSX.IntrinsicElements' exists.
vendor/pi-desktop/apps/desktop/src/components/ChatTranscript.tsx(1620,34): error TS7026: JSX element implicitly has type 'any' because no interface 'JSX.IntrinsicElements' exists.
vendor/pi-desktop/apps/desktop/src/components/ChatTranscript.tsx(1622,11): error TS7026: JSX element implicitly has type 'any' because no interface 'JSX.IntrinsicElements' exists.
vendor/pi-desktop/apps/desktop/src/components/ChatTranscript.tsx(1624,11): error TS7026: JSX element implicitly has type 'any' because no interface 'JSX.IntrinsicElements' exists.
vendor/pi-desktop/apps/desktop/src/components/ChatTranscript.tsx(1626,11): error TS7026: JSX element implicitly has type 'any' because no interface 'JSX.IntrinsicElements' exists.
vendor/pi-desktop/apps/desktop/src/components/ChatTranscript.tsx(1628,9): error TS7026: JSX element implicitly has type 'any' because no interface 'JSX.IntrinsicElements' exists.
vendor/pi-desktop/apps/desktop/src/components/ChatTranscript.tsx(1630,9): error TS7026: JSX element implicitly has type 'any' because no interface 'JSX.IntrinsicElements' exists.
vendor/pi-desktop/apps/desktop/src/components/ChatTranscript.tsx(1631,7): error TS7026: JSX element implicitly has type 'any' because no interface 'JSX.IntrinsicElements' exists.
vendor/pi-desktop/apps/desktop/src/components/ChatTranscript.tsx(1633,9): error TS7026: JSX element implicitly has type 'any' because no interface 'JSX.IntrinsicElements' exists.
vendor/pi-desktop/apps/desktop/src/components/ChatTranscript.tsx(1635,9): error TS7026: JSX element implicitly has type 'any' because no interface 'JSX.IntrinsicElements' exists.
vendor/pi-desktop/apps/desktop/src/components/ChatTranscript.tsx(1637,7): error TS7026: JSX element implicitly has type 'any' because no interface 'JSX.IntrinsicElements' exists.
vendor/pi-desktop/apps/desktop/src/components/ChatTranscript.tsx(1642,9): error TS7026: JSX element implicitly has type 'any' because no interface 'JSX.IntrinsicElements' exists.
vendor/pi-desktop/apps/desktop/src/components/ChatTranscript.tsx(1643,11): error TS7026: JSX element implicitly has type 'any' because no interface 'JSX.IntrinsicElements' exists.
vendor/pi-desktop/apps/desktop/src/components/ChatTranscript.tsx(1649,11): error TS7026: JSX element implicitly has type 'any' because no interface 'JSX.IntrinsicElements' exists.
vendor/pi-desktop/apps/desktop/src/components/ChatTranscript.tsx(1650,9): error TS7026: JSX element implicitly has type 'any' because no interface 'JSX.IntrinsicElements' exists.
vendor/pi-desktop/apps/desktop/src/components/ChatTranscript.tsx(1651,7): error TS7026: JSX element implicitly has type 'any' because no interface 'JSX.IntrinsicElements' exists.
vendor/pi-desktop/apps/desktop/src/components/ChatTranscript.tsx(1652,5): error TS7026: JSX element implicitly has type 'any' because no interface 'JSX.IntrinsicElements' exists.
vendor/pi-desktop/apps/desktop/src/components/ChatTranscript.tsx(1673,5): error TS7026: JSX element implicitly has type 'any' because no interface 'JSX.IntrinsicElements' exists.
vendor/pi-desktop/apps/desktop/src/components/ChatTranscript.tsx(1679,7): error TS7026: JSX element implicitly has type 'any' because no interface 'JSX.IntrinsicElements' exists.
vendor/pi-desktop/apps/desktop/src/components/ChatTranscript.tsx(1680,9): error TS7026: JSX element implicitly has type 'any' because no interface 'JSX.IntrinsicElements' exists.
vendor/pi-desktop/apps/desktop/src/components/ChatTranscript.tsx(1681,9): error TS7026: JSX element implicitly has type 'any' because no interface 'JSX.IntrinsicElements' exists.
vendor/pi-desktop/apps/desktop/src/components/ChatTranscript.tsx(1682,9): error TS7026: JSX element implicitly has type 'any' because no interface 'JSX.IntrinsicElements' exists.
vendor/pi-desktop/apps/desktop/src/components/ChatTranscript.tsx(1683,7): error TS7026: JSX element implicitly has type 'any' because no interface 'JSX.IntrinsicElements' exists.
vendor/pi-desktop/apps/desktop/src/components/ChatTranscript.tsx(1684,7): error TS7026: JSX element implicitly has type 'any' because no interface 'JSX.IntrinsicElements' exists.
vendor/pi-desktop/apps/desktop/src/components/ChatTranscript.tsx(1684,68): error TS7026: JSX element implicitly has type 'any' because no interface 'JSX.IntrinsicElements' exists.
vendor/pi-desktop/apps/desktop/src/components/ChatTranscript.tsx(1686,9): error TS7026: JSX element implicitly has type 'any' because no interface 'JSX.IntrinsicElements' exists.
vendor/pi-desktop/apps/desktop/src/components/ChatTranscript.tsx(1688,9): error TS7026: JSX element implicitly has type 'any' because no interface 'JSX.IntrinsicElements' exists.
vendor/pi-desktop/apps/desktop/src/components/ChatTranscript.tsx(1690,5): error TS7026: JSX element implicitly has type 'any' because no interface 'JSX.IntrinsicElements' exists.
vendor/pi-desktop/apps/desktop/src/components/ChatTranscript.tsx(1730,5): error TS7026: JSX element implicitly has type 'any' because no interface 'JSX.IntrinsicElements' exists.
vendor/pi-desktop/apps/desktop/src/components/ChatTranscript.tsx(1736,7): error TS7026: JSX element implicitly has type 'any' because no interface 'JSX.IntrinsicElements' exists.
vendor/pi-desktop/apps/desktop/src/components/ChatTranscript.tsx(1736,56): error TS7026: JSX element implicitly has type 'any' because no interface 'JSX.IntrinsicElements' exists.
vendor/pi-desktop/apps/desktop/src/components/ChatTranscript.tsx(1737,7): error TS7026: JSX element implicitly has type 'any' because no interface 'JSX.IntrinsicElements' exists.
vendor/pi-desktop/apps/desktop/src/components/ChatTranscript.tsx(1742,9): error TS7026: JSX element implicitly has type 'any' because no interface 'JSX.IntrinsicElements' exists.
vendor/pi-desktop/apps/desktop/src/components/ChatTranscript.tsx(1743,11): error TS7026: JSX element implicitly has type 'any' because no interface 'JSX.IntrinsicElements' exists.
vendor/pi-desktop/apps/desktop/src/components/ChatTranscript.tsx(1745,11): error TS7026: JSX element implicitly has type 'any' because no interface 'JSX.IntrinsicElements' exists.
vendor/pi-desktop/apps/desktop/src/components/ChatTranscript.tsx(1746,11): error TS7026: JSX element implicitly has type 'any' because no interface 'JSX.IntrinsicElements' exists.
vendor/pi-desktop/apps/desktop/src/components/ChatTranscript.tsx(1747,13): error TS7026: JSX element implicitly has type 'any' because no interface 'JSX.IntrinsicElements' exists.
vendor/pi-desktop/apps/desktop/src/components/ChatTranscript.tsx(1747,40): error TS7026: JSX element implicitly has type 'any' because no interface 'JSX.IntrinsicElements' exists.
vendor/pi-desktop/apps/desktop/src/components/ChatTranscript.tsx(1748,13): error TS7026: JSX element implicitly has type 'any' because no interface 'JSX.IntrinsicElements' exists.
vendor/pi-desktop/apps/desktop/src/components/ChatTranscript.tsx(1753,13): error TS7026: JSX element implicitly has type 'any' because no interface 'JSX.IntrinsicElements' exists.
vendor/pi-desktop/apps/desktop/src/components/ChatTranscript.tsx(1754,11): error TS7026: JSX element implicitly has type 'any' because no interface 'JSX.IntrinsicElements' exists.
vendor/pi-desktop/apps/desktop/src/components/ChatTranscript.tsx(1755,9): error TS7026: JSX element implicitly has type 'any' because no interface 'JSX.IntrinsicElements' exists.
vendor/pi-desktop/apps/desktop/src/components/ChatTranscript.tsx(1756,9): error TS7026: JSX element implicitly has type 'any' because no interface 'JSX.IntrinsicElements' exists.
vendor/pi-desktop/apps/desktop/src/components/ChatTranscript.tsx(1758,9): error TS7026: JSX element implicitly has type 'any' because no interface 'JSX.IntrinsicElements' exists.
vendor/pi-desktop/apps/desktop/src/components/ChatTranscript.tsx(1759,7): error TS7026: JSX element implicitly has type 'any' because no interface 'JSX.IntrinsicElements' exists.
vendor/pi-desktop/apps/desktop/src/components/ChatTranscript.tsx(1760,5): error TS7026: JSX element implicitly has type 'any' because no interface 'JSX.IntrinsicElements' exists.
vendor/pi-desktop/apps/desktop/src/components/ChatTranscript.tsx(1762,5): error TS7026: JSX element implicitly has type 'any' because no interface 'JSX.IntrinsicElements' exists.
vendor/pi-desktop/apps/desktop/src/components/ChatTranscript.tsx(1762,54): error TS7026: JSX element implicitly has type 'any' because no interface 'JSX.IntrinsicElements' exists.
vendor/pi-desktop/apps/desktop/src/components/ChatTranscript.tsx(1766,5): error TS7026: JSX element implicitly has type 'any' because no interface 'JSX.IntrinsicElements' exists.
vendor/pi-desktop/apps/desktop/src/components/ChatTranscript.tsx(1773,7): error TS7026: JSX element implicitly has type 'any' because no interface 'JSX.IntrinsicElements' exists.
vendor/pi-desktop/apps/desktop/src/components/ChatTranscript.tsx(1774,9): error TS7026: JSX element implicitly has type 'any' because no interface 'JSX.IntrinsicElements' exists.
vendor/pi-desktop/apps/desktop/src/components/ChatTranscript.tsx(1775,9): error TS7026: JSX element implicitly has type 'any' because no interface 'JSX.IntrinsicElements' exists.
vendor/pi-desktop/apps/desktop/src/components/ChatTranscript.tsx(1776,9): error TS7026: JSX element implicitly has type 'any' because no interface 'JSX.IntrinsicElements' exists.
vendor/pi-desktop/apps/desktop/src/components/ChatTranscript.tsx(1777,7): error TS7026: JSX element implicitly has type 'any' because no interface 'JSX.IntrinsicElements' exists.
vendor/pi-desktop/apps/desktop/src/components/ChatTranscript.tsx(1779,7): error TS7026: JSX element implicitly has type 'any' because no interface 'JSX.IntrinsicElements' exists.
vendor/pi-desktop/apps/desktop/src/components/ChatTranscript.tsx(1781,7): error TS7026: JSX element implicitly has type 'any' because no interface 'JSX.IntrinsicElements' exists.
vendor/pi-desktop/apps/desktop/src/components/ChatTranscript.tsx(1782,5): error TS7026: JSX element implicitly has type 'any' because no interface 'JSX.IntrinsicElements' exists.
vendor/pi-desktop/apps/desktop/src/components/ChatTranscript.tsx(1789,5): error TS7026: JSX element implicitly has type 'any' because no interface 'JSX.IntrinsicElements' exists.
vendor/pi-desktop/apps/desktop/src/components/ChatTranscript.tsx(1796,7): error TS7026: JSX element implicitly has type 'any' because no interface 'JSX.IntrinsicElements' exists.
vendor/pi-desktop/apps/desktop/src/components/ChatTranscript.tsx(1797,9): error TS7026: JSX element implicitly has type 'any' because no interface 'JSX.IntrinsicElements' exists.
vendor/pi-desktop/apps/desktop/src/components/ChatTranscript.tsx(1798,9): error TS7026: JSX element implicitly has type 'any' because no interface 'JSX.IntrinsicElements' exists.
vendor/pi-desktop/apps/desktop/src/components/ChatTranscript.tsx(1799,9): error TS7026: JSX element implicitly has type 'any' because no interface 'JSX.IntrinsicElements' exists.
vendor/pi-desktop/apps/desktop/src/components/ChatTranscript.tsx(1800,7): error TS7026: JSX element implicitly has type 'any' because no interface 'JSX.IntrinsicElements' exists.
vendor/pi-desktop/apps/desktop/src/components/ChatTranscript.tsx(1801,7): error TS7026: JSX element implicitly has type 'any' because no interface 'JSX.IntrinsicElements' exists.
vendor/pi-desktop/apps/desktop/src/components/ChatTranscript.tsx(1801,36): error TS7026: JSX element implicitly has type 'any' because no interface 'JSX.IntrinsicElements' exists.
vendor/pi-desktop/apps/desktop/src/components/ChatTranscript.tsx(1802,5): error TS7026: JSX element implicitly has type 'any' because no interface 'JSX.IntrinsicElements' exists.
vendor/pi-desktop/apps/desktop/src/components/ChatTranscript.tsx(1859,5): error TS7026: JSX element implicitly has type 'any' because no interface 'JSX.IntrinsicElements' exists.
vendor/pi-desktop/apps/desktop/src/components/ChatTranscript.tsx(1865,7): error TS7026: JSX element implicitly has type 'any' because no interface 'JSX.IntrinsicElements' exists.
vendor/pi-desktop/apps/desktop/src/components/ChatTranscript.tsx(1867,11): error TS7026: JSX element implicitly has type 'any' because no interface 'JSX.IntrinsicElements' exists.
vendor/pi-desktop/apps/desktop/src/components/ChatTranscript.tsx(1869,15): error TS7026: JSX element implicitly has type 'any' because no interface 'JSX.IntrinsicElements' exists.
vendor/pi-desktop/apps/desktop/src/components/ChatTranscript.tsx(1870,17): error TS7026: JSX element implicitly has type 'any' because no interface 'JSX.IntrinsicElements' exists.
vendor/pi-desktop/apps/desktop/src/components/ChatTranscript.tsx(1880,30): error TS7006: Parameter 'event' implicitly has an 'any' type.
vendor/pi-desktop/apps/desktop/src/components/ChatTranscript.tsx(1881,31): error TS7006: Parameter 'event' implicitly has an 'any' type.
vendor/pi-desktop/apps/desktop/src/components/ChatTranscript.tsx(1890,17): error TS7026: JSX element implicitly has type 'any' because no interface 'JSX.IntrinsicElements' exists.
vendor/pi-desktop/apps/desktop/src/components/ChatTranscript.tsx(1891,19): error TS7026: JSX element implicitly has type 'any' because no interface 'JSX.IntrinsicElements' exists.
vendor/pi-desktop/apps/desktop/src/components/ChatTranscript.tsx(1898,19): error TS7026: JSX element implicitly has type 'any' because no interface 'JSX.IntrinsicElements' exists.
vendor/pi-desktop/apps/desktop/src/components/ChatTranscript.tsx(1899,19): error TS7026: JSX element implicitly has type 'any' because no interface 'JSX.IntrinsicElements' exists.
vendor/pi-desktop/apps/desktop/src/components/ChatTranscript.tsx(1906,19): error TS7026: JSX element implicitly has type 'any' because no interface 'JSX.IntrinsicElements' exists.
vendor/pi-desktop/apps/desktop/src/components/ChatTranscript.tsx(1907,17): error TS7026: JSX element implicitly has type 'any' because no interface 'JSX.IntrinsicElements' exists.
vendor/pi-desktop/apps/desktop/src/components/ChatTranscript.tsx(1908,15): error TS7026: JSX element implicitly has type 'any' because no interface 'JSX.IntrinsicElements' exists.
vendor/pi-desktop/apps/desktop/src/components/ChatTranscript.tsx(1912,19): error TS7026: JSX element implicitly has type 'any' because no interface 'JSX.IntrinsicElements' exists.
vendor/pi-desktop/apps/desktop/src/components/ChatTranscript.tsx(1917,44): error TS7006: Parameter 'attachment' implicitly has an 'any' type.
vendor/pi-desktop/apps/desktop/src/components/ChatTranscript.tsx(1920,27): error TS2322: Type '{ key: string; attachment: any; onOpenFile: any; }' is not assignable to type '{ attachment: MessageAttachment; onOpenFile: (path: string) => void; }'.
  Property 'key' does not exist on type '{ attachment: MessageAttachment; onOpenFile: (path: string) => void; }'.
vendor/pi-desktop/apps/desktop/src/components/ChatTranscript.tsx(1925,25): error TS7026: JSX element implicitly has type 'any' because no interface 'JSX.IntrinsicElements' exists.
vendor/pi-desktop/apps/desktop/src/components/ChatTranscript.tsx(1935,25): error TS7026: JSX element implicitly has type 'any' because no interface 'JSX.IntrinsicElements' exists.
vendor/pi-desktop/apps/desktop/src/components/ChatTranscript.tsx(1938,19): error TS7026: JSX element implicitly has type 'any' because no interface 'JSX.IntrinsicElements' exists.
vendor/pi-desktop/apps/desktop/src/components/ChatTranscript.tsx(1941,19): error TS7026: JSX element implicitly has type 'any' because no interface 'JSX.IntrinsicElements' exists.
vendor/pi-desktop/apps/desktop/src/components/ChatTranscript.tsx(1946,23): error TS7026: JSX element implicitly has type 'any' because no interface 'JSX.IntrinsicElements' exists.
vendor/pi-desktop/apps/desktop/src/components/ChatTranscript.tsx(1951,23): error TS7026: JSX element implicitly has type 'any' because no interface 'JSX.IntrinsicElements' exists.
vendor/pi-desktop/apps/desktop/src/components/ChatTranscript.tsx(1955,19): error TS7026: JSX element implicitly has type 'any' because no interface 'JSX.IntrinsicElements' exists.
vendor/pi-desktop/apps/desktop/src/components/ChatTranscript.tsx(1959,15): error TS7026: JSX element implicitly has type 'any' because no interface 'JSX.IntrinsicElements' exists.
vendor/pi-desktop/apps/desktop/src/components/ChatTranscript.tsx(1961,15): error TS7026: JSX element implicitly has type 'any' because no interface 'JSX.IntrinsicElements' exists.
vendor/pi-desktop/apps/desktop/src/components/ChatTranscript.tsx(1963,11): error TS7026: JSX element implicitly has type 'any' because no interface 'JSX.IntrinsicElements' exists.
vendor/pi-desktop/apps/desktop/src/components/ChatTranscript.tsx(1966,11): error TS7026: JSX element implicitly has type 'any' because no interface 'JSX.IntrinsicElements' exists.
vendor/pi-desktop/apps/desktop/src/components/ChatTranscript.tsx(1968,15): error TS7026: JSX element implicitly has type 'any' because no interface 'JSX.IntrinsicElements' exists.
vendor/pi-desktop/apps/desktop/src/components/ChatTranscript.tsx(1969,17): error TS7026: JSX element implicitly has type 'any' because no interface 'JSX.IntrinsicElements' exists.
vendor/pi-desktop/apps/desktop/src/components/ChatTranscript.tsx(1979,17): error TS7026: JSX element implicitly has type 'any' because no interface 'JSX.IntrinsicElements' exists.
vendor/pi-desktop/apps/desktop/src/components/ChatTranscript.tsx(1980,17): error TS7026: JSX element implicitly has type 'any' because no interface 'JSX.IntrinsicElements' exists.
vendor/pi-desktop/apps/desktop/src/components/ChatTranscript.tsx(1985,17): error TS7026: JSX element implicitly has type 'any' because no interface 'JSX.IntrinsicElements' exists.
vendor/pi-desktop/apps/desktop/src/components/ChatTranscript.tsx(1986,17): error TS7026: JSX element implicitly has type 'any' because no interface 'JSX.IntrinsicElements' exists.
vendor/pi-desktop/apps/desktop/src/components/ChatTranscript.tsx(1999,17): error TS7026: JSX element implicitly has type 'any' because no interface 'JSX.IntrinsicElements' exists.
vendor/pi-desktop/apps/desktop/src/components/ChatTranscript.tsx(2000,15): error TS7026: JSX element implicitly has type 'any' because no interface 'JSX.IntrinsicElements' exists.
vendor/pi-desktop/apps/desktop/src/components/ChatTranscript.tsx(2004,15): error TS7026: JSX element implicitly has type 'any' because no interface 'JSX.IntrinsicElements' exists.
vendor/pi-desktop/apps/desktop/src/components/ChatTranscript.tsx(2015,15): error TS7026: JSX element implicitly has type 'any' because no interface 'JSX.IntrinsicElements' exists.
vendor/pi-desktop/apps/desktop/src/components/ChatTranscript.tsx(2018,15): error TS7026: JSX element implicitly has type 'any' because no interface 'JSX.IntrinsicElements' exists.
vendor/pi-desktop/apps/desktop/src/components/ChatTranscript.tsx(2026,15): error TS7026: JSX element implicitly has type 'any' because no interface 'JSX.IntrinsicElements' exists.
vendor/pi-desktop/apps/desktop/src/components/ChatTranscript.tsx(2028,11): error TS7026: JSX element implicitly has type 'any' because no interface 'JSX.IntrinsicElements' exists.
vendor/pi-desktop/apps/desktop/src/components/ChatTranscript.tsx(2030,7): error TS7026: JSX element implicitly has type 'any' because no interface 'JSX.IntrinsicElements' exists.
vendor/pi-desktop/apps/desktop/src/components/ChatTranscript.tsx(2031,5): error TS7026: JSX element implicitly has type 'any' because no interface 'JSX.IntrinsicElements' exists.
vendor/pi-desktop/apps/desktop/src/components/ChatTranscript.tsx(2146,11): error TS2322: Type '{ key: string; entry: TranscriptEntry; isRunning: boolean; isActive: false; }' is not assignable to type '{ entry: TranscriptEntry; isRunning: boolean; isActive: boolean; }'.
  Property 'key' does not exist on type '{ entry: TranscriptEntry; isRunning: boolean; isActive: boolean; }'.
vendor/pi-desktop/apps/desktop/src/components/ChatTranscript.tsx(2154,5): error TS7006: Parameter 'previous' implicitly has an 'any' type.
vendor/pi-desktop/apps/desktop/src/components/ChatTranscript.tsx(2154,15): error TS7006: Parameter 'next' implicitly has an 'any' type.
vendor/pi-desktop/apps/desktop/src/components/ChatTranscript.tsx(2161,34): error TS7006: Parameter 'entry' implicitly has an 'any' type.
vendor/pi-desktop/apps/desktop/src/components/ChatTranscript.tsx(2161,41): error TS7006: Parameter 'index' implicitly has an 'any' type.
vendor/pi-desktop/apps/desktop/src/components/ChatTranscript.tsx(2182,5): error TS7006: Parameter 'previous' implicitly has an 'any' type.
vendor/pi-desktop/apps/desktop/src/components/ChatTranscript.tsx(2182,15): error TS7006: Parameter 'next' implicitly has an 'any' type.
vendor/pi-desktop/apps/desktop/src/components/ChatTranscript.tsx(2242,5): error TS7026: JSX element implicitly has type 'any' because no interface 'JSX.IntrinsicElements' exists.
vendor/pi-desktop/apps/desktop/src/components/ChatTranscript.tsx(2248,7): error TS7026: JSX element implicitly has type 'any' because no interface 'JSX.IntrinsicElements' exists.
vendor/pi-desktop/apps/desktop/src/components/ChatTranscript.tsx(2260,13): error TS7026: JSX element implicitly has type 'any' because no interface 'JSX.IntrinsicElements' exists.
vendor/pi-desktop/apps/desktop/src/components/ChatTranscript.tsx(2269,17): error TS7026: JSX element implicitly has type 'any' because no interface 'JSX.IntrinsicElements' exists.
vendor/pi-desktop/apps/desktop/src/components/ChatTranscript.tsx(2271,17): error TS7026: JSX element implicitly has type 'any' because no interface 'JSX.IntrinsicElements' exists.
vendor/pi-desktop/apps/desktop/src/components/ChatTranscript.tsx(2276,13): error TS7026: JSX element implicitly has type 'any' because no interface 'JSX.IntrinsicElements' exists.
vendor/pi-desktop/apps/desktop/src/components/ChatTranscript.tsx(2288,11): error TS7026: JSX element implicitly has type 'any' because no interface 'JSX.IntrinsicElements' exists.
vendor/pi-desktop/apps/desktop/src/components/ChatTranscript.tsx(2291,15): error TS7026: JSX element implicitly has type 'any' because no interface 'JSX.IntrinsicElements' exists.
vendor/pi-desktop/apps/desktop/src/components/ChatTranscript.tsx(2298,15): error TS7026: JSX element implicitly has type 'any' because no interface 'JSX.IntrinsicElements' exists.
vendor/pi-desktop/apps/desktop/src/components/ChatTranscript.tsx(2301,15): error TS7026: JSX element implicitly has type 'any' because no interface 'JSX.IntrinsicElements' exists.
vendor/pi-desktop/apps/desktop/src/components/ChatTranscript.tsx(2308,15): error TS7026: JSX element implicitly has type 'any' because no interface 'JSX.IntrinsicElements' exists.
vendor/pi-desktop/apps/desktop/src/components/ChatTranscript.tsx(2310,11): error TS7026: JSX element implicitly has type 'any' because no interface 'JSX.IntrinsicElements' exists.
vendor/pi-desktop/apps/desktop/src/components/ChatTranscript.tsx(2312,7): error TS7026: JSX element implicitly has type 'any' because no interface 'JSX.IntrinsicElements' exists.
vendor/pi-desktop/apps/desktop/src/components/ChatTranscript.tsx(2313,5): error TS7026: JSX element implicitly has type 'any' because no interface 'JSX.IntrinsicElements' exists.
vendor/pi-desktop/apps/desktop/src/components/ChatTranscript.tsx(2325,5): error TS7026: JSX element implicitly has type 'any' because no interface 'JSX.IntrinsicElements' exists.
vendor/pi-desktop/apps/desktop/src/components/ChatTranscript.tsx(2326,7): error TS7026: JSX element implicitly has type 'any' because no interface 'JSX.IntrinsicElements' exists.
vendor/pi-desktop/apps/desktop/src/components/ChatTranscript.tsx(2328,7): error TS7026: JSX element implicitly has type 'any' because no interface 'JSX.IntrinsicElements' exists.
vendor/pi-desktop/apps/desktop/src/components/ChatTranscript.tsx(2329,7): error TS7026: JSX element implicitly has type 'any' because no interface 'JSX.IntrinsicElements' exists.
vendor/pi-desktop/apps/desktop/src/components/ChatTranscript.tsx(2335,7): error TS7026: JSX element implicitly has type 'any' because no interface 'JSX.IntrinsicElements' exists.
vendor/pi-desktop/apps/desktop/src/components/ChatTranscript.tsx(2336,5): error TS7026: JSX element implicitly has type 'any' because no interface 'JSX.IntrinsicElements' exists.
vendor/pi-desktop/apps/desktop/src/components/ChatTranscript.tsx(2769,25): error TS7006: Parameter 'tick' implicitly has an 'any' type.
vendor/pi-desktop/apps/desktop/src/components/ChatTranscript.tsx(3005,5): error TS7026: JSX element implicitly has type 'any' because no interface 'JSX.IntrinsicElements' exists.
vendor/pi-desktop/apps/desktop/src/components/ChatTranscript.tsx(3025,7): error TS7026: JSX element implicitly has type 'any' because no interface 'JSX.IntrinsicElements' exists.
vendor/pi-desktop/apps/desktop/src/components/ChatTranscript.tsx(3032,9): error TS7026: JSX element implicitly has type 'any' because no interface 'JSX.IntrinsicElements' exists.
vendor/pi-desktop/apps/desktop/src/components/ChatTranscript.tsx(3033,11): error TS7026: JSX element implicitly has type 'any' because no interface 'JSX.IntrinsicElements' exists.
vendor/pi-desktop/apps/desktop/src/components/ChatTranscript.tsx(3041,11): error TS7026: JSX element implicitly has type 'any' because no interface 'JSX.IntrinsicElements' exists.
vendor/pi-desktop/apps/desktop/src/components/ChatTranscript.tsx(3047,13): error TS7026: JSX element implicitly has type 'any' because no interface 'JSX.IntrinsicElements' exists.
vendor/pi-desktop/apps/desktop/src/components/ChatTranscript.tsx(3063,15): error TS2322: Type '{ key: string; permission: PendingPermission; queued: number; }' is not assignable to type '{ permission: PendingPermission; queued?: number | undefined; }'.
  Property 'key' does not exist on type '{ permission: PendingPermission; queued?: number | undefined; }'.
vendor/pi-desktop/apps/desktop/src/components/ChatTranscript.tsx(3081,9): error TS7026: JSX element implicitly has type 'any' because no interface 'JSX.IntrinsicElements' exists.
vendor/pi-desktop/apps/desktop/src/components/ChatTranscript.tsx(3082,7): error TS7026: JSX element implicitly has type 'any' because no interface 'JSX.IntrinsicElements' exists.
vendor/pi-desktop/apps/desktop/src/components/ChatTranscript.tsx(3087,9): error TS7026: JSX element implicitly has type 'any' because no interface 'JSX.IntrinsicElements' exists.
vendor/pi-desktop/apps/desktop/src/components/ChatTranscript.tsx(3094,11): error TS7026: JSX element implicitly has type 'any' because no interface 'JSX.IntrinsicElements' exists.
vendor/pi-desktop/apps/desktop/src/components/ChatTranscript.tsx(3096,15): error TS7026: JSX element implicitly has type 'any' because no interface 'JSX.IntrinsicElements' exists.
vendor/pi-desktop/apps/desktop/src/components/ChatTranscript.tsx(3102,19): error TS7026: JSX element implicitly has type 'any' because no interface 'JSX.IntrinsicElements' exists.
vendor/pi-desktop/apps/desktop/src/components/ChatTranscript.tsx(3108,15): error TS7026: JSX element implicitly has type 'any' because no interface 'JSX.IntrinsicElements' exists.
vendor/pi-desktop/apps/desktop/src/components/ChatTranscript.tsx(3110,11): error TS7026: JSX element implicitly has type 'any' because no interface 'JSX.IntrinsicElements' exists.
vendor/pi-desktop/apps/desktop/src/components/ChatTranscript.tsx(3111,9): error TS7026: JSX element implicitly has type 'any' because no interface 'JSX.IntrinsicElements' exists.
vendor/pi-desktop/apps/desktop/src/components/ChatTranscript.tsx(3114,9): error TS7026: JSX element implicitly has type 'any' because no interface 'JSX.IntrinsicElements' exists.
vendor/pi-desktop/apps/desktop/src/components/ChatTranscript.tsx(3129,9): error TS7026: JSX element implicitly has type 'any' because no interface 'JSX.IntrinsicElements' exists.
vendor/pi-desktop/apps/desktop/src/components/ChatTranscript.tsx(3131,5): error TS7026: JSX element implicitly has type 'any' because no interface 'JSX.IntrinsicElements' exists.
vendor/pi-desktop/apps/desktop/src/components/Composer.tsx(9,8): error TS7016: Could not find a declaration file for module 'react'. 'C:/cm-plan-next-20260910/vendor/pi-desktop/node_modules/.pnpm/react@19.2.8/node_modules/react/index.js' implicitly has an 'any' type.
  Try `npm i --save-dev @types/react` if it exists or add a new declaration (.d.ts) file containing `declare module 'react';`
vendor/pi-desktop/apps/desktop/src/components/Composer.tsx(449,31): error TS7016: Could not find a declaration file for module 'react/jsx-runtime'. 'C:/cm-plan-next-20260910/vendor/pi-desktop/node_modules/.pnpm/react@19.2.8/node_modules/react/jsx-runtime.js' implicitly has an 'any' type.
  Try `npm i --save-dev @types/react` if it exists or add a new declaration (.d.ts) file containing `declare module 'react/jsx-runtime';`
vendor/pi-desktop/apps/desktop/src/components/Composer.tsx(666,16): error TS7006: Parameter 'current' implicitly has an 'any' type.
vendor/pi-desktop/apps/desktop/src/components/Composer.tsx(704,6): error TS7006: Parameter 'fileReference' implicitly has an 'any' type.
vendor/pi-desktop/apps/desktop/src/components/Composer.tsx(709,6): error TS7006: Parameter 'fileReference' implicitly has an 'any' type.
vendor/pi-desktop/apps/desktop/src/components/Composer.tsx(747,8): error TS7006: Parameter 'current' implicitly has an 'any' type.
vendor/pi-desktop/apps/desktop/src/components/Composer.tsx(825,24): error TS7006: Parameter 'current' implicitly has an 'any' type.
vendor/pi-desktop/apps/desktop/src/components/Composer.tsx(825,52): error TS7006: Parameter 'fileReference' implicitly has an 'any' type.
vendor/pi-desktop/apps/desktop/src/components/Composer.tsx(839,24): error TS7006: Parameter 'current' implicitly has an 'any' type.
vendor/pi-desktop/apps/desktop/src/components/Composer.tsx(841,10): error TS7006: Parameter 'fileReference' implicitly has an 'any' type.
vendor/pi-desktop/apps/desktop/src/components/Composer.tsx(965,34): error TS7006: Parameter 'fileReference' implicitly has an 'any' type.
vendor/pi-desktop/apps/desktop/src/components/Composer.tsx(971,18): error TS7006: Parameter 'fileReference' implicitly has an 'any' type.
vendor/pi-desktop/apps/desktop/src/components/Composer.tsx(972,19): error TS7006: Parameter 'fileReference' implicitly has an 'any' type.
vendor/pi-desktop/apps/desktop/src/components/Composer.tsx(983,43): error TS18046: 'char' is of type 'unknown'.
vendor/pi-desktop/apps/desktop/src/components/Composer.tsx(987,18): error TS18046: 'char' is of type 'unknown'.
vendor/pi-desktop/apps/desktop/src/components/Composer.tsx(1001,24): error TS7006: Parameter 'current' implicitly has an 'any' type.
vendor/pi-desktop/apps/desktop/src/components/Composer.tsx(1003,10): error TS7006: Parameter 'fileReference' implicitly has an 'any' type.
vendor/pi-desktop/apps/desktop/src/components/Composer.tsx(1247,15): error TS7006: Parameter 'group' implicitly has an 'any' type.
vendor/pi-desktop/apps/desktop/src/components/Composer.tsx(1249,40): error TS7006: Parameter 'model' implicitly has an 'any' type.
vendor/pi-desktop/apps/desktop/src/components/Composer.tsx(1253,18): error TS7006: Parameter 'group' implicitly has an 'any' type.
vendor/pi-desktop/apps/desktop/src/components/Composer.tsx(1255,65): error TS7006: Parameter 'group' implicitly has an 'any' type.
vendor/pi-desktop/apps/desktop/src/components/Composer.tsx(1256,23): error TS7006: Parameter 'model' implicitly has an 'any' type.
vendor/pi-desktop/apps/desktop/src/components/Composer.tsx(1259,11): error TS7006: Parameter 'entry' implicitly has an 'any' type.
vendor/pi-desktop/apps/desktop/src/components/Composer.tsx(1262,6): error TS7006: Parameter 'entry' implicitly has an 'any' type.
vendor/pi-desktop/apps/desktop/src/components/Composer.tsx(1438,26): error TS7006: Parameter 'current' implicitly has an 'any' type.
vendor/pi-desktop/apps/desktop/src/components/Composer.tsx(1446,27): error TS7006: Parameter 'current' implicitly has an 'any' type.
vendor/pi-desktop/apps/desktop/src/components/Composer.tsx(1461,24): error TS7006: Parameter 'current' implicitly has an 'any' type.
vendor/pi-desktop/apps/desktop/src/components/Composer.tsx(1463,10): error TS7006: Parameter 'fileReference' implicitly has an 'any' type.
vendor/pi-desktop/apps/desktop/src/components/Composer.tsx(1486,24): error TS7006: Parameter 'current' implicitly has an 'any' type.
vendor/pi-desktop/apps/desktop/src/components/Composer.tsx(1487,26): error TS7006: Parameter 'fileReference' implicitly has an 'any' type.
vendor/pi-desktop/apps/desktop/src/components/Composer.tsx(1503,16): error TS7006: Parameter 'fileReference' implicitly has an 'any' type.
vendor/pi-desktop/apps/desktop/src/components/Composer.tsx(1506,15): error TS7031: Binding element 'path' implicitly has an 'any' type.
vendor/pi-desktop/apps/desktop/src/components/Composer.tsx(1506,21): error TS7031: Binding element 'name' implicitly has an 'any' type.
vendor/pi-desktop/apps/desktop/src/components/Composer.tsx(1506,27): error TS7031: Binding element 'kind' implicitly has an 'any' type.
vendor/pi-desktop/apps/desktop/src/components/Composer.tsx(1506,33): error TS7031: Binding element 'mimeType' implicitly has an 'any' type.
vendor/pi-desktop/apps/desktop/src/components/Composer.tsx(1506,43): error TS7031: Binding element 'token' implicitly has an 'any' type.
vendor/pi-desktop/apps/desktop/src/components/Composer.tsx(1718,16): error TS7006: Parameter 'fileReference' implicitly has an 'any' type.
vendor/pi-desktop/apps/desktop/src/components/Composer.tsx(1719,15): error TS7031: Binding element 'path' implicitly has an 'any' type.
vendor/pi-desktop/apps/desktop/src/components/Composer.tsx(1719,21): error TS7031: Binding element 'name' implicitly has an 'any' type.
vendor/pi-desktop/apps/desktop/src/components/Composer.tsx(1719,27): error TS7031: Binding element 'kind' implicitly has an 'any' type.
vendor/pi-desktop/apps/desktop/src/components/Composer.tsx(1719,33): error TS7031: Binding element 'mimeType' implicitly has an 'any' type.
vendor/pi-desktop/apps/desktop/src/components/Composer.tsx(1719,43): error TS7031: Binding element 'token' implicitly has an 'any' type.
vendor/pi-desktop/apps/desktop/src/components/Composer.tsx(1767,38): error TS7006: Parameter 'reference' implicitly has an 'any' type.
vendor/pi-desktop/apps/desktop/src/components/Composer.tsx(1871,38): error TS7006: Parameter 'reference' implicitly has an 'any' type.
vendor/pi-desktop/apps/desktop/src/components/Composer.tsx(2010,5): error TS7026: JSX element implicitly has type 'any' because no interface 'JSX.IntrinsicElements' exists.
vendor/pi-desktop/apps/desktop/src/components/Composer.tsx(2014,7): error TS7026: JSX element implicitly has type 'any' because no interface 'JSX.IntrinsicElements' exists.
vendor/pi-desktop/apps/desktop/src/components/Composer.tsx(2022,11): error TS7026: JSX element implicitly has type 'any' because no interface 'JSX.IntrinsicElements' exists.
vendor/pi-desktop/apps/desktop/src/components/Composer.tsx(2033,17): error TS7026: JSX element implicitly has type 'any' because no interface 'JSX.IntrinsicElements' exists.
vendor/pi-desktop/apps/desktop/src/components/Composer.tsx(2039,19): error TS7026: JSX element implicitly has type 'any' because no interface 'JSX.IntrinsicElements' exists.
vendor/pi-desktop/apps/desktop/src/components/Composer.tsx(2041,19): error TS7026: JSX element implicitly has type 'any' because no interface 'JSX.IntrinsicElements' exists.
vendor/pi-desktop/apps/desktop/src/components/Composer.tsx(2042,19): error TS7026: JSX element implicitly has type 'any' because no interface 'JSX.IntrinsicElements' exists.
vendor/pi-desktop/apps/desktop/src/components/Composer.tsx(2050,19): error TS7026: JSX element implicitly has type 'any' because no interface 'JSX.IntrinsicElements' exists.
vendor/pi-desktop/apps/desktop/src/components/Composer.tsx(2051,19): error TS7026: JSX element implicitly has type 'any' because no interface 'JSX.IntrinsicElements' exists.
vendor/pi-desktop/apps/desktop/src/components/Composer.tsx(2063,19): error TS7026: JSX element implicitly has type 'any' because no interface 'JSX.IntrinsicElements' exists.
vendor/pi-desktop/apps/desktop/src/components/Composer.tsx(2064,17): error TS7026: JSX element implicitly has type 'any' because no interface 'JSX.IntrinsicElements' exists.
vendor/pi-desktop/apps/desktop/src/components/Composer.tsx(2067,11): error TS7026: JSX element implicitly has type 'any' because no interface 'JSX.IntrinsicElements' exists.
vendor/pi-desktop/apps/desktop/src/components/Composer.tsx(2070,11): error TS7026: JSX element implicitly has type 'any' because no interface 'JSX.IntrinsicElements' exists.
vendor/pi-desktop/apps/desktop/src/components/Composer.tsx(2071,13): error TS7026: JSX element implicitly has type 'any' because no interface 'JSX.IntrinsicElements' exists.
vendor/pi-desktop/apps/desktop/src/components/Composer.tsx(2073,13): error TS7026: JSX element implicitly has type 'any' because no interface 'JSX.IntrinsicElements' exists.
vendor/pi-desktop/apps/desktop/src/components/Composer.tsx(2074,13): error TS7026: JSX element implicitly has type 'any' because no interface 'JSX.IntrinsicElements' exists.
vendor/pi-desktop/apps/desktop/src/components/Composer.tsx(2074,42): error TS7026: JSX element implicitly has type 'any' because no interface 'JSX.IntrinsicElements' exists.
vendor/pi-desktop/apps/desktop/src/components/Composer.tsx(2075,13): error TS7026: JSX element implicitly has type 'any' because no interface 'JSX.IntrinsicElements' exists.
vendor/pi-desktop/apps/desktop/src/components/Composer.tsx(2083,13): error TS7026: JSX element implicitly has type 'any' because no interface 'JSX.IntrinsicElements' exists.
vendor/pi-desktop/apps/desktop/src/components/Composer.tsx(2084,11): error TS7026: JSX element implicitly has type 'any' because no interface 'JSX.IntrinsicElements' exists.
vendor/pi-desktop/apps/desktop/src/components/Composer.tsx(2086,9): error TS7026: JSX element implicitly has type 'any' because no interface 'JSX.IntrinsicElements' exists.
vendor/pi-desktop/apps/desktop/src/components/Composer.tsx(2090,11): error TS7026: JSX element implicitly has type 'any' because no interface 'JSX.IntrinsicElements' exists.
vendor/pi-desktop/apps/desktop/src/components/Composer.tsx(2091,13): error TS7026: JSX element implicitly has type 'any' because no interface 'JSX.IntrinsicElements' exists.
vendor/pi-desktop/apps/desktop/src/components/Composer.tsx(2095,15): error TS7026: JSX element implicitly has type 'any' because no interface 'JSX.IntrinsicElements' exists.
vendor/pi-desktop/apps/desktop/src/components/Composer.tsx(2110,33): error TS7006: Parameter 'e' implicitly has an 'any' type.
vendor/pi-desktop/apps/desktop/src/components/Composer.tsx(2122,27): error TS7006: Parameter 'e' implicitly has an 'any' type.
vendor/pi-desktop/apps/desktop/src/components/Composer.tsx(2135,38): error TS7006: Parameter 'current' implicitly has an 'any' type.
vendor/pi-desktop/apps/desktop/src/components/Composer.tsx(2137,24): error TS7006: Parameter 'fileReference' implicitly has an 'any' type.
vendor/pi-desktop/apps/desktop/src/components/Composer.tsx(2146,36): error TS7006: Parameter 'e' implicitly has an 'any' type.
vendor/pi-desktop/apps/desktop/src/components/Composer.tsx(2158,29): error TS7006: Parameter 'e' implicitly has an 'any' type.
vendor/pi-desktop/apps/desktop/src/components/Composer.tsx(2195,17): error TS7026: JSX element implicitly has type 'any' because no interface 'JSX.IntrinsicElements' exists.
vendor/pi-desktop/apps/desktop/src/components/Composer.tsx(2201,17): error TS7026: JSX element implicitly has type 'any' because no interface 'JSX.IntrinsicElements' exists.
vendor/pi-desktop/apps/desktop/src/components/Composer.tsx(2203,13): error TS7026: JSX element implicitly has type 'any' because no interface 'JSX.IntrinsicElements' exists.
vendor/pi-desktop/apps/desktop/src/components/Composer.tsx(2204,11): error TS7026: JSX element implicitly has type 'any' because no interface 'JSX.IntrinsicElements' exists.
vendor/pi-desktop/apps/desktop/src/components/Composer.tsx(2206,11): error TS7026: JSX element implicitly has type 'any' because no interface 'JSX.IntrinsicElements' exists.
vendor/pi-desktop/apps/desktop/src/components/Composer.tsx(2207,13): error TS7026: JSX element implicitly has type 'any' because no interface 'JSX.IntrinsicElements' exists.
vendor/pi-desktop/apps/desktop/src/components/Composer.tsx(2208,15): error TS7026: JSX element implicitly has type 'any' because no interface 'JSX.IntrinsicElements' exists.
vendor/pi-desktop/apps/desktop/src/components/Composer.tsx(2209,17): error TS7026: JSX element implicitly has type 'any' because no interface 'JSX.IntrinsicElements' exists.
vendor/pi-desktop/apps/desktop/src/components/Composer.tsx(2221,17): error TS7026: JSX element implicitly has type 'any' because no interface 'JSX.IntrinsicElements' exists.
vendor/pi-desktop/apps/desktop/src/components/Composer.tsx(2222,15): error TS7026: JSX element implicitly has type 'any' because no interface 'JSX.IntrinsicElements' exists.
vendor/pi-desktop/apps/desktop/src/components/Composer.tsx(2223,15): error TS7026: JSX element implicitly has type 'any' because no interface 'JSX.IntrinsicElements' exists.
vendor/pi-desktop/apps/desktop/src/components/Composer.tsx(2249,17): error TS7026: JSX element implicitly has type 'any' because no interface 'JSX.IntrinsicElements' exists.
vendor/pi-desktop/apps/desktop/src/components/Composer.tsx(2251,19): error TS7026: JSX element implicitly has type 'any' because no interface 'JSX.IntrinsicElements' exists.
vendor/pi-desktop/apps/desktop/src/components/Composer.tsx(2253,19): error TS7026: JSX element implicitly has type 'any' because no interface 'JSX.IntrinsicElements' exists.
vendor/pi-desktop/apps/desktop/src/components/Composer.tsx(2254,17): error TS7026: JSX element implicitly has type 'any' because no interface 'JSX.IntrinsicElements' exists.
vendor/pi-desktop/apps/desktop/src/components/Composer.tsx(2255,15): error TS7026: JSX element implicitly has type 'any' because no interface 'JSX.IntrinsicElements' exists.
vendor/pi-desktop/apps/desktop/src/components/Composer.tsx(2257,17): error TS7026: JSX element implicitly has type 'any' because no interface 'JSX.IntrinsicElements' exists.
vendor/pi-desktop/apps/desktop/src/components/Composer.tsx(2258,19): error TS7026: JSX element implicitly has type 'any' because no interface 'JSX.IntrinsicElements' exists.
vendor/pi-desktop/apps/desktop/src/components/Composer.tsx(2272,42): error TS7006: Parameter 'open' implicitly has an 'any' type.
vendor/pi-desktop/apps/desktop/src/components/Composer.tsx(2275,21): error TS7026: JSX element implicitly has type 'any' because no interface 'JSX.IntrinsicElements' exists.
vendor/pi-desktop/apps/desktop/src/components/Composer.tsx(2277,21): error TS7026: JSX element implicitly has type 'any' because no interface 'JSX.IntrinsicElements' exists.
vendor/pi-desktop/apps/desktop/src/components/Composer.tsx(2279,19): error TS7026: JSX element implicitly has type 'any' because no interface 'JSX.IntrinsicElements' exists.
vendor/pi-desktop/apps/desktop/src/components/Composer.tsx(2281,21): error TS7026: JSX element implicitly has type 'any' because no interface 'JSX.IntrinsicElements' exists.
vendor/pi-desktop/apps/desktop/src/components/Composer.tsx(2284,27): error TS7026: JSX element implicitly has type 'any' because no interface 'JSX.IntrinsicElements' exists.
vendor/pi-desktop/apps/desktop/src/components/Composer.tsx(2311,29): error TS7026: JSX element implicitly has type 'any' because no interface 'JSX.IntrinsicElements' exists.
vendor/pi-desktop/apps/desktop/src/components/Composer.tsx(2313,29): error TS7026: JSX element implicitly has type 'any' because no interface 'JSX.IntrinsicElements' exists.
vendor/pi-desktop/apps/desktop/src/components/Composer.tsx(2317,27): error TS7026: JSX element implicitly has type 'any' because no interface 'JSX.IntrinsicElements' exists.
vendor/pi-desktop/apps/desktop/src/components/Composer.tsx(2320,21): error TS7026: JSX element implicitly has type 'any' because no interface 'JSX.IntrinsicElements' exists.
vendor/pi-desktop/apps/desktop/src/components/Composer.tsx(2322,17): error TS7026: JSX element implicitly has type 'any' because no interface 'JSX.IntrinsicElements' exists.
vendor/pi-desktop/apps/desktop/src/components/Composer.tsx(2324,13): error TS7026: JSX element implicitly has type 'any' because no interface 'JSX.IntrinsicElements' exists.
vendor/pi-desktop/apps/desktop/src/components/Composer.tsx(2326,13): error TS7026: JSX element implicitly has type 'any' because no interface 'JSX.IntrinsicElements' exists.
vendor/pi-desktop/apps/desktop/src/components/Composer.tsx(2330,15): error TS7026: JSX element implicitly has type 'any' because no interface 'JSX.IntrinsicElements' exists.
vendor/pi-desktop/apps/desktop/src/components/Composer.tsx(2335,17): error TS7026: JSX element implicitly has type 'any' because no interface 'JSX.IntrinsicElements' exists.
vendor/pi-desktop/apps/desktop/src/components/Composer.tsx(2353,43): error TS7006: Parameter 'open' implicitly has an 'any' type.
vendor/pi-desktop/apps/desktop/src/components/Composer.tsx(2356,19): error TS7026: JSX element implicitly has type 'any' because no interface 'JSX.IntrinsicElements' exists.
vendor/pi-desktop/apps/desktop/src/components/Composer.tsx(2358,19): error TS7026: JSX element implicitly has type 'any' because no interface 'JSX.IntrinsicElements' exists.
vendor/pi-desktop/apps/desktop/src/components/Composer.tsx(2359,19): error TS7026: JSX element implicitly has type 'any' because no interface 'JSX.IntrinsicElements' exists.
vendor/pi-desktop/apps/desktop/src/components/Composer.tsx(2361,19): error TS7026: JSX element implicitly has type 'any' because no interface 'JSX.IntrinsicElements' exists.
vendor/pi-desktop/apps/desktop/src/components/Composer.tsx(2364,23): error TS7026: JSX element implicitly has type 'any' because no interface 'JSX.IntrinsicElements' exists.
vendor/pi-desktop/apps/desktop/src/components/Composer.tsx(2366,23): error TS7026: JSX element implicitly has type 'any' because no interface 'JSX.IntrinsicElements' exists.
vendor/pi-desktop/apps/desktop/src/components/Composer.tsx(2367,23): error TS7026: JSX element implicitly has type 'any' because no interface 'JSX.IntrinsicElements' exists.
vendor/pi-desktop/apps/desktop/src/components/Composer.tsx(2369,23): error TS7026: JSX element implicitly has type 'any' because no interface 'JSX.IntrinsicElements' exists.
vendor/pi-desktop/apps/desktop/src/components/Composer.tsx(2373,17): error TS7026: JSX element implicitly has type 'any' because no interface 'JSX.IntrinsicElements' exists.
vendor/pi-desktop/apps/desktop/src/components/Composer.tsx(2375,19): error TS7026: JSX element implicitly has type 'any' because no interface 'JSX.IntrinsicElements' exists.
vendor/pi-desktop/apps/desktop/src/components/Composer.tsx(2381,23): error TS7026: JSX element implicitly has type 'any' because no interface 'JSX.IntrinsicElements' exists.
vendor/pi-desktop/apps/desktop/src/components/Composer.tsx(2382,25): error TS7026: JSX element implicitly has type 'any' because no interface 'JSX.IntrinsicElements' exists.
vendor/pi-desktop/apps/desktop/src/components/Composer.tsx(2390,27): error TS7026: JSX element implicitly has type 'any' because no interface 'JSX.IntrinsicElements' exists.
vendor/pi-desktop/apps/desktop/src/components/Composer.tsx(2392,27): error TS7026: JSX element implicitly has type 'any' because no interface 'JSX.IntrinsicElements' exists.
vendor/pi-desktop/apps/desktop/src/components/Composer.tsx(2393,27): error TS7026: JSX element implicitly has type 'any' because no interface 'JSX.IntrinsicElements' exists.
vendor/pi-desktop/apps/desktop/src/components/Composer.tsx(2398,27): error TS7026: JSX element implicitly has type 'any' because no interface 'JSX.IntrinsicElements' exists.
vendor/pi-desktop/apps/desktop/src/components/Composer.tsx(2400,25): error TS7026: JSX element implicitly has type 'any' because no interface 'JSX.IntrinsicElements' exists.
vendor/pi-desktop/apps/desktop/src/components/Composer.tsx(2401,25): error TS7026: JSX element implicitly has type 'any' because no interface 'JSX.IntrinsicElements' exists.
vendor/pi-desktop/apps/desktop/src/components/Composer.tsx(2409,27): error TS7026: JSX element implicitly has type 'any' because no interface 'JSX.IntrinsicElements' exists.
vendor/pi-desktop/apps/desktop/src/components/Composer.tsx(2411,27): error TS7026: JSX element implicitly has type 'any' because no interface 'JSX.IntrinsicElements' exists.
vendor/pi-desktop/apps/desktop/src/components/Composer.tsx(2412,27): error TS7026: JSX element implicitly has type 'any' because no interface 'JSX.IntrinsicElements' exists.
vendor/pi-desktop/apps/desktop/src/components/Composer.tsx(2414,27): error TS7026: JSX element implicitly has type 'any' because no interface 'JSX.IntrinsicElements' exists.
vendor/pi-desktop/apps/desktop/src/components/Composer.tsx(2416,25): error TS7026: JSX element implicitly has type 'any' because no interface 'JSX.IntrinsicElements' exists.
vendor/pi-desktop/apps/desktop/src/components/Composer.tsx(2417,23): error TS7026: JSX element implicitly has type 'any' because no interface 'JSX.IntrinsicElements' exists.
vendor/pi-desktop/apps/desktop/src/components/Composer.tsx(2420,25): error TS7026: JSX element implicitly has type 'any' because no interface 'JSX.IntrinsicElements' exists.
vendor/pi-desktop/apps/desktop/src/components/Composer.tsx(2427,27): error TS7026: JSX element implicitly has type 'any' because no interface 'JSX.IntrinsicElements' exists.
vendor/pi-desktop/apps/desktop/src/components/Composer.tsx(2431,27): error TS7026: JSX element implicitly has type 'any' because no interface 'JSX.IntrinsicElements' exists.
vendor/pi-desktop/apps/desktop/src/components/Composer.tsx(2432,25): error TS7026: JSX element implicitly has type 'any' because no interface 'JSX.IntrinsicElements' exists.
vendor/pi-desktop/apps/desktop/src/components/Composer.tsx(2433,25): error TS7026: JSX element implicitly has type 'any' because no interface 'JSX.IntrinsicElements' exists.
vendor/pi-desktop/apps/desktop/src/components/Composer.tsx(2436,29): error TS7026: JSX element implicitly has type 'any' because no interface 'JSX.IntrinsicElements' exists.
vendor/pi-desktop/apps/desktop/src/components/Composer.tsx(2438,31): error TS7026: JSX element implicitly has type 'any' because no interface 'JSX.IntrinsicElements' exists.
vendor/pi-desktop/apps/desktop/src/components/Composer.tsx(2438,81): error TS7026: JSX element implicitly has type 'any' because no interface 'JSX.IntrinsicElements' exists.
vendor/pi-desktop/apps/desktop/src/components/Composer.tsx(2439,31): error TS7026: JSX element implicitly has type 'any' because no interface 'JSX.IntrinsicElements' exists.
vendor/pi-desktop/apps/desktop/src/components/Composer.tsx(2448,44): error TS7006: Parameter 'e' implicitly has an 'any' type.
vendor/pi-desktop/apps/desktop/src/components/Composer.tsx(2450,29): error TS7026: JSX element implicitly has type 'any' because no interface 'JSX.IntrinsicElements' exists.
vendor/pi-desktop/apps/desktop/src/components/Composer.tsx(2451,29): error TS7026: JSX element implicitly has type 'any' because no interface 'JSX.IntrinsicElements' exists.
vendor/pi-desktop/apps/desktop/src/components/Composer.tsx(2454,65): error TS7006: Parameter 'group' implicitly has an 'any' type.
vendor/pi-desktop/apps/desktop/src/components/Composer.tsx(2455,35): error TS7026: JSX element implicitly has type 'any' because no interface 'JSX.IntrinsicElements' exists.
vendor/pi-desktop/apps/desktop/src/components/Composer.tsx(2461,37): error TS7026: JSX element implicitly has type 'any' because no interface 'JSX.IntrinsicElements' exists.
vendor/pi-desktop/apps/desktop/src/components/Composer.tsx(2463,37): error TS7026: JSX element implicitly has type 'any' because no interface 'JSX.IntrinsicElements' exists.
vendor/pi-desktop/apps/desktop/src/components/Composer.tsx(2464,56): error TS7006: Parameter 'model' implicitly has an 'any' type.
vendor/pi-desktop/apps/desktop/src/components/Composer.tsx(2472,41): error TS7026: JSX element implicitly has type 'any' because no interface 'JSX.IntrinsicElements' exists.
vendor/pi-desktop/apps/desktop/src/components/Composer.tsx(2489,43): error TS7026: JSX element implicitly has type 'any' because no interface 'JSX.IntrinsicElements' exists.
vendor/pi-desktop/apps/desktop/src/components/Composer.tsx(2490,45): error TS7026: JSX element implicitly has type 'any' because no interface 'JSX.IntrinsicElements' exists.
vendor/pi-desktop/apps/desktop/src/components/Composer.tsx(2492,45): error TS7026: JSX element implicitly has type 'any' because no interface 'JSX.IntrinsicElements' exists.
vendor/pi-desktop/apps/desktop/src/components/Composer.tsx(2493,45): error TS7026: JSX element implicitly has type 'any' because no interface 'JSX.IntrinsicElements' exists.
vendor/pi-desktop/apps/desktop/src/components/Composer.tsx(2496,51): error TS7026: JSX element implicitly has type 'any' because no interface 'JSX.IntrinsicElements' exists.
vendor/pi-desktop/apps/desktop/src/components/Composer.tsx(2510,51): error TS7026: JSX element implicitly has type 'any' because no interface 'JSX.IntrinsicElements' exists.
vendor/pi-desktop/apps/desktop/src/components/Composer.tsx(2514,49): error TS7026: JSX element implicitly has type 'any' because no interface 'JSX.IntrinsicElements' exists.
vendor/pi-desktop/apps/desktop/src/components/Composer.tsx(2518,49): error TS7026: JSX element implicitly has type 'any' because no interface 'JSX.IntrinsicElements' exists.
vendor/pi-desktop/apps/desktop/src/components/Composer.tsx(2520,45): error TS7026: JSX element implicitly has type 'any' because no interface 'JSX.IntrinsicElements' exists.
vendor/pi-desktop/apps/desktop/src/components/Composer.tsx(2521,43): error TS7026: JSX element implicitly has type 'any' because no interface 'JSX.IntrinsicElements' exists.
vendor/pi-desktop/apps/desktop/src/components/Composer.tsx(2525,47): error TS2322: Type '{ size: number; className: string; "aria-hidden": string; }' is not assignable to type 'LucideProps'.
  Property 'className' does not exist on type 'LucideProps'.
vendor/pi-desktop/apps/desktop/src/components/Composer.tsx(2529,41): error TS7026: JSX element implicitly has type 'any' because no interface 'JSX.IntrinsicElements' exists.
vendor/pi-desktop/apps/desktop/src/components/Composer.tsx(2532,35): error TS7026: JSX element implicitly has type 'any' because no interface 'JSX.IntrinsicElements' exists.
vendor/pi-desktop/apps/desktop/src/components/Composer.tsx(2536,33): error TS7026: JSX element implicitly has type 'any' because no interface 'JSX.IntrinsicElements' exists.
vendor/pi-desktop/apps/desktop/src/components/Composer.tsx(2538,33): error TS7026: JSX element implicitly has type 'any' because no interface 'JSX.IntrinsicElements' exists.
vendor/pi-desktop/apps/desktop/src/components/Composer.tsx(2540,29): error TS7026: JSX element implicitly has type 'any' because no interface 'JSX.IntrinsicElements' exists.
vendor/pi-desktop/apps/desktop/src/components/Composer.tsx(2544,29): error TS7026: JSX element implicitly has type 'any' because no interface 'JSX.IntrinsicElements' exists.
vendor/pi-desktop/apps/desktop/src/components/Composer.tsx(2546,29): error TS7026: JSX element implicitly has type 'any' because no interface 'JSX.IntrinsicElements' exists.
vendor/pi-desktop/apps/desktop/src/components/Composer.tsx(2547,29): error TS7026: JSX element implicitly has type 'any' because no interface 'JSX.IntrinsicElements' exists.
vendor/pi-desktop/apps/desktop/src/components/Composer.tsx(2549,33): error TS7026: JSX element implicitly has type 'any' because no interface 'JSX.IntrinsicElements' exists.
vendor/pi-desktop/apps/desktop/src/components/Composer.tsx(2563,35): error TS7026: JSX element implicitly has type 'any' because no interface 'JSX.IntrinsicElements' exists.
vendor/pi-desktop/apps/desktop/src/components/Composer.tsx(2567,35): error TS7026: JSX element implicitly has type 'any' because no interface 'JSX.IntrinsicElements' exists.
vendor/pi-desktop/apps/desktop/src/components/Composer.tsx(2571,39): error TS2322: Type '{ size: number; className: string; "aria-hidden": string; }' is not assignable to type 'LucideProps'.
  Property 'className' does not exist on type 'LucideProps'.
vendor/pi-desktop/apps/desktop/src/components/Composer.tsx(2575,33): error TS7026: JSX element implicitly has type 'any' because no interface 'JSX.IntrinsicElements' exists.
vendor/pi-desktop/apps/desktop/src/components/Composer.tsx(2577,29): error TS7026: JSX element implicitly has type 'any' because no interface 'JSX.IntrinsicElements' exists.
vendor/pi-desktop/apps/desktop/src/components/Composer.tsx(2582,19): error TS7026: JSX element implicitly has type 'any' because no interface 'JSX.IntrinsicElements' exists.
vendor/pi-desktop/apps/desktop/src/components/Composer.tsx(2584,15): error TS7026: JSX element implicitly has type 'any' because no interface 'JSX.IntrinsicElements' exists.
vendor/pi-desktop/apps/desktop/src/components/Composer.tsx(2585,15): error TS7026: JSX element implicitly has type 'any' because no interface 'JSX.IntrinsicElements' exists.
vendor/pi-desktop/apps/desktop/src/components/Composer.tsx(2607,21): error TS7026: JSX element implicitly has type 'any' because no interface 'JSX.IntrinsicElements' exists.
vendor/pi-desktop/apps/desktop/src/components/Composer.tsx(2608,21): error TS7026: JSX element implicitly has type 'any' because no interface 'JSX.IntrinsicElements' exists.
vendor/pi-desktop/apps/desktop/src/components/Composer.tsx(2608,54): error TS7026: JSX element implicitly has type 'any' because no interface 'JSX.IntrinsicElements' exists.
vendor/pi-desktop/apps/desktop/src/components/Composer.tsx(2613,15): error TS7026: JSX element implicitly has type 'any' because no interface 'JSX.IntrinsicElements' exists.
vendor/pi-desktop/apps/desktop/src/components/Composer.tsx(2615,17): error TS7026: JSX element implicitly has type 'any' because no interface 'JSX.IntrinsicElements' exists.
vendor/pi-desktop/apps/desktop/src/components/Composer.tsx(2624,17): error TS7026: JSX element implicitly has type 'any' because no interface 'JSX.IntrinsicElements' exists.
vendor/pi-desktop/apps/desktop/src/components/Composer.tsx(2627,17): error TS7026: JSX element implicitly has type 'any' because no interface 'JSX.IntrinsicElements' exists.
vendor/pi-desktop/apps/desktop/src/components/Composer.tsx(2635,17): error TS7026: JSX element implicitly has type 'any' because no interface 'JSX.IntrinsicElements' exists.
vendor/pi-desktop/apps/desktop/src/components/Composer.tsx(2637,17): error TS7026: JSX element implicitly has type 'any' because no interface 'JSX.IntrinsicElements' exists.
vendor/pi-desktop/apps/desktop/src/components/Composer.tsx(2652,17): error TS7026: JSX element implicitly has type 'any' because no interface 'JSX.IntrinsicElements' exists.
vendor/pi-desktop/apps/desktop/src/components/Composer.tsx(2654,13): error TS7026: JSX element implicitly has type 'any' because no interface 'JSX.IntrinsicElements' exists.
vendor/pi-desktop/apps/desktop/src/components/Composer.tsx(2655,11): error TS7026: JSX element implicitly has type 'any' because no interface 'JSX.IntrinsicElements' exists.
vendor/pi-desktop/apps/desktop/src/components/Composer.tsx(2656,9): error TS7026: JSX element implicitly has type 'any' because no interface 'JSX.IntrinsicElements' exists.
vendor/pi-desktop/apps/desktop/src/components/Composer.tsx(2657,7): error TS7026: JSX element implicitly has type 'any' because no interface 'JSX.IntrinsicElements' exists.
vendor/pi-desktop/apps/desktop/src/components/Composer.tsx(2658,5): error TS7026: JSX element implicitly has type 'any' because no interface 'JSX.IntrinsicElements' exists.
vendor/pi-desktop/apps/desktop/src/components/ComposerAutocomplete.tsx(1,35): error TS7016: Could not find a declaration file for module 'react'. 'C:/cm-plan-next-20260910/vendor/pi-desktop/node_modules/.pnpm/react@19.2.8/node_modules/react/index.js' implicitly has an 'any' type.
  Try `npm i --save-dev @types/react` if it exists or add a new declaration (.d.ts) file containing `declare module 'react';`
vendor/pi-desktop/apps/desktop/src/components/ComposerAutocomplete.tsx(26,35): error TS7016: Could not find a declaration file for module 'react/jsx-runtime'. 'C:/cm-plan-next-20260910/vendor/pi-desktop/node_modules/.pnpm/react@19.2.8/node_modules/react/jsx-runtime.js' implicitly has an 'any' type.
  Try `npm i --save-dev @types/react` if it exists or add a new declaration (.d.ts) file containing `declare module 'react/jsx-runtime';`
vendor/pi-desktop/apps/desktop/src/components/ComposerAutocomplete.tsx(27,16): error TS2503: Cannot find namespace 'React'.
vendor/pi-desktop/apps/desktop/src/components/ComposerAutocomplete.tsx(30,32): error TS7026: JSX element implicitly has type 'any' because no interface 'JSX.IntrinsicElements' exists.
vendor/pi-desktop/apps/desktop/src/components/ComposerAutocomplete.tsx(30,76): error TS7026: JSX element implicitly has type 'any' because no interface 'JSX.IntrinsicElements' exists.
vendor/pi-desktop/apps/desktop/src/components/ComposerAutocomplete.tsx(32,7): error TS7026: JSX element implicitly has type 'any' because no interface 'JSX.IntrinsicElements' exists.
vendor/pi-desktop/apps/desktop/src/components/ComposerAutocomplete.tsx(34,7): error TS7026: JSX element implicitly has type 'any' because no interface 'JSX.IntrinsicElements' exists.
vendor/pi-desktop/apps/desktop/src/components/ComposerAutocomplete.tsx(38,36): error TS7026: JSX element implicitly has type 'any' because no interface 'JSX.IntrinsicElements' exists.
vendor/pi-desktop/apps/desktop/src/components/ComposerAutocomplete.tsx(38,73): error TS7026: JSX element implicitly has type 'any' because no interface 'JSX.IntrinsicElements' exists.
vendor/pi-desktop/apps/desktop/src/components/ComposerAutocomplete.tsx(87,24): error TS2503: Cannot find namespace 'React'.
vendor/pi-desktop/apps/desktop/src/components/ComposerAutocomplete.tsx(95,9): error TS7026: JSX element implicitly has type 'any' because no interface 'JSX.IntrinsicElements' exists.
vendor/pi-desktop/apps/desktop/src/components/ComposerAutocomplete.tsx(96,11): error TS7026: JSX element implicitly has type 'any' because no interface 'JSX.IntrinsicElements' exists.
vendor/pi-desktop/apps/desktop/src/components/ComposerAutocomplete.tsx(98,11): error TS7026: JSX element implicitly has type 'any' because no interface 'JSX.IntrinsicElements' exists.
vendor/pi-desktop/apps/desktop/src/components/ComposerAutocomplete.tsx(99,11): error TS7026: JSX element implicitly has type 'any' because no interface 'JSX.IntrinsicElements' exists.
vendor/pi-desktop/apps/desktop/src/components/ComposerAutocomplete.tsx(101,11): error TS7026: JSX element implicitly has type 'any' because no interface 'JSX.IntrinsicElements' exists.
vendor/pi-desktop/apps/desktop/src/components/ComposerAutocomplete.tsx(103,13): error TS7026: JSX element implicitly has type 'any' because no interface 'JSX.IntrinsicElements' exists.
vendor/pi-desktop/apps/desktop/src/components/ComposerAutocomplete.tsx(103,75): error TS7026: JSX element implicitly has type 'any' because no interface 'JSX.IntrinsicElements' exists.
vendor/pi-desktop/apps/desktop/src/components/ComposerAutocomplete.tsx(106,13): error TS7026: JSX element implicitly has type 'any' because no interface 'JSX.IntrinsicElements' exists.
vendor/pi-desktop/apps/desktop/src/components/ComposerAutocomplete.tsx(106,74): error TS7026: JSX element implicitly has type 'any' because no interface 'JSX.IntrinsicElements' exists.
vendor/pi-desktop/apps/desktop/src/components/ComposerAutocomplete.tsx(108,9): error TS7026: JSX element implicitly has type 'any' because no interface 'JSX.IntrinsicElements' exists.
vendor/pi-desktop/apps/desktop/src/components/ComposerAutocomplete.tsx(115,7): error TS7026: JSX element implicitly has type 'any' because no interface 'JSX.IntrinsicElements' exists.
vendor/pi-desktop/apps/desktop/src/components/ComposerAutocomplete.tsx(120,9): error TS7026: JSX element implicitly has type 'any' because no interface 'JSX.IntrinsicElements' exists.
vendor/pi-desktop/apps/desktop/src/components/ComposerAutocomplete.tsx(122,9): error TS7026: JSX element implicitly has type 'any' because no interface 'JSX.IntrinsicElements' exists.
vendor/pi-desktop/apps/desktop/src/components/ComposerAutocomplete.tsx(123,9): error TS7026: JSX element implicitly has type 'any' because no interface 'JSX.IntrinsicElements' exists.
vendor/pi-desktop/apps/desktop/src/components/ComposerAutocomplete.tsx(123,57): error TS7026: JSX element implicitly has type 'any' because no interface 'JSX.IntrinsicElements' exists.
vendor/pi-desktop/apps/desktop/src/components/ComposerAutocomplete.tsx(124,7): error TS7026: JSX element implicitly has type 'any' because no interface 'JSX.IntrinsicElements' exists.
vendor/pi-desktop/apps/desktop/src/components/ComposerAutocomplete.tsx(128,15): error TS2503: Cannot find namespace 'React'.
vendor/pi-desktop/apps/desktop/src/components/ComposerAutocomplete.tsx(130,21): error TS7006: Parameter 'item' implicitly has an 'any' type.
vendor/pi-desktop/apps/desktop/src/components/ComposerAutocomplete.tsx(130,27): error TS7006: Parameter 'index' implicitly has an 'any' type.
vendor/pi-desktop/apps/desktop/src/components/ComposerAutocomplete.tsx(136,11): error TS7026: JSX element implicitly has type 'any' because no interface 'JSX.IntrinsicElements' exists.
vendor/pi-desktop/apps/desktop/src/components/ComposerAutocomplete.tsx(137,16): error TS7053: Element implicitly has an 'any' type because expression of type 'any' can't be used to index type 'Record<"plugin" | "template" | "builtin", string>'.
vendor/pi-desktop/apps/desktop/src/components/ComposerAutocomplete.tsx(138,11): error TS7026: JSX element implicitly has type 'any' because no interface 'JSX.IntrinsicElements' exists.
vendor/pi-desktop/apps/desktop/src/components/ComposerAutocomplete.tsx(153,5): error TS7026: JSX element implicitly has type 'any' because no interface 'JSX.IntrinsicElements' exists.
vendor/pi-desktop/apps/desktop/src/components/ComposerAutocomplete.tsx(158,7): error TS7026: JSX element implicitly has type 'any' because no interface 'JSX.IntrinsicElements' exists.
vendor/pi-desktop/apps/desktop/src/components/ComposerAutocomplete.tsx(162,11): error TS7026: JSX element implicitly has type 'any' because no interface 'JSX.IntrinsicElements' exists.
vendor/pi-desktop/apps/desktop/src/components/ComposerAutocomplete.tsx(162,62): error TS7026: JSX element implicitly has type 'any' because no interface 'JSX.IntrinsicElements' exists.
vendor/pi-desktop/apps/desktop/src/components/ComposerAutocomplete.tsx(164,7): error TS7026: JSX element implicitly has type 'any' because no interface 'JSX.IntrinsicElements' exists.
vendor/pi-desktop/apps/desktop/src/components/ComposerAutocomplete.tsx(165,7): error TS7026: JSX element implicitly has type 'any' because no interface 'JSX.IntrinsicElements' exists.
vendor/pi-desktop/apps/desktop/src/components/ComposerAutocomplete.tsx(166,9): error TS7026: JSX element implicitly has type 'any' because no interface 'JSX.IntrinsicElements' exists.
vendor/pi-desktop/apps/desktop/src/components/ComposerAutocomplete.tsx(166,33): error TS7026: JSX element implicitly has type 'any' because no interface 'JSX.IntrinsicElements' exists.
vendor/pi-desktop/apps/desktop/src/components/ComposerAutocomplete.tsx(168,11): error TS7026: JSX element implicitly has type 'any' because no interface 'JSX.IntrinsicElements' exists.
vendor/pi-desktop/apps/desktop/src/components/ComposerAutocomplete.tsx(168,76): error TS7026: JSX element implicitly has type 'any' because no interface 'JSX.IntrinsicElements' exists.
vendor/pi-desktop/apps/desktop/src/components/ComposerAutocomplete.tsx(170,7): error TS7026: JSX element implicitly has type 'any' because no interface 'JSX.IntrinsicElements' exists.
vendor/pi-desktop/apps/desktop/src/components/ComposerAutocomplete.tsx(171,5): error TS7026: JSX element implicitly has type 'any' because no interface 'JSX.IntrinsicElements' exists.
vendor/pi-desktop/apps/desktop/src/components/ContextUsageInspector.tsx(8,8): error TS7016: Could not find a declaration file for module 'react'. 'C:/cm-plan-next-20260910/vendor/pi-desktop/node_modules/.pnpm/react@19.2.8/node_modules/react/index.js' implicitly has an 'any' type.
  Try `npm i --save-dev @types/react` if it exists or add a new declaration (.d.ts) file containing `declare module 'react';`
vendor/pi-desktop/apps/desktop/src/components/ContextUsageInspector.tsx(9,30): error TS7016: Could not find a declaration file for module 'react-dom'. 'C:/cm-plan-next-20260910/vendor/pi-desktop/node_modules/.pnpm/react-dom@19.2.8_react@19.2.8/node_modules/react-dom/index.js' implicitly has an 'any' type.
  Try `npm i --save-dev @types/react-dom` if it exists or add a new declaration (.d.ts) file containing `declare module 'react-dom';`
vendor/pi-desktop/apps/desktop/src/components/ContextUsageInspector.tsx(100,14): error TS7006: Parameter 'previous' implicitly has an 'any' type.
vendor/pi-desktop/apps/desktop/src/components/ContextUsageInspector.tsx(141,25): error TS7006: Parameter 'previous' implicitly has an 'any' type.
vendor/pi-desktop/apps/desktop/src/components/ContextUsageInspector.tsx(211,5): error TS7026: JSX element implicitly has type 'any' because no interface 'JSX.IntrinsicElements' exists.
vendor/pi-desktop/apps/desktop/src/components/ContextUsageInspector.tsx(211,5): error TS7016: Could not find a declaration file for module 'react/jsx-runtime'. 'C:/cm-plan-next-20260910/vendor/pi-desktop/node_modules/.pnpm/react@19.2.8/node_modules/react/jsx-runtime.js' implicitly has an 'any' type.
  Try `npm i --save-dev @types/react` if it exists or add a new declaration (.d.ts) file containing `declare module 'react/jsx-runtime';`
vendor/pi-desktop/apps/desktop/src/components/ContextUsageInspector.tsx(226,7): error TS7026: JSX element implicitly has type 'any' because no interface 'JSX.IntrinsicElements' exists.
vendor/pi-desktop/apps/desktop/src/components/ContextUsageInspector.tsx(227,9): error TS7026: JSX element implicitly has type 'any' because no interface 'JSX.IntrinsicElements' exists.
vendor/pi-desktop/apps/desktop/src/components/ContextUsageInspector.tsx(231,9): error TS7026: JSX element implicitly has type 'any' because no interface 'JSX.IntrinsicElements' exists.
vendor/pi-desktop/apps/desktop/src/components/ContextUsageInspector.tsx(232,9): error TS7026: JSX element implicitly has type 'any' because no interface 'JSX.IntrinsicElements' exists.
vendor/pi-desktop/apps/desktop/src/components/ContextUsageInspector.tsx(234,9): error TS7026: JSX element implicitly has type 'any' because no interface 'JSX.IntrinsicElements' exists.
vendor/pi-desktop/apps/desktop/src/components/ContextUsageInspector.tsx(235,7): error TS7026: JSX element implicitly has type 'any' because no interface 'JSX.IntrinsicElements' exists.
vendor/pi-desktop/apps/desktop/src/components/ContextUsageInspector.tsx(236,7): error TS7026: JSX element implicitly has type 'any' because no interface 'JSX.IntrinsicElements' exists.
vendor/pi-desktop/apps/desktop/src/components/ContextUsageInspector.tsx(237,9): error TS7026: JSX element implicitly has type 'any' because no interface 'JSX.IntrinsicElements' exists.
vendor/pi-desktop/apps/desktop/src/components/ContextUsageInspector.tsx(237,45): error TS7026: JSX element implicitly has type 'any' because no interface 'JSX.IntrinsicElements' exists.
vendor/pi-desktop/apps/desktop/src/components/ContextUsageInspector.tsx(238,9): error TS7026: JSX element implicitly has type 'any' because no interface 'JSX.IntrinsicElements' exists.
vendor/pi-desktop/apps/desktop/src/components/ContextUsageInspector.tsx(243,9): error TS7026: JSX element implicitly has type 'any' because no interface 'JSX.IntrinsicElements' exists.
vendor/pi-desktop/apps/desktop/src/components/ContextUsageInspector.tsx(244,9): error TS7026: JSX element implicitly has type 'any' because no interface 'JSX.IntrinsicElements' exists.
vendor/pi-desktop/apps/desktop/src/components/ContextUsageInspector.tsx(246,9): error TS7026: JSX element implicitly has type 'any' because no interface 'JSX.IntrinsicElements' exists.
vendor/pi-desktop/apps/desktop/src/components/ContextUsageInspector.tsx(247,7): error TS7026: JSX element implicitly has type 'any' because no interface 'JSX.IntrinsicElements' exists.
vendor/pi-desktop/apps/desktop/src/components/ContextUsageInspector.tsx(248,7): error TS7026: JSX element implicitly has type 'any' because no interface 'JSX.IntrinsicElements' exists.
vendor/pi-desktop/apps/desktop/src/components/ContextUsageInspector.tsx(249,9): error TS7026: JSX element implicitly has type 'any' because no interface 'JSX.IntrinsicElements' exists.
vendor/pi-desktop/apps/desktop/src/components/ContextUsageInspector.tsx(250,11): error TS7026: JSX element implicitly has type 'any' because no interface 'JSX.IntrinsicElements' exists.
vendor/pi-desktop/apps/desktop/src/components/ContextUsageInspector.tsx(250,43): error TS7026: JSX element implicitly has type 'any' because no interface 'JSX.IntrinsicElements' exists.
vendor/pi-desktop/apps/desktop/src/components/ContextUsageInspector.tsx(251,11): error TS7026: JSX element implicitly has type 'any' because no interface 'JSX.IntrinsicElements' exists.
vendor/pi-desktop/apps/desktop/src/components/ContextUsageInspector.tsx(251,48): error TS7026: JSX element implicitly has type 'any' because no interface 'JSX.IntrinsicElements' exists.
vendor/pi-desktop/apps/desktop/src/components/ContextUsageInspector.tsx(252,9): error TS7026: JSX element implicitly has type 'any' because no interface 'JSX.IntrinsicElements' exists.
vendor/pi-desktop/apps/desktop/src/components/ContextUsageInspector.tsx(253,9): error TS7026: JSX element implicitly has type 'any' because no interface 'JSX.IntrinsicElements' exists.
vendor/pi-desktop/apps/desktop/src/components/ContextUsageInspector.tsx(254,11): error TS7026: JSX element implicitly has type 'any' because no interface 'JSX.IntrinsicElements' exists.
vendor/pi-desktop/apps/desktop/src/components/ContextUsageInspector.tsx(254,49): error TS7026: JSX element implicitly has type 'any' because no interface 'JSX.IntrinsicElements' exists.
vendor/pi-desktop/apps/desktop/src/components/ContextUsageInspector.tsx(255,11): error TS7026: JSX element implicitly has type 'any' because no interface 'JSX.IntrinsicElements' exists.
vendor/pi-desktop/apps/desktop/src/components/ContextUsageInspector.tsx(266,11): error TS7026: JSX element implicitly has type 'any' because no interface 'JSX.IntrinsicElements' exists.
vendor/pi-desktop/apps/desktop/src/components/ContextUsageInspector.tsx(267,9): error TS7026: JSX element implicitly has type 'any' because no interface 'JSX.IntrinsicElements' exists.
vendor/pi-desktop/apps/desktop/src/components/ContextUsageInspector.tsx(268,7): error TS7026: JSX element implicitly has type 'any' because no interface 'JSX.IntrinsicElements' exists.
vendor/pi-desktop/apps/desktop/src/components/ContextUsageInspector.tsx(269,7): error TS7026: JSX element implicitly has type 'any' because no interface 'JSX.IntrinsicElements' exists.
vendor/pi-desktop/apps/desktop/src/components/ContextUsageInspector.tsx(270,9): error TS7026: JSX element implicitly has type 'any' because no interface 'JSX.IntrinsicElements' exists.
vendor/pi-desktop/apps/desktop/src/components/ContextUsageInspector.tsx(271,11): error TS7026: JSX element implicitly has type 'any' because no interface 'JSX.IntrinsicElements' exists.
vendor/pi-desktop/apps/desktop/src/components/ContextUsageInspector.tsx(271,49): error TS7026: JSX element implicitly has type 'any' because no interface 'JSX.IntrinsicElements' exists.
vendor/pi-desktop/apps/desktop/src/components/ContextUsageInspector.tsx(272,11): error TS7026: JSX element implicitly has type 'any' because no interface 'JSX.IntrinsicElements' exists.
vendor/pi-desktop/apps/desktop/src/components/ContextUsageInspector.tsx(273,13): error TS7026: JSX element implicitly has type 'any' because no interface 'JSX.IntrinsicElements' exists.
vendor/pi-desktop/apps/desktop/src/components/ContextUsageInspector.tsx(275,13): error TS7026: JSX element implicitly has type 'any' because no interface 'JSX.IntrinsicElements' exists.
vendor/pi-desktop/apps/desktop/src/components/ContextUsageInspector.tsx(276,13): error TS7026: JSX element implicitly has type 'any' because no interface 'JSX.IntrinsicElements' exists.
vendor/pi-desktop/apps/desktop/src/components/ContextUsageInspector.tsx(278,13): error TS7026: JSX element implicitly has type 'any' because no interface 'JSX.IntrinsicElements' exists.
vendor/pi-desktop/apps/desktop/src/components/ContextUsageInspector.tsx(280,15): error TS7026: JSX element implicitly has type 'any' because no interface 'JSX.IntrinsicElements' exists.
vendor/pi-desktop/apps/desktop/src/components/ContextUsageInspector.tsx(282,15): error TS7026: JSX element implicitly has type 'any' because no interface 'JSX.IntrinsicElements' exists.
vendor/pi-desktop/apps/desktop/src/components/ContextUsageInspector.tsx(285,15): error TS7026: JSX element implicitly has type 'any' because no interface 'JSX.IntrinsicElements' exists.
vendor/pi-desktop/apps/desktop/src/components/ContextUsageInspector.tsx(287,15): error TS7026: JSX element implicitly has type 'any' because no interface 'JSX.IntrinsicElements' exists.
vendor/pi-desktop/apps/desktop/src/components/ContextUsageInspector.tsx(290,15): error TS7026: JSX element implicitly has type 'any' because no interface 'JSX.IntrinsicElements' exists.
vendor/pi-desktop/apps/desktop/src/components/ContextUsageInspector.tsx(292,15): error TS7026: JSX element implicitly has type 'any' because no interface 'JSX.IntrinsicElements' exists.
vendor/pi-desktop/apps/desktop/src/components/ContextUsageInspector.tsx(295,15): error TS7026: JSX element implicitly has type 'any' because no interface 'JSX.IntrinsicElements' exists.
vendor/pi-desktop/apps/desktop/src/components/ContextUsageInspector.tsx(297,15): error TS7026: JSX element implicitly has type 'any' because no interface 'JSX.IntrinsicElements' exists.
vendor/pi-desktop/apps/desktop/src/components/ContextUsageInspector.tsx(299,11): error TS7026: JSX element implicitly has type 'any' because no interface 'JSX.IntrinsicElements' exists.
vendor/pi-desktop/apps/desktop/src/components/ContextUsageInspector.tsx(300,9): error TS7026: JSX element implicitly has type 'any' because no interface 'JSX.IntrinsicElements' exists.
vendor/pi-desktop/apps/desktop/src/components/ContextUsageInspector.tsx(301,9): error TS7026: JSX element implicitly has type 'any' because no interface 'JSX.IntrinsicElements' exists.
vendor/pi-desktop/apps/desktop/src/components/ContextUsageInspector.tsx(302,11): error TS7026: JSX element implicitly has type 'any' because no interface 'JSX.IntrinsicElements' exists.
vendor/pi-desktop/apps/desktop/src/components/ContextUsageInspector.tsx(302,41): error TS7026: JSX element implicitly has type 'any' because no interface 'JSX.IntrinsicElements' exists.
vendor/pi-desktop/apps/desktop/src/components/ContextUsageInspector.tsx(303,11): error TS7026: JSX element implicitly has type 'any' because no interface 'JSX.IntrinsicElements' exists.
vendor/pi-desktop/apps/desktop/src/components/ContextUsageInspector.tsx(311,11): error TS7026: JSX element implicitly has type 'any' because no interface 'JSX.IntrinsicElements' exists.
vendor/pi-desktop/apps/desktop/src/components/ContextUsageInspector.tsx(312,9): error TS7026: JSX element implicitly has type 'any' because no interface 'JSX.IntrinsicElements' exists.
vendor/pi-desktop/apps/desktop/src/components/ContextUsageInspector.tsx(313,7): error TS7026: JSX element implicitly has type 'any' because no interface 'JSX.IntrinsicElements' exists.
vendor/pi-desktop/apps/desktop/src/components/ContextUsageInspector.tsx(315,9): error TS7026: JSX element implicitly has type 'any' because no interface 'JSX.IntrinsicElements' exists.
vendor/pi-desktop/apps/desktop/src/components/ContextUsageInspector.tsx(316,11): error TS7026: JSX element implicitly has type 'any' because no interface 'JSX.IntrinsicElements' exists.
vendor/pi-desktop/apps/desktop/src/components/ContextUsageInspector.tsx(318,11): error TS7026: JSX element implicitly has type 'any' because no interface 'JSX.IntrinsicElements' exists.
vendor/pi-desktop/apps/desktop/src/components/ContextUsageInspector.tsx(319,11): error TS7026: JSX element implicitly has type 'any' because no interface 'JSX.IntrinsicElements' exists.
vendor/pi-desktop/apps/desktop/src/components/ContextUsageInspector.tsx(319,64): error TS7026: JSX element implicitly has type 'any' because no interface 'JSX.IntrinsicElements' exists.
vendor/pi-desktop/apps/desktop/src/components/ContextUsageInspector.tsx(320,9): error TS7026: JSX element implicitly has type 'any' because no interface 'JSX.IntrinsicElements' exists.
vendor/pi-desktop/apps/desktop/src/components/ContextUsageInspector.tsx(322,5): error TS7026: JSX element implicitly has type 'any' because no interface 'JSX.IntrinsicElements' exists.
vendor/pi-desktop/apps/desktop/src/components/ContextUsageInspector.tsx(326,5): error TS7026: JSX element implicitly has type 'any' because no interface 'JSX.IntrinsicElements' exists.
vendor/pi-desktop/apps/desktop/src/components/ContextUsageInspector.tsx(331,7): error TS7026: JSX element implicitly has type 'any' because no interface 'JSX.IntrinsicElements' exists.
vendor/pi-desktop/apps/desktop/src/components/ContextUsageInspector.tsx(344,9): error TS7026: JSX element implicitly has type 'any' because no interface 'JSX.IntrinsicElements' exists.
vendor/pi-desktop/apps/desktop/src/components/ContextUsageInspector.tsx(349,11): error TS7026: JSX element implicitly has type 'any' because no interface 'JSX.IntrinsicElements' exists.
vendor/pi-desktop/apps/desktop/src/components/ContextUsageInspector.tsx(355,11): error TS7026: JSX element implicitly has type 'any' because no interface 'JSX.IntrinsicElements' exists.
vendor/pi-desktop/apps/desktop/src/components/ContextUsageInspector.tsx(365,9): error TS7026: JSX element implicitly has type 'any' because no interface 'JSX.IntrinsicElements' exists.
vendor/pi-desktop/apps/desktop/src/components/ContextUsageInspector.tsx(366,9): error TS7026: JSX element implicitly has type 'any' because no interface 'JSX.IntrinsicElements' exists.
vendor/pi-desktop/apps/desktop/src/components/ContextUsageInspector.tsx(368,9): error TS7026: JSX element implicitly has type 'any' because no interface 'JSX.IntrinsicElements' exists.
vendor/pi-desktop/apps/desktop/src/components/ContextUsageInspector.tsx(369,7): error TS7026: JSX element implicitly has type 'any' because no interface 'JSX.IntrinsicElements' exists.
vendor/pi-desktop/apps/desktop/src/components/ContextUsageInspector.tsx(373,5): error TS7026: JSX element implicitly has type 'any' because no interface 'JSX.IntrinsicElements' exists.
vendor/pi-desktop/apps/desktop/src/components/ConversationMinimap.tsx(10,8): error TS7016: Could not find a declaration file for module 'react'. 'C:/cm-plan-next-20260910/vendor/pi-desktop/node_modules/.pnpm/react@19.2.8/node_modules/react/index.js' implicitly has an 'any' type.
  Try `npm i --save-dev @types/react` if it exists or add a new declaration (.d.ts) file containing `declare module 'react';`
vendor/pi-desktop/apps/desktop/src/components/ConversationMinimap.tsx(73,25): error TS7006: Parameter 'marker' implicitly has an 'any' type.
vendor/pi-desktop/apps/desktop/src/components/ConversationMinimap.tsx(88,55): error TS7006: Parameter 'marker' implicitly has an 'any' type.
vendor/pi-desktop/apps/desktop/src/components/ConversationMinimap.tsx(90,68): error TS7006: Parameter 'node' implicitly has an 'any' type.
vendor/pi-desktop/apps/desktop/src/components/ConversationMinimap.tsx(128,55): error TS7006: Parameter 'marker' implicitly has an 'any' type.
vendor/pi-desktop/apps/desktop/src/components/ConversationMinimap.tsx(130,68): error TS7006: Parameter 'node' implicitly has an 'any' type.
vendor/pi-desktop/apps/desktop/src/components/ConversationMinimap.tsx(266,41): error TS7006: Parameter 'entry' implicitly has an 'any' type.
vendor/pi-desktop/apps/desktop/src/components/ConversationMinimap.tsx(307,47): error TS7006: Parameter 'm' implicitly has an 'any' type.
vendor/pi-desktop/apps/desktop/src/components/ConversationMinimap.tsx(314,21): error TS7006: Parameter 'prev' implicitly has an 'any' type.
vendor/pi-desktop/apps/desktop/src/components/ConversationMinimap.tsx(326,13): error TS2503: Cannot find namespace 'React'.
vendor/pi-desktop/apps/desktop/src/components/ConversationMinimap.tsx(360,5): error TS7026: JSX element implicitly has type 'any' because no interface 'JSX.IntrinsicElements' exists.
vendor/pi-desktop/apps/desktop/src/components/ConversationMinimap.tsx(360,5): error TS7016: Could not find a declaration file for module 'react/jsx-runtime'. 'C:/cm-plan-next-20260910/vendor/pi-desktop/node_modules/.pnpm/react@19.2.8/node_modules/react/jsx-runtime.js' implicitly has an 'any' type.
  Try `npm i --save-dev @types/react` if it exists or add a new declaration (.d.ts) file containing `declare module 'react/jsx-runtime';`
vendor/pi-desktop/apps/desktop/src/components/ConversationMinimap.tsx(373,9): error TS7026: JSX element implicitly has type 'any' because no interface 'JSX.IntrinsicElements' exists.
vendor/pi-desktop/apps/desktop/src/components/ConversationMinimap.tsx(375,17): error TS7006: Parameter 'node' implicitly has an 'any' type.
vendor/pi-desktop/apps/desktop/src/components/ConversationMinimap.tsx(387,21): error TS7006: Parameter 'marker' implicitly has an 'any' type.
vendor/pi-desktop/apps/desktop/src/components/ConversationMinimap.tsx(388,9): error TS7026: JSX element implicitly has type 'any' because no interface 'JSX.IntrinsicElements' exists.
vendor/pi-desktop/apps/desktop/src/components/ConversationMinimap.tsx(390,17): error TS7006: Parameter 'node' implicitly has an 'any' type.
vendor/pi-desktop/apps/desktop/src/components/ConversationMinimap.tsx(399,21): error TS7006: Parameter 'event' implicitly has an 'any' type.
vendor/pi-desktop/apps/desktop/src/components/ConversationMinimap.tsx(410,9): error TS7026: JSX element implicitly has type 'any' because no interface 'JSX.IntrinsicElements' exists.
vendor/pi-desktop/apps/desktop/src/components/ConversationMinimap.tsx(415,11): error TS7026: JSX element implicitly has type 'any' because no interface 'JSX.IntrinsicElements' exists.
vendor/pi-desktop/apps/desktop/src/components/ConversationMinimap.tsx(417,11): error TS7026: JSX element implicitly has type 'any' because no interface 'JSX.IntrinsicElements' exists.
vendor/pi-desktop/apps/desktop/src/components/ConversationMinimap.tsx(418,11): error TS7026: JSX element implicitly has type 'any' because no interface 'JSX.IntrinsicElements' exists.
vendor/pi-desktop/apps/desktop/src/components/ConversationMinimap.tsx(418,73): error TS7026: JSX element implicitly has type 'any' because no interface 'JSX.IntrinsicElements' exists.
vendor/pi-desktop/apps/desktop/src/components/ConversationMinimap.tsx(419,9): error TS7026: JSX element implicitly has type 'any' because no interface 'JSX.IntrinsicElements' exists.
vendor/pi-desktop/apps/desktop/src/components/ConversationMinimap.tsx(421,5): error TS7026: JSX element implicitly has type 'any' because no interface 'JSX.IntrinsicElements' exists.
vendor/pi-desktop/apps/desktop/src/components/ConversationTopbar.tsx(58,5): error TS7026: JSX element implicitly has type 'any' because no interface 'JSX.IntrinsicElements' exists.
vendor/pi-desktop/apps/desktop/src/components/ConversationTopbar.tsx(58,5): error TS7016: Could not find a declaration file for module 'react/jsx-runtime'. 'C:/cm-plan-next-20260910/vendor/pi-desktop/node_modules/.pnpm/react@19.2.8/node_modules/react/jsx-runtime.js' implicitly has an 'any' type.
  Try `npm i --save-dev @types/react` if it exists or add a new declaration (.d.ts) file containing `declare module 'react/jsx-runtime';`
vendor/pi-desktop/apps/desktop/src/components/ConversationTopbar.tsx(65,7): error TS7026: JSX element implicitly has type 'any' because no interface 'JSX.IntrinsicElements' exists.
vendor/pi-desktop/apps/desktop/src/components/ConversationTopbar.tsx(71,9): error TS7026: JSX element implicitly has type 'any' because no interface 'JSX.IntrinsicElements' exists.
vendor/pi-desktop/apps/desktop/src/components/ConversationTopbar.tsx(72,11): error TS7026: JSX element implicitly has type 'any' because no interface 'JSX.IntrinsicElements' exists.
vendor/pi-desktop/apps/desktop/src/components/ConversationTopbar.tsx(81,11): error TS7026: JSX element implicitly has type 'any' because no interface 'JSX.IntrinsicElements' exists.
vendor/pi-desktop/apps/desktop/src/components/ConversationTopbar.tsx(82,9): error TS7026: JSX element implicitly has type 'any' because no interface 'JSX.IntrinsicElements' exists.
vendor/pi-desktop/apps/desktop/src/components/ConversationTopbar.tsx(83,9): error TS7026: JSX element implicitly has type 'any' because no interface 'JSX.IntrinsicElements' exists.
vendor/pi-desktop/apps/desktop/src/components/ConversationTopbar.tsx(87,11): error TS7026: JSX element implicitly has type 'any' because no interface 'JSX.IntrinsicElements' exists.
vendor/pi-desktop/apps/desktop/src/components/ConversationTopbar.tsx(87,49): error TS7026: JSX element implicitly has type 'any' because no interface 'JSX.IntrinsicElements' exists.
vendor/pi-desktop/apps/desktop/src/components/ConversationTopbar.tsx(88,9): error TS7026: JSX element implicitly has type 'any' because no interface 'JSX.IntrinsicElements' exists.
vendor/pi-desktop/apps/desktop/src/components/ConversationTopbar.tsx(89,7): error TS7026: JSX element implicitly has type 'any' because no interface 'JSX.IntrinsicElements' exists.
vendor/pi-desktop/apps/desktop/src/components/ConversationTopbar.tsx(91,7): error TS7026: JSX element implicitly has type 'any' because no interface 'JSX.IntrinsicElements' exists.
vendor/pi-desktop/apps/desktop/src/components/ConversationTopbar.tsx(92,9): error TS7026: JSX element implicitly has type 'any' because no interface 'JSX.IntrinsicElements' exists.
vendor/pi-desktop/apps/desktop/src/components/ConversationTopbar.tsx(93,11): error TS7026: JSX element implicitly has type 'any' because no interface 'JSX.IntrinsicElements' exists.
vendor/pi-desktop/apps/desktop/src/components/ConversationTopbar.tsx(101,11): error TS7026: JSX element implicitly has type 'any' because no interface 'JSX.IntrinsicElements' exists.
vendor/pi-desktop/apps/desktop/src/components/ConversationTopbar.tsx(102,11): error TS7026: JSX element implicitly has type 'any' because no interface 'JSX.IntrinsicElements' exists.
vendor/pi-desktop/apps/desktop/src/components/ConversationTopbar.tsx(110,11): error TS7026: JSX element implicitly has type 'any' because no interface 'JSX.IntrinsicElements' exists.
vendor/pi-desktop/apps/desktop/src/components/ConversationTopbar.tsx(111,9): error TS7026: JSX element implicitly has type 'any' because no interface 'JSX.IntrinsicElements' exists.
vendor/pi-desktop/apps/desktop/src/components/ConversationTopbar.tsx(112,7): error TS7026: JSX element implicitly has type 'any' because no interface 'JSX.IntrinsicElements' exists.
vendor/pi-desktop/apps/desktop/src/components/ConversationTopbar.tsx(113,5): error TS7026: JSX element implicitly has type 'any' because no interface 'JSX.IntrinsicElements' exists.
vendor/pi-desktop/apps/desktop/src/components/craftmine/assets/AssetAnnotationEditor.tsx(1,35): error TS7016: Could not find a declaration file for module 'react'. 'C:/cm-plan-next-20260910/vendor/pi-desktop/node_modules/.pnpm/react@19.2.8/node_modules/react/index.js' implicitly has an 'any' type.
  Try `npm i --save-dev @types/react` if it exists or add a new declaration (.d.ts) file containing `declare module 'react';`
vendor/pi-desktop/apps/desktop/src/components/craftmine/assets/AssetAnnotationEditor.tsx(25,10): error TS7026: JSX element implicitly has type 'any' because no interface 'JSX.IntrinsicElements' exists.
vendor/pi-desktop/apps/desktop/src/components/craftmine/assets/AssetAnnotationEditor.tsx(25,10): error TS7016: Could not find a declaration file for module 'react/jsx-runtime'. 'C:/cm-plan-next-20260910/vendor/pi-desktop/node_modules/.pnpm/react@19.2.8/node_modules/react/jsx-runtime.js' implicitly has an 'any' type.
  Try `npm i --save-dev @types/react` if it exists or add a new declaration (.d.ts) file containing `declare module 'react/jsx-runtime';`
vendor/pi-desktop/apps/desktop/src/components/craftmine/assets/AssetAnnotationEditor.tsx(26,5): error TS7026: JSX element implicitly has type 'any' because no interface 'JSX.IntrinsicElements' exists.
vendor/pi-desktop/apps/desktop/src/components/craftmine/assets/AssetAnnotationEditor.tsx(26,53): error TS7006: Parameter 'event' implicitly has an 'any' type.
vendor/pi-desktop/apps/desktop/src/components/craftmine/assets/AssetAnnotationEditor.tsx(33,5): error TS7026: JSX element implicitly has type 'any' because no interface 'JSX.IntrinsicElements' exists.
vendor/pi-desktop/apps/desktop/src/components/craftmine/assets/AssetAnnotationEditor.tsx(34,5): error TS7026: JSX element implicitly has type 'any' because no interface 'JSX.IntrinsicElements' exists.
vendor/pi-desktop/apps/desktop/src/components/craftmine/assets/AssetAnnotationEditor.tsx(34,49): error TS7006: Parameter 'event' implicitly has an 'any' type.
vendor/pi-desktop/apps/desktop/src/components/craftmine/assets/AssetAnnotationEditor.tsx(38,42): error TS2347: Untyped function calls may not accept type arguments.
vendor/pi-desktop/apps/desktop/src/components/craftmine/assets/AssetAnnotationEditor.tsx(43,7): error TS7026: JSX element implicitly has type 'any' because no interface 'JSX.IntrinsicElements' exists.
vendor/pi-desktop/apps/desktop/src/components/craftmine/assets/AssetAnnotationEditor.tsx(44,9): error TS7026: JSX element implicitly has type 'any' because no interface 'JSX.IntrinsicElements' exists.
vendor/pi-desktop/apps/desktop/src/components/craftmine/assets/AssetAnnotationEditor.tsx(44,97): error TS7026: JSX element implicitly has type 'any' because no interface 'JSX.IntrinsicElements' exists.
vendor/pi-desktop/apps/desktop/src/components/craftmine/assets/AssetAnnotationEditor.tsx(46,21): error TS7006: Parameter 'event' implicitly has an 'any' type.
vendor/pi-desktop/apps/desktop/src/components/craftmine/assets/AssetAnnotationEditor.tsx(47,7): error TS7026: JSX element implicitly has type 'any' because no interface 'JSX.IntrinsicElements' exists.
vendor/pi-desktop/apps/desktop/src/components/craftmine/assets/AssetAnnotationEditor.tsx(49,5): error TS7026: JSX element implicitly has type 'any' because no interface 'JSX.IntrinsicElements' exists.
vendor/pi-desktop/apps/desktop/src/components/craftmine/assets/AssetAnnotationEditor.tsx(50,20): error TS7026: JSX element implicitly has type 'any' because no interface 'JSX.IntrinsicElements' exists.
vendor/pi-desktop/apps/desktop/src/components/craftmine/assets/AssetAnnotationEditor.tsx(50,126): error TS7026: JSX element implicitly has type 'any' because no interface 'JSX.IntrinsicElements' exists.
vendor/pi-desktop/apps/desktop/src/components/craftmine/assets/AssetAnnotationEditor.tsx(51,22): error TS7026: JSX element implicitly has type 'any' because no interface 'JSX.IntrinsicElements' exists.
vendor/pi-desktop/apps/desktop/src/components/craftmine/assets/AssetAnnotationEditor.tsx(51,65): error TS7026: JSX element implicitly has type 'any' because no interface 'JSX.IntrinsicElements' exists.
vendor/pi-desktop/apps/desktop/src/components/craftmine/assets/AssetAnnotationEditor.tsx(52,21): error TS7026: JSX element implicitly has type 'any' because no interface 'JSX.IntrinsicElements' exists.
vendor/pi-desktop/apps/desktop/src/components/craftmine/assets/AssetAnnotationEditor.tsx(52,66): error TS7006: Parameter 'event' implicitly has an 'any' type.
vendor/pi-desktop/apps/desktop/src/components/craftmine/assets/AssetAnnotationEditor.tsx(56,7): error TS7026: JSX element implicitly has type 'any' because no interface 'JSX.IntrinsicElements' exists.
vendor/pi-desktop/apps/desktop/src/components/craftmine/assets/AssetAnnotationEditor.tsx(56,95): error TS7026: JSX element implicitly has type 'any' because no interface 'JSX.IntrinsicElements' exists.
vendor/pi-desktop/apps/desktop/src/components/craftmine/assets/AssetAnnotationEditor.tsx(58,5): error TS7026: JSX element implicitly has type 'any' because no interface 'JSX.IntrinsicElements' exists.
vendor/pi-desktop/apps/desktop/src/components/craftmine/assets/AssetAnnotationEditor.tsx(59,3): error TS7026: JSX element implicitly has type 'any' because no interface 'JSX.IntrinsicElements' exists.
vendor/pi-desktop/apps/desktop/src/components/craftmine/assets/AssetLibraryPanel.tsx(1,46): error TS7016: Could not find a declaration file for module 'react'. 'C:/cm-plan-next-20260910/vendor/pi-desktop/node_modules/.pnpm/react@19.2.8/node_modules/react/index.js' implicitly has an 'any' type.
  Try `npm i --save-dev @types/react` if it exists or add a new declaration (.d.ts) file containing `declare module 'react';`
vendor/pi-desktop/apps/desktop/src/components/craftmine/assets/AssetLibraryPanel.tsx(151,12): error TS7006: Parameter 'channel' implicitly has an 'any' type.
vendor/pi-desktop/apps/desktop/src/components/craftmine/assets/AssetLibraryPanel.tsx(151,21): error TS7006: Parameter 'payload' implicitly has an 'any' type.
vendor/pi-desktop/apps/desktop/src/components/craftmine/assets/AssetLibraryPanel.tsx(280,5): error TS7026: JSX element implicitly has type 'any' because no interface 'JSX.IntrinsicElements' exists.
vendor/pi-desktop/apps/desktop/src/components/craftmine/assets/AssetLibraryPanel.tsx(280,5): error TS7016: Could not find a declaration file for module 'react/jsx-runtime'. 'C:/cm-plan-next-20260910/vendor/pi-desktop/node_modules/.pnpm/react@19.2.8/node_modules/react/jsx-runtime.js' implicitly has an 'any' type.
  Try `npm i --save-dev @types/react` if it exists or add a new declaration (.d.ts) file containing `declare module 'react/jsx-runtime';`
vendor/pi-desktop/apps/desktop/src/components/craftmine/assets/AssetLibraryPanel.tsx(286,7): error TS7026: JSX element implicitly has type 'any' because no interface 'JSX.IntrinsicElements' exists.
vendor/pi-desktop/apps/desktop/src/components/craftmine/assets/AssetLibraryPanel.tsx(287,9): error TS7026: JSX element implicitly has type 'any' because no interface 'JSX.IntrinsicElements' exists.
vendor/pi-desktop/apps/desktop/src/components/craftmine/assets/AssetLibraryPanel.tsx(287,65): error TS7026: JSX element implicitly has type 'any' because no interface 'JSX.IntrinsicElements' exists.
vendor/pi-desktop/apps/desktop/src/components/craftmine/assets/AssetLibraryPanel.tsx(306,7): error TS7026: JSX element implicitly has type 'any' because no interface 'JSX.IntrinsicElements' exists.
vendor/pi-desktop/apps/desktop/src/components/craftmine/assets/AssetLibraryPanel.tsx(309,9): error TS7026: JSX element implicitly has type 'any' because no interface 'JSX.IntrinsicElements' exists.
vendor/pi-desktop/apps/desktop/src/components/craftmine/assets/AssetLibraryPanel.tsx(311,9): error TS7026: JSX element implicitly has type 'any' because no interface 'JSX.IntrinsicElements' exists.
vendor/pi-desktop/apps/desktop/src/components/craftmine/assets/AssetLibraryPanel.tsx(314,9): error TS7026: JSX element implicitly has type 'any' because no interface 'JSX.IntrinsicElements' exists.
vendor/pi-desktop/apps/desktop/src/components/craftmine/assets/AssetLibraryPanel.tsx(316,9): error TS7026: JSX element implicitly has type 'any' because no interface 'JSX.IntrinsicElements' exists.
vendor/pi-desktop/apps/desktop/src/components/craftmine/assets/AssetLibraryPanel.tsx(319,7): error TS7026: JSX element implicitly has type 'any' because no interface 'JSX.IntrinsicElements' exists.
vendor/pi-desktop/apps/desktop/src/components/craftmine/assets/AssetLibraryPanel.tsx(320,9): error TS7026: JSX element implicitly has type 'any' because no interface 'JSX.IntrinsicElements' exists.
vendor/pi-desktop/apps/desktop/src/components/craftmine/assets/AssetLibraryPanel.tsx(323,22): error TS7006: Parameter 'event' implicitly has an 'any' type.
vendor/pi-desktop/apps/desktop/src/components/craftmine/assets/AssetLibraryPanel.tsx(325,27): error TS2347: Untyped function calls may not accept type arguments.
vendor/pi-desktop/apps/desktop/src/components/craftmine/assets/AssetLibraryPanel.tsx(330,11): error TS7026: JSX element implicitly has type 'any' because no interface 'JSX.IntrinsicElements' exists.
vendor/pi-desktop/apps/desktop/src/components/craftmine/assets/AssetLibraryPanel.tsx(331,13): error TS7026: JSX element implicitly has type 'any' because no interface 'JSX.IntrinsicElements' exists.
vendor/pi-desktop/apps/desktop/src/components/craftmine/assets/AssetLibraryPanel.tsx(331,75): error TS7026: JSX element implicitly has type 'any' because no interface 'JSX.IntrinsicElements' exists.
vendor/pi-desktop/apps/desktop/src/components/craftmine/assets/AssetLibraryPanel.tsx(335,26): error TS7006: Parameter 'event' implicitly has an 'any' type.
vendor/pi-desktop/apps/desktop/src/components/craftmine/assets/AssetLibraryPanel.tsx(342,17): error TS7026: JSX element implicitly has type 'any' because no interface 'JSX.IntrinsicElements' exists.
vendor/pi-desktop/apps/desktop/src/components/craftmine/assets/AssetLibraryPanel.tsx(344,17): error TS7026: JSX element implicitly has type 'any' because no interface 'JSX.IntrinsicElements' exists.
vendor/pi-desktop/apps/desktop/src/components/craftmine/assets/AssetLibraryPanel.tsx(347,11): error TS7026: JSX element implicitly has type 'any' because no interface 'JSX.IntrinsicElements' exists.
vendor/pi-desktop/apps/desktop/src/components/craftmine/assets/AssetLibraryPanel.tsx(350,13): error TS7026: JSX element implicitly has type 'any' because no interface 'JSX.IntrinsicElements' exists.
vendor/pi-desktop/apps/desktop/src/components/craftmine/assets/AssetLibraryPanel.tsx(351,15): error TS7026: JSX element implicitly has type 'any' because no interface 'JSX.IntrinsicElements' exists.
vendor/pi-desktop/apps/desktop/src/components/craftmine/assets/AssetLibraryPanel.tsx(351,77): error TS7026: JSX element implicitly has type 'any' because no interface 'JSX.IntrinsicElements' exists.
vendor/pi-desktop/apps/desktop/src/components/craftmine/assets/AssetLibraryPanel.tsx(355,28): error TS7006: Parameter 'event' implicitly has an 'any' type.
vendor/pi-desktop/apps/desktop/src/components/craftmine/assets/AssetLibraryPanel.tsx(360,15): error TS7026: JSX element implicitly has type 'any' because no interface 'JSX.IntrinsicElements' exists.
vendor/pi-desktop/apps/desktop/src/components/craftmine/assets/AssetLibraryPanel.tsx(360,80): error TS7026: JSX element implicitly has type 'any' because no interface 'JSX.IntrinsicElements' exists.
vendor/pi-desktop/apps/desktop/src/components/craftmine/assets/AssetLibraryPanel.tsx(361,13): error TS7026: JSX element implicitly has type 'any' because no interface 'JSX.IntrinsicElements' exists.
vendor/pi-desktop/apps/desktop/src/components/craftmine/assets/AssetLibraryPanel.tsx(364,11): error TS7026: JSX element implicitly has type 'any' because no interface 'JSX.IntrinsicElements' exists.
vendor/pi-desktop/apps/desktop/src/components/craftmine/assets/AssetLibraryPanel.tsx(365,13): error TS7026: JSX element implicitly has type 'any' because no interface 'JSX.IntrinsicElements' exists.
vendor/pi-desktop/apps/desktop/src/components/craftmine/assets/AssetLibraryPanel.tsx(365,75): error TS7026: JSX element implicitly has type 'any' because no interface 'JSX.IntrinsicElements' exists.
vendor/pi-desktop/apps/desktop/src/components/craftmine/assets/AssetLibraryPanel.tsx(369,26): error TS7006: Parameter 'event' implicitly has an 'any' type.
vendor/pi-desktop/apps/desktop/src/components/craftmine/assets/AssetLibraryPanel.tsx(371,11): error TS7026: JSX element implicitly has type 'any' because no interface 'JSX.IntrinsicElements' exists.
vendor/pi-desktop/apps/desktop/src/components/craftmine/assets/AssetLibraryPanel.tsx(373,11): error TS7026: JSX element implicitly has type 'any' because no interface 'JSX.IntrinsicElements' exists.
vendor/pi-desktop/apps/desktop/src/components/craftmine/assets/AssetLibraryPanel.tsx(374,13): error TS7026: JSX element implicitly has type 'any' because no interface 'JSX.IntrinsicElements' exists.
vendor/pi-desktop/apps/desktop/src/components/craftmine/assets/AssetLibraryPanel.tsx(374,74): error TS7026: JSX element implicitly has type 'any' because no interface 'JSX.IntrinsicElements' exists.
vendor/pi-desktop/apps/desktop/src/components/craftmine/assets/AssetLibraryPanel.tsx(378,26): error TS7006: Parameter 'event' implicitly has an 'any' type.
vendor/pi-desktop/apps/desktop/src/components/craftmine/assets/AssetLibraryPanel.tsx(384,15): error TS7026: JSX element implicitly has type 'any' because no interface 'JSX.IntrinsicElements' exists.
vendor/pi-desktop/apps/desktop/src/components/craftmine/assets/AssetLibraryPanel.tsx(384,48): error TS7026: JSX element implicitly has type 'any' because no interface 'JSX.IntrinsicElements' exists.
vendor/pi-desktop/apps/desktop/src/components/craftmine/assets/AssetLibraryPanel.tsx(386,17): error TS7026: JSX element implicitly has type 'any' because no interface 'JSX.IntrinsicElements' exists.
vendor/pi-desktop/apps/desktop/src/components/craftmine/assets/AssetLibraryPanel.tsx(388,17): error TS7026: JSX element implicitly has type 'any' because no interface 'JSX.IntrinsicElements' exists.
vendor/pi-desktop/apps/desktop/src/components/craftmine/assets/AssetLibraryPanel.tsx(391,11): error TS7026: JSX element implicitly has type 'any' because no interface 'JSX.IntrinsicElements' exists.
vendor/pi-desktop/apps/desktop/src/components/craftmine/assets/AssetLibraryPanel.tsx(393,11): error TS7026: JSX element implicitly has type 'any' because no interface 'JSX.IntrinsicElements' exists.
vendor/pi-desktop/apps/desktop/src/components/craftmine/assets/AssetLibraryPanel.tsx(394,13): error TS7026: JSX element implicitly has type 'any' because no interface 'JSX.IntrinsicElements' exists.
vendor/pi-desktop/apps/desktop/src/components/craftmine/assets/AssetLibraryPanel.tsx(394,79): error TS7026: JSX element implicitly has type 'any' because no interface 'JSX.IntrinsicElements' exists.
vendor/pi-desktop/apps/desktop/src/components/craftmine/assets/AssetLibraryPanel.tsx(398,26): error TS7006: Parameter 'event' implicitly has an 'any' type.
vendor/pi-desktop/apps/desktop/src/components/craftmine/assets/AssetLibraryPanel.tsx(404,15): error TS7026: JSX element implicitly has type 'any' because no interface 'JSX.IntrinsicElements' exists.
vendor/pi-desktop/apps/desktop/src/components/craftmine/assets/AssetLibraryPanel.tsx(404,48): error TS7026: JSX element implicitly has type 'any' because no interface 'JSX.IntrinsicElements' exists.
vendor/pi-desktop/apps/desktop/src/components/craftmine/assets/AssetLibraryPanel.tsx(406,17): error TS7026: JSX element implicitly has type 'any' because no interface 'JSX.IntrinsicElements' exists.
vendor/pi-desktop/apps/desktop/src/components/craftmine/assets/AssetLibraryPanel.tsx(408,17): error TS7026: JSX element implicitly has type 'any' because no interface 'JSX.IntrinsicElements' exists.
vendor/pi-desktop/apps/desktop/src/components/craftmine/assets/AssetLibraryPanel.tsx(411,11): error TS7026: JSX element implicitly has type 'any' because no interface 'JSX.IntrinsicElements' exists.
vendor/pi-desktop/apps/desktop/src/components/craftmine/assets/AssetLibraryPanel.tsx(413,11): error TS7026: JSX element implicitly has type 'any' because no interface 'JSX.IntrinsicElements' exists.
vendor/pi-desktop/apps/desktop/src/components/craftmine/assets/AssetLibraryPanel.tsx(414,13): error TS7026: JSX element implicitly has type 'any' because no interface 'JSX.IntrinsicElements' exists.
vendor/pi-desktop/apps/desktop/src/components/craftmine/assets/AssetLibraryPanel.tsx(414,74): error TS7026: JSX element implicitly has type 'any' because no interface 'JSX.IntrinsicElements' exists.
vendor/pi-desktop/apps/desktop/src/components/craftmine/assets/AssetLibraryPanel.tsx(418,26): error TS7006: Parameter 'event' implicitly has an 'any' type.
vendor/pi-desktop/apps/desktop/src/components/craftmine/assets/AssetLibraryPanel.tsx(423,11): error TS7026: JSX element implicitly has type 'any' because no interface 'JSX.IntrinsicElements' exists.
vendor/pi-desktop/apps/desktop/src/components/craftmine/assets/AssetLibraryPanel.tsx(425,11): error TS7026: JSX element implicitly has type 'any' because no interface 'JSX.IntrinsicElements' exists.
vendor/pi-desktop/apps/desktop/src/components/craftmine/assets/AssetLibraryPanel.tsx(426,13): error TS7026: JSX element implicitly has type 'any' because no interface 'JSX.IntrinsicElements' exists.
vendor/pi-desktop/apps/desktop/src/components/craftmine/assets/AssetLibraryPanel.tsx(430,26): error TS7006: Parameter 'event' implicitly has an 'any' type.
vendor/pi-desktop/apps/desktop/src/components/craftmine/assets/AssetLibraryPanel.tsx(435,13): error TS7026: JSX element implicitly has type 'any' because no interface 'JSX.IntrinsicElements' exists.
vendor/pi-desktop/apps/desktop/src/components/craftmine/assets/AssetLibraryPanel.tsx(435,45): error TS7026: JSX element implicitly has type 'any' because no interface 'JSX.IntrinsicElements' exists.
vendor/pi-desktop/apps/desktop/src/components/craftmine/assets/AssetLibraryPanel.tsx(436,11): error TS7026: JSX element implicitly has type 'any' because no interface 'JSX.IntrinsicElements' exists.
vendor/pi-desktop/apps/desktop/src/components/craftmine/assets/AssetLibraryPanel.tsx(437,11): error TS7026: JSX element implicitly has type 'any' because no interface 'JSX.IntrinsicElements' exists.
vendor/pi-desktop/apps/desktop/src/components/craftmine/assets/AssetLibraryPanel.tsx(438,13): error TS7026: JSX element implicitly has type 'any' because no interface 'JSX.IntrinsicElements' exists.
vendor/pi-desktop/apps/desktop/src/components/craftmine/assets/AssetLibraryPanel.tsx(442,26): error TS7006: Parameter 'event' implicitly has an 'any' type.
vendor/pi-desktop/apps/desktop/src/components/craftmine/assets/AssetLibraryPanel.tsx(447,13): error TS7026: JSX element implicitly has type 'any' because no interface 'JSX.IntrinsicElements' exists.
vendor/pi-desktop/apps/desktop/src/components/craftmine/assets/AssetLibraryPanel.tsx(447,42): error TS7026: JSX element implicitly has type 'any' because no interface 'JSX.IntrinsicElements' exists.
vendor/pi-desktop/apps/desktop/src/components/craftmine/assets/AssetLibraryPanel.tsx(448,11): error TS7026: JSX element implicitly has type 'any' because no interface 'JSX.IntrinsicElements' exists.
vendor/pi-desktop/apps/desktop/src/components/craftmine/assets/AssetLibraryPanel.tsx(453,9): error TS7026: JSX element implicitly has type 'any' because no interface 'JSX.IntrinsicElements' exists.
vendor/pi-desktop/apps/desktop/src/components/craftmine/assets/AssetLibraryPanel.tsx(455,9): error TS7026: JSX element implicitly has type 'any' because no interface 'JSX.IntrinsicElements' exists.
vendor/pi-desktop/apps/desktop/src/components/craftmine/assets/AssetLibraryPanel.tsx(457,13): error TS7026: JSX element implicitly has type 'any' because no interface 'JSX.IntrinsicElements' exists.
vendor/pi-desktop/apps/desktop/src/components/craftmine/assets/AssetLibraryPanel.tsx(459,13): error TS7026: JSX element implicitly has type 'any' because no interface 'JSX.IntrinsicElements' exists.
vendor/pi-desktop/apps/desktop/src/components/craftmine/assets/AssetLibraryPanel.tsx(462,13): error TS7026: JSX element implicitly has type 'any' because no interface 'JSX.IntrinsicElements' exists.
vendor/pi-desktop/apps/desktop/src/components/craftmine/assets/AssetLibraryPanel.tsx(463,15): error TS7026: JSX element implicitly has type 'any' because no interface 'JSX.IntrinsicElements' exists.
vendor/pi-desktop/apps/desktop/src/components/craftmine/assets/AssetLibraryPanel.tsx(463,36): error TS7026: JSX element implicitly has type 'any' because no interface 'JSX.IntrinsicElements' exists.
vendor/pi-desktop/apps/desktop/src/components/craftmine/assets/AssetLibraryPanel.tsx(464,15): error TS7026: JSX element implicitly has type 'any' because no interface 'JSX.IntrinsicElements' exists.
vendor/pi-desktop/apps/desktop/src/components/craftmine/assets/AssetLibraryPanel.tsx(464,77): error TS7026: JSX element implicitly has type 'any' because no interface 'JSX.IntrinsicElements' exists.
vendor/pi-desktop/apps/desktop/src/components/craftmine/assets/AssetLibraryPanel.tsx(465,13): error TS7026: JSX element implicitly has type 'any' because no interface 'JSX.IntrinsicElements' exists.
vendor/pi-desktop/apps/desktop/src/components/craftmine/assets/AssetLibraryPanel.tsx(468,13): error TS7026: JSX element implicitly has type 'any' because no interface 'JSX.IntrinsicElements' exists.
vendor/pi-desktop/apps/desktop/src/components/craftmine/assets/AssetLibraryPanel.tsx(470,13): error TS7026: JSX element implicitly has type 'any' because no interface 'JSX.IntrinsicElements' exists.
vendor/pi-desktop/apps/desktop/src/components/craftmine/assets/AssetLibraryPanel.tsx(472,11): error TS7026: JSX element implicitly has type 'any' because no interface 'JSX.IntrinsicElements' exists.
vendor/pi-desktop/apps/desktop/src/components/craftmine/assets/AssetLibraryPanel.tsx(479,17): error TS7026: JSX element implicitly has type 'any' because no interface 'JSX.IntrinsicElements' exists.
vendor/pi-desktop/apps/desktop/src/components/craftmine/assets/AssetLibraryPanel.tsx(479,64): error TS7026: JSX element implicitly has type 'any' because no interface 'JSX.IntrinsicElements' exists.
vendor/pi-desktop/apps/desktop/src/components/craftmine/assets/AssetLibraryPanel.tsx(479,132): error TS7006: Parameter 'event' implicitly has an 'any' type.
vendor/pi-desktop/apps/desktop/src/components/craftmine/assets/AssetLibraryPanel.tsx(480,19): error TS7026: JSX element implicitly has type 'any' because no interface 'JSX.IntrinsicElements' exists.
vendor/pi-desktop/apps/desktop/src/components/craftmine/assets/AssetLibraryPanel.tsx(487,21): error TS7026: JSX element implicitly has type 'any' because no interface 'JSX.IntrinsicElements' exists.
vendor/pi-desktop/apps/desktop/src/components/craftmine/assets/AssetLibraryPanel.tsx(492,21): error TS7026: JSX element implicitly has type 'any' because no interface 'JSX.IntrinsicElements' exists.
vendor/pi-desktop/apps/desktop/src/components/craftmine/assets/AssetLibraryPanel.tsx(493,23): error TS7026: JSX element implicitly has type 'any' because no interface 'JSX.IntrinsicElements' exists.
vendor/pi-desktop/apps/desktop/src/components/craftmine/assets/AssetLibraryPanel.tsx(493,83): error TS7026: JSX element implicitly has type 'any' because no interface 'JSX.IntrinsicElements' exists.
vendor/pi-desktop/apps/desktop/src/components/craftmine/assets/AssetLibraryPanel.tsx(494,23): error TS7026: JSX element implicitly has type 'any' because no interface 'JSX.IntrinsicElements' exists.
vendor/pi-desktop/apps/desktop/src/components/craftmine/assets/AssetLibraryPanel.tsx(497,23): error TS7026: JSX element implicitly has type 'any' because no interface 'JSX.IntrinsicElements' exists.
vendor/pi-desktop/apps/desktop/src/components/craftmine/assets/AssetLibraryPanel.tsx(498,23): error TS7026: JSX element implicitly has type 'any' because no interface 'JSX.IntrinsicElements' exists.
vendor/pi-desktop/apps/desktop/src/components/craftmine/assets/AssetLibraryPanel.tsx(500,27): error TS7026: JSX element implicitly has type 'any' because no interface 'JSX.IntrinsicElements' exists.
vendor/pi-desktop/apps/desktop/src/components/craftmine/assets/AssetLibraryPanel.tsx(502,27): error TS7026: JSX element implicitly has type 'any' because no interface 'JSX.IntrinsicElements' exists.
vendor/pi-desktop/apps/desktop/src/components/craftmine/assets/AssetLibraryPanel.tsx(504,23): error TS7026: JSX element implicitly has type 'any' because no interface 'JSX.IntrinsicElements' exists.
vendor/pi-desktop/apps/desktop/src/components/craftmine/assets/AssetLibraryPanel.tsx(505,21): error TS7026: JSX element implicitly has type 'any' because no interface 'JSX.IntrinsicElements' exists.
vendor/pi-desktop/apps/desktop/src/components/craftmine/assets/AssetLibraryPanel.tsx(506,19): error TS7026: JSX element implicitly has type 'any' because no interface 'JSX.IntrinsicElements' exists.
vendor/pi-desktop/apps/desktop/src/components/craftmine/assets/AssetLibraryPanel.tsx(506,28): error TS7026: JSX element implicitly has type 'any' because no interface 'JSX.IntrinsicElements' exists.
vendor/pi-desktop/apps/desktop/src/components/craftmine/assets/AssetLibraryPanel.tsx(507,17): error TS7026: JSX element implicitly has type 'any' because no interface 'JSX.IntrinsicElements' exists.
vendor/pi-desktop/apps/desktop/src/components/craftmine/assets/AssetLibraryPanel.tsx(510,11): error TS7026: JSX element implicitly has type 'any' because no interface 'JSX.IntrinsicElements' exists.
vendor/pi-desktop/apps/desktop/src/components/craftmine/assets/AssetLibraryPanel.tsx(522,9): error TS7026: JSX element implicitly has type 'any' because no interface 'JSX.IntrinsicElements' exists.
vendor/pi-desktop/apps/desktop/src/components/craftmine/assets/AssetLibraryPanel.tsx(524,9): error TS7026: JSX element implicitly has type 'any' because no interface 'JSX.IntrinsicElements' exists.
vendor/pi-desktop/apps/desktop/src/components/craftmine/assets/AssetLibraryPanel.tsx(525,11): error TS7026: JSX element implicitly has type 'any' because no interface 'JSX.IntrinsicElements' exists.
vendor/pi-desktop/apps/desktop/src/components/craftmine/assets/AssetLibraryPanel.tsx(535,13): error TS7026: JSX element implicitly has type 'any' because no interface 'JSX.IntrinsicElements' exists.
vendor/pi-desktop/apps/desktop/src/components/craftmine/assets/AssetLibraryPanel.tsx(535,76): error TS7026: JSX element implicitly has type 'any' because no interface 'JSX.IntrinsicElements' exists.
vendor/pi-desktop/apps/desktop/src/components/craftmine/assets/AssetLibraryPanel.tsx(536,11): error TS7026: JSX element implicitly has type 'any' because no interface 'JSX.IntrinsicElements' exists.
vendor/pi-desktop/apps/desktop/src/components/craftmine/assets/AssetLibraryPanel.tsx(539,13): error TS7026: JSX element implicitly has type 'any' because no interface 'JSX.IntrinsicElements' exists.
vendor/pi-desktop/apps/desktop/src/components/craftmine/assets/AssetLibraryPanel.tsx(541,13): error TS7026: JSX element implicitly has type 'any' because no interface 'JSX.IntrinsicElements' exists.
vendor/pi-desktop/apps/desktop/src/components/craftmine/assets/AssetLibraryPanel.tsx(546,15): error TS7026: JSX element implicitly has type 'any' because no interface 'JSX.IntrinsicElements' exists.
vendor/pi-desktop/apps/desktop/src/components/craftmine/assets/AssetLibraryPanel.tsx(546,87): error TS7026: JSX element implicitly has type 'any' because no interface 'JSX.IntrinsicElements' exists.
vendor/pi-desktop/apps/desktop/src/components/craftmine/assets/AssetLibraryPanel.tsx(547,15): error TS7026: JSX element implicitly has type 'any' because no interface 'JSX.IntrinsicElements' exists.
vendor/pi-desktop/apps/desktop/src/components/craftmine/assets/AssetLibraryPanel.tsx(551,15): error TS7026: JSX element implicitly has type 'any' because no interface 'JSX.IntrinsicElements' exists.
vendor/pi-desktop/apps/desktop/src/components/craftmine/assets/AssetLibraryPanel.tsx(552,15): error TS7026: JSX element implicitly has type 'any' because no interface 'JSX.IntrinsicElements' exists.
vendor/pi-desktop/apps/desktop/src/components/craftmine/assets/AssetLibraryPanel.tsx(554,19): error TS7026: JSX element implicitly has type 'any' because no interface 'JSX.IntrinsicElements' exists.
vendor/pi-desktop/apps/desktop/src/components/craftmine/assets/AssetLibraryPanel.tsx(556,19): error TS7026: JSX element implicitly has type 'any' because no interface 'JSX.IntrinsicElements' exists.
vendor/pi-desktop/apps/desktop/src/components/craftmine/assets/AssetLibraryPanel.tsx(558,15): error TS7026: JSX element implicitly has type 'any' because no interface 'JSX.IntrinsicElements' exists.
vendor/pi-desktop/apps/desktop/src/components/craftmine/assets/AssetLibraryPanel.tsx(560,38): error TS2322: Type '{ key: string; controller: AssetLibraryController; lang: CraftmineLang; }' is not assignable to type '{ controller: AssetLibraryController; lang: CraftmineLang; }'.
  Property 'key' does not exist on type '{ controller: AssetLibraryController; lang: CraftmineLang; }'.
vendor/pi-desktop/apps/desktop/src/components/craftmine/assets/AssetLibraryPanel.tsx(562,15): error TS7026: JSX element implicitly has type 'any' because no interface 'JSX.IntrinsicElements' exists.
vendor/pi-desktop/apps/desktop/src/components/craftmine/assets/AssetLibraryPanel.tsx(562,72): error TS7026: JSX element implicitly has type 'any' because no interface 'JSX.IntrinsicElements' exists.
vendor/pi-desktop/apps/desktop/src/components/craftmine/assets/AssetLibraryPanel.tsx(563,15): error TS7026: JSX element implicitly has type 'any' because no interface 'JSX.IntrinsicElements' exists.
vendor/pi-desktop/apps/desktop/src/components/craftmine/assets/AssetLibraryPanel.tsx(564,17): error TS7026: JSX element implicitly has type 'any' because no interface 'JSX.IntrinsicElements' exists.
vendor/pi-desktop/apps/desktop/src/components/craftmine/assets/AssetLibraryPanel.tsx(564,40): error TS7026: JSX element implicitly has type 'any' because no interface 'JSX.IntrinsicElements' exists.
vendor/pi-desktop/apps/desktop/src/components/craftmine/assets/AssetLibraryPanel.tsx(565,17): error TS7026: JSX element implicitly has type 'any' because no interface 'JSX.IntrinsicElements' exists.
vendor/pi-desktop/apps/desktop/src/components/craftmine/assets/AssetLibraryPanel.tsx(565,61): error TS7026: JSX element implicitly has type 'any' because no interface 'JSX.IntrinsicElements' exists.
vendor/pi-desktop/apps/desktop/src/components/craftmine/assets/AssetLibraryPanel.tsx(566,17): error TS7026: JSX element implicitly has type 'any' because no interface 'JSX.IntrinsicElements' exists.
vendor/pi-desktop/apps/desktop/src/components/craftmine/assets/AssetLibraryPanel.tsx(566,40): error TS7026: JSX element implicitly has type 'any' because no interface 'JSX.IntrinsicElements' exists.
vendor/pi-desktop/apps/desktop/src/components/craftmine/assets/AssetLibraryPanel.tsx(567,17): error TS7026: JSX element implicitly has type 'any' because no interface 'JSX.IntrinsicElements' exists.
vendor/pi-desktop/apps/desktop/src/components/craftmine/assets/AssetLibraryPanel.tsx(567,61): error TS7026: JSX element implicitly has type 'any' because no interface 'JSX.IntrinsicElements' exists.
vendor/pi-desktop/apps/desktop/src/components/craftmine/assets/AssetLibraryPanel.tsx(568,17): error TS7026: JSX element implicitly has type 'any' because no interface 'JSX.IntrinsicElements' exists.
vendor/pi-desktop/apps/desktop/src/components/craftmine/assets/AssetLibraryPanel.tsx(568,41): error TS7026: JSX element implicitly has type 'any' because no interface 'JSX.IntrinsicElements' exists.
vendor/pi-desktop/apps/desktop/src/components/craftmine/assets/AssetLibraryPanel.tsx(569,17): error TS7026: JSX element implicitly has type 'any' because no interface 'JSX.IntrinsicElements' exists.
vendor/pi-desktop/apps/desktop/src/components/craftmine/assets/AssetLibraryPanel.tsx(569,62): error TS7026: JSX element implicitly has type 'any' because no interface 'JSX.IntrinsicElements' exists.
vendor/pi-desktop/apps/desktop/src/components/craftmine/assets/AssetLibraryPanel.tsx(570,17): error TS7026: JSX element implicitly has type 'any' because no interface 'JSX.IntrinsicElements' exists.
vendor/pi-desktop/apps/desktop/src/components/craftmine/assets/AssetLibraryPanel.tsx(570,47): error TS7026: JSX element implicitly has type 'any' because no interface 'JSX.IntrinsicElements' exists.
vendor/pi-desktop/apps/desktop/src/components/craftmine/assets/AssetLibraryPanel.tsx(571,17): error TS7026: JSX element implicitly has type 'any' because no interface 'JSX.IntrinsicElements' exists.
vendor/pi-desktop/apps/desktop/src/components/craftmine/assets/AssetLibraryPanel.tsx(575,17): error TS7026: JSX element implicitly has type 'any' because no interface 'JSX.IntrinsicElements' exists.
vendor/pi-desktop/apps/desktop/src/components/craftmine/assets/AssetLibraryPanel.tsx(576,15): error TS7026: JSX element implicitly has type 'any' because no interface 'JSX.IntrinsicElements' exists.
vendor/pi-desktop/apps/desktop/src/components/craftmine/assets/AssetLibraryPanel.tsx(578,15): error TS7026: JSX element implicitly has type 'any' because no interface 'JSX.IntrinsicElements' exists.
vendor/pi-desktop/apps/desktop/src/components/craftmine/assets/AssetLibraryPanel.tsx(578,73): error TS7026: JSX element implicitly has type 'any' because no interface 'JSX.IntrinsicElements' exists.
vendor/pi-desktop/apps/desktop/src/components/craftmine/assets/AssetLibraryPanel.tsx(579,15): error TS7026: JSX element implicitly has type 'any' because no interface 'JSX.IntrinsicElements' exists.
vendor/pi-desktop/apps/desktop/src/components/craftmine/assets/AssetLibraryPanel.tsx(580,17): error TS7026: JSX element implicitly has type 'any' because no interface 'JSX.IntrinsicElements' exists.
vendor/pi-desktop/apps/desktop/src/components/craftmine/assets/AssetLibraryPanel.tsx(580,75): error TS7026: JSX element implicitly has type 'any' because no interface 'JSX.IntrinsicElements' exists.
vendor/pi-desktop/apps/desktop/src/components/craftmine/assets/AssetLibraryPanel.tsx(582,19): error TS7026: JSX element implicitly has type 'any' because no interface 'JSX.IntrinsicElements' exists.
vendor/pi-desktop/apps/desktop/src/components/craftmine/assets/AssetLibraryPanel.tsx(582,79): error TS7026: JSX element implicitly has type 'any' because no interface 'JSX.IntrinsicElements' exists.
vendor/pi-desktop/apps/desktop/src/components/craftmine/assets/AssetLibraryPanel.tsx(585,19): error TS7026: JSX element implicitly has type 'any' because no interface 'JSX.IntrinsicElements' exists.
vendor/pi-desktop/apps/desktop/src/components/craftmine/assets/AssetLibraryPanel.tsx(593,19): error TS7026: JSX element implicitly has type 'any' because no interface 'JSX.IntrinsicElements' exists.
vendor/pi-desktop/apps/desktop/src/components/craftmine/assets/AssetLibraryPanel.tsx(602,19): error TS7026: JSX element implicitly has type 'any' because no interface 'JSX.IntrinsicElements' exists.
vendor/pi-desktop/apps/desktop/src/components/craftmine/assets/AssetLibraryPanel.tsx(602,81): error TS7026: JSX element implicitly has type 'any' because no interface 'JSX.IntrinsicElements' exists.
vendor/pi-desktop/apps/desktop/src/components/craftmine/assets/AssetLibraryPanel.tsx(605,19): error TS7026: JSX element implicitly has type 'any' because no interface 'JSX.IntrinsicElements' exists.
vendor/pi-desktop/apps/desktop/src/components/craftmine/assets/AssetLibraryPanel.tsx(605,88): error TS7026: JSX element implicitly has type 'any' because no interface 'JSX.IntrinsicElements' exists.
vendor/pi-desktop/apps/desktop/src/components/craftmine/assets/AssetLibraryPanel.tsx(607,17): error TS7026: JSX element implicitly has type 'any' because no interface 'JSX.IntrinsicElements' exists.
vendor/pi-desktop/apps/desktop/src/components/craftmine/assets/AssetLibraryPanel.tsx(641,17): error TS7026: JSX element implicitly has type 'any' because no interface 'JSX.IntrinsicElements' exists.
vendor/pi-desktop/apps/desktop/src/components/craftmine/assets/AssetLibraryPanel.tsx(642,15): error TS7026: JSX element implicitly has type 'any' because no interface 'JSX.IntrinsicElements' exists.
vendor/pi-desktop/apps/desktop/src/components/craftmine/assets/AssetLibraryPanel.tsx(644,15): error TS7026: JSX element implicitly has type 'any' because no interface 'JSX.IntrinsicElements' exists.
vendor/pi-desktop/apps/desktop/src/components/craftmine/assets/AssetLibraryPanel.tsx(644,71): error TS7026: JSX element implicitly has type 'any' because no interface 'JSX.IntrinsicElements' exists.
vendor/pi-desktop/apps/desktop/src/components/craftmine/assets/AssetLibraryPanel.tsx(646,17): error TS7026: JSX element implicitly has type 'any' because no interface 'JSX.IntrinsicElements' exists.
vendor/pi-desktop/apps/desktop/src/components/craftmine/assets/AssetLibraryPanel.tsx(646,71): error TS7026: JSX element implicitly has type 'any' because no interface 'JSX.IntrinsicElements' exists.
vendor/pi-desktop/apps/desktop/src/components/craftmine/assets/AssetLibraryPanel.tsx(648,17): error TS7026: JSX element implicitly has type 'any' because no interface 'JSX.IntrinsicElements' exists.
vendor/pi-desktop/apps/desktop/src/components/craftmine/assets/AssetLibraryPanel.tsx(650,21): error TS7026: JSX element implicitly has type 'any' because no interface 'JSX.IntrinsicElements' exists.
vendor/pi-desktop/apps/desktop/src/components/craftmine/assets/AssetLibraryPanel.tsx(651,23): error TS7026: JSX element implicitly has type 'any' because no interface 'JSX.IntrinsicElements' exists.
vendor/pi-desktop/apps/desktop/src/components/craftmine/assets/AssetLibraryPanel.tsx(651,76): error TS7026: JSX element implicitly has type 'any' because no interface 'JSX.IntrinsicElements' exists.
vendor/pi-desktop/apps/desktop/src/components/craftmine/assets/AssetLibraryPanel.tsx(652,23): error TS7026: JSX element implicitly has type 'any' because no interface 'JSX.IntrinsicElements' exists.
vendor/pi-desktop/apps/desktop/src/components/craftmine/assets/AssetLibraryPanel.tsx(654,23): error TS7026: JSX element implicitly has type 'any' because no interface 'JSX.IntrinsicElements' exists.
vendor/pi-desktop/apps/desktop/src/components/craftmine/assets/AssetLibraryPanel.tsx(655,21): error TS7026: JSX element implicitly has type 'any' because no interface 'JSX.IntrinsicElements' exists.
vendor/pi-desktop/apps/desktop/src/components/craftmine/assets/AssetLibraryPanel.tsx(657,17): error TS7026: JSX element implicitly has type 'any' because no interface 'JSX.IntrinsicElements' exists.
vendor/pi-desktop/apps/desktop/src/components/craftmine/assets/AssetLibraryPanel.tsx(660,15): error TS7026: JSX element implicitly has type 'any' because no interface 'JSX.IntrinsicElements' exists.
vendor/pi-desktop/apps/desktop/src/components/craftmine/assets/AssetLibraryPanel.tsx(660,74): error TS7026: JSX element implicitly has type 'any' because no interface 'JSX.IntrinsicElements' exists.
vendor/pi-desktop/apps/desktop/src/components/craftmine/assets/AssetLibraryPanel.tsx(661,15): error TS7026: JSX element implicitly has type 'any' because no interface 'JSX.IntrinsicElements' exists.
vendor/pi-desktop/apps/desktop/src/components/craftmine/assets/AssetLibraryPanel.tsx(663,19): error TS7026: JSX element implicitly has type 'any' because no interface 'JSX.IntrinsicElements' exists.
vendor/pi-desktop/apps/desktop/src/components/craftmine/assets/AssetLibraryPanel.tsx(664,21): error TS7026: JSX element implicitly has type 'any' because no interface 'JSX.IntrinsicElements' exists.
vendor/pi-desktop/apps/desktop/src/components/craftmine/assets/AssetLibraryPanel.tsx(673,23): error TS7026: JSX element implicitly has type 'any' because no interface 'JSX.IntrinsicElements' exists.
vendor/pi-desktop/apps/desktop/src/components/craftmine/assets/AssetLibraryPanel.tsx(673,43): error TS7026: JSX element implicitly has type 'any' because no interface 'JSX.IntrinsicElements' exists.
vendor/pi-desktop/apps/desktop/src/components/craftmine/assets/AssetLibraryPanel.tsx(674,23): error TS7026: JSX element implicitly has type 'any' because no interface 'JSX.IntrinsicElements' exists.
vendor/pi-desktop/apps/desktop/src/components/craftmine/assets/AssetLibraryPanel.tsx(677,23): error TS7026: JSX element implicitly has type 'any' because no interface 'JSX.IntrinsicElements' exists.
vendor/pi-desktop/apps/desktop/src/components/craftmine/assets/AssetLibraryPanel.tsx(678,21): error TS7026: JSX element implicitly has type 'any' because no interface 'JSX.IntrinsicElements' exists.
vendor/pi-desktop/apps/desktop/src/components/craftmine/assets/AssetLibraryPanel.tsx(679,19): error TS7026: JSX element implicitly has type 'any' because no interface 'JSX.IntrinsicElements' exists.
vendor/pi-desktop/apps/desktop/src/components/craftmine/assets/AssetLibraryPanel.tsx(681,15): error TS7026: JSX element implicitly has type 'any' because no interface 'JSX.IntrinsicElements' exists.
vendor/pi-desktop/apps/desktop/src/components/craftmine/assets/AssetLibraryPanel.tsx(683,15): error TS7026: JSX element implicitly has type 'any' because no interface 'JSX.IntrinsicElements' exists.
vendor/pi-desktop/apps/desktop/src/components/craftmine/assets/AssetLibraryPanel.tsx(683,71): error TS7026: JSX element implicitly has type 'any' because no interface 'JSX.IntrinsicElements' exists.
vendor/pi-desktop/apps/desktop/src/components/craftmine/assets/AssetLibraryPanel.tsx(685,17): error TS7026: JSX element implicitly has type 'any' because no interface 'JSX.IntrinsicElements' exists.
vendor/pi-desktop/apps/desktop/src/components/craftmine/assets/AssetLibraryPanel.tsx(685,71): error TS7026: JSX element implicitly has type 'any' because no interface 'JSX.IntrinsicElements' exists.
vendor/pi-desktop/apps/desktop/src/components/craftmine/assets/AssetLibraryPanel.tsx(687,17): error TS7026: JSX element implicitly has type 'any' because no interface 'JSX.IntrinsicElements' exists.
vendor/pi-desktop/apps/desktop/src/components/craftmine/assets/AssetLibraryPanel.tsx(689,21): error TS7026: JSX element implicitly has type 'any' because no interface 'JSX.IntrinsicElements' exists.
vendor/pi-desktop/apps/desktop/src/components/craftmine/assets/AssetLibraryPanel.tsx(690,23): error TS7026: JSX element implicitly has type 'any' because no interface 'JSX.IntrinsicElements' exists.
vendor/pi-desktop/apps/desktop/src/components/craftmine/assets/AssetLibraryPanel.tsx(690,65): error TS7026: JSX element implicitly has type 'any' because no interface 'JSX.IntrinsicElements' exists.
vendor/pi-desktop/apps/desktop/src/components/craftmine/assets/AssetLibraryPanel.tsx(691,23): error TS7026: JSX element implicitly has type 'any' because no interface 'JSX.IntrinsicElements' exists.
vendor/pi-desktop/apps/desktop/src/components/craftmine/assets/AssetLibraryPanel.tsx(693,23): error TS7026: JSX element implicitly has type 'any' because no interface 'JSX.IntrinsicElements' exists.
vendor/pi-desktop/apps/desktop/src/components/craftmine/assets/AssetLibraryPanel.tsx(694,21): error TS7026: JSX element implicitly has type 'any' because no interface 'JSX.IntrinsicElements' exists.
vendor/pi-desktop/apps/desktop/src/components/craftmine/assets/AssetLibraryPanel.tsx(696,17): error TS7026: JSX element implicitly has type 'any' because no interface 'JSX.IntrinsicElements' exists.
vendor/pi-desktop/apps/desktop/src/components/craftmine/assets/AssetLibraryPanel.tsx(700,9): error TS7026: JSX element implicitly has type 'any' because no interface 'JSX.IntrinsicElements' exists.
vendor/pi-desktop/apps/desktop/src/components/craftmine/assets/AssetLibraryPanel.tsx(701,7): error TS7026: JSX element implicitly has type 'any' because no interface 'JSX.IntrinsicElements' exists.
vendor/pi-desktop/apps/desktop/src/components/craftmine/assets/AssetLibraryPanel.tsx(704,9): error TS7026: JSX element implicitly has type 'any' because no interface 'JSX.IntrinsicElements' exists.
vendor/pi-desktop/apps/desktop/src/components/craftmine/assets/AssetLibraryPanel.tsx(705,11): error TS7026: JSX element implicitly has type 'any' because no interface 'JSX.IntrinsicElements' exists.
vendor/pi-desktop/apps/desktop/src/components/craftmine/assets/AssetLibraryPanel.tsx(706,13): error TS7026: JSX element implicitly has type 'any' because no interface 'JSX.IntrinsicElements' exists.
vendor/pi-desktop/apps/desktop/src/components/craftmine/assets/AssetLibraryPanel.tsx(706,68): error TS7026: JSX element implicitly has type 'any' because no interface 'JSX.IntrinsicElements' exists.
vendor/pi-desktop/apps/desktop/src/components/craftmine/assets/AssetLibraryPanel.tsx(718,11): error TS7026: JSX element implicitly has type 'any' because no interface 'JSX.IntrinsicElements' exists.
vendor/pi-desktop/apps/desktop/src/components/craftmine/assets/AssetLibraryPanel.tsx(719,11): error TS7026: JSX element implicitly has type 'any' because no interface 'JSX.IntrinsicElements' exists.
vendor/pi-desktop/apps/desktop/src/components/craftmine/assets/AssetLibraryPanel.tsx(722,11): error TS7026: JSX element implicitly has type 'any' because no interface 'JSX.IntrinsicElements' exists.
vendor/pi-desktop/apps/desktop/src/components/craftmine/assets/AssetLibraryPanel.tsx(724,13): error TS7026: JSX element implicitly has type 'any' because no interface 'JSX.IntrinsicElements' exists.
vendor/pi-desktop/apps/desktop/src/components/craftmine/assets/AssetLibraryPanel.tsx(726,13): error TS7026: JSX element implicitly has type 'any' because no interface 'JSX.IntrinsicElements' exists.
vendor/pi-desktop/apps/desktop/src/components/craftmine/assets/AssetLibraryPanel.tsx(729,13): error TS7026: JSX element implicitly has type 'any' because no interface 'JSX.IntrinsicElements' exists.
vendor/pi-desktop/apps/desktop/src/components/craftmine/assets/AssetLibraryPanel.tsx(731,13): error TS7026: JSX element implicitly has type 'any' because no interface 'JSX.IntrinsicElements' exists.
vendor/pi-desktop/apps/desktop/src/components/craftmine/assets/AssetLibraryPanel.tsx(734,13): error TS7026: JSX element implicitly has type 'any' because no interface 'JSX.IntrinsicElements' exists.
vendor/pi-desktop/apps/desktop/src/components/craftmine/assets/AssetLibraryPanel.tsx(734,69): error TS7026: JSX element implicitly has type 'any' because no interface 'JSX.IntrinsicElements' exists.
vendor/pi-desktop/apps/desktop/src/components/craftmine/assets/AssetLibraryPanel.tsx(736,13): error TS7026: JSX element implicitly has type 'any' because no interface 'JSX.IntrinsicElements' exists.
vendor/pi-desktop/apps/desktop/src/components/craftmine/assets/AssetLibraryPanel.tsx(740,19): error TS7026: JSX element implicitly has type 'any' because no interface 'JSX.IntrinsicElements' exists.
vendor/pi-desktop/apps/desktop/src/components/craftmine/assets/AssetLibraryPanel.tsx(741,21): error TS7026: JSX element implicitly has type 'any' because no interface 'JSX.IntrinsicElements' exists.
vendor/pi-desktop/apps/desktop/src/components/craftmine/assets/AssetLibraryPanel.tsx(742,23): error TS7026: JSX element implicitly has type 'any' because no interface 'JSX.IntrinsicElements' exists.
vendor/pi-desktop/apps/desktop/src/components/craftmine/assets/AssetLibraryPanel.tsx(753,23): error TS7026: JSX element implicitly has type 'any' because no interface 'JSX.IntrinsicElements' exists.
vendor/pi-desktop/apps/desktop/src/components/craftmine/assets/AssetLibraryPanel.tsx(753,76): error TS7026: JSX element implicitly has type 'any' because no interface 'JSX.IntrinsicElements' exists.
vendor/pi-desktop/apps/desktop/src/components/craftmine/assets/AssetLibraryPanel.tsx(754,23): error TS7026: JSX element implicitly has type 'any' because no interface 'JSX.IntrinsicElements' exists.
vendor/pi-desktop/apps/desktop/src/components/craftmine/assets/AssetLibraryPanel.tsx(757,23): error TS7026: JSX element implicitly has type 'any' because no interface 'JSX.IntrinsicElements' exists.
vendor/pi-desktop/apps/desktop/src/components/craftmine/assets/AssetLibraryPanel.tsx(758,21): error TS7026: JSX element implicitly has type 'any' because no interface 'JSX.IntrinsicElements' exists.
vendor/pi-desktop/apps/desktop/src/components/craftmine/assets/AssetLibraryPanel.tsx(759,19): error TS7026: JSX element implicitly has type 'any' because no interface 'JSX.IntrinsicElements' exists.
vendor/pi-desktop/apps/desktop/src/components/craftmine/assets/AssetLibraryPanel.tsx(761,13): error TS7026: JSX element implicitly has type 'any' because no interface 'JSX.IntrinsicElements' exists.
vendor/pi-desktop/apps/desktop/src/components/craftmine/assets/AssetLibraryPanel.tsx(765,13): error TS7026: JSX element implicitly has type 'any' because no interface 'JSX.IntrinsicElements' exists.
vendor/pi-desktop/apps/desktop/src/components/craftmine/assets/AssetLibraryPanel.tsx(766,15): error TS7026: JSX element implicitly has type 'any' because no interface 'JSX.IntrinsicElements' exists.
vendor/pi-desktop/apps/desktop/src/components/craftmine/assets/AssetLibraryPanel.tsx(766,79): error TS7026: JSX element implicitly has type 'any' because no interface 'JSX.IntrinsicElements' exists.
vendor/pi-desktop/apps/desktop/src/components/craftmine/assets/AssetLibraryPanel.tsx(767,15): error TS7026: JSX element implicitly has type 'any' because no interface 'JSX.IntrinsicElements' exists.
vendor/pi-desktop/apps/desktop/src/components/craftmine/assets/AssetLibraryPanel.tsx(768,17): error TS7026: JSX element implicitly has type 'any' because no interface 'JSX.IntrinsicElements' exists.
vendor/pi-desktop/apps/desktop/src/components/craftmine/assets/AssetLibraryPanel.tsx(768,84): error TS7026: JSX element implicitly has type 'any' because no interface 'JSX.IntrinsicElements' exists.
vendor/pi-desktop/apps/desktop/src/components/craftmine/assets/AssetLibraryPanel.tsx(772,30): error TS7006: Parameter 'event' implicitly has an 'any' type.
vendor/pi-desktop/apps/desktop/src/components/craftmine/assets/AssetLibraryPanel.tsx(777,15): error TS7026: JSX element implicitly has type 'any' because no interface 'JSX.IntrinsicElements' exists.
vendor/pi-desktop/apps/desktop/src/components/craftmine/assets/AssetLibraryPanel.tsx(778,15): error TS7026: JSX element implicitly has type 'any' because no interface 'JSX.IntrinsicElements' exists.
vendor/pi-desktop/apps/desktop/src/components/craftmine/assets/AssetLibraryPanel.tsx(779,17): error TS7026: JSX element implicitly has type 'any' because no interface 'JSX.IntrinsicElements' exists.
vendor/pi-desktop/apps/desktop/src/components/craftmine/assets/AssetLibraryPanel.tsx(779,87): error TS7026: JSX element implicitly has type 'any' because no interface 'JSX.IntrinsicElements' exists.
vendor/pi-desktop/apps/desktop/src/components/craftmine/assets/AssetLibraryPanel.tsx(783,30): error TS7006: Parameter 'event' implicitly has an 'any' type.
vendor/pi-desktop/apps/desktop/src/components/craftmine/assets/AssetLibraryPanel.tsx(785,15): error TS7026: JSX element implicitly has type 'any' because no interface 'JSX.IntrinsicElements' exists.
vendor/pi-desktop/apps/desktop/src/components/craftmine/assets/AssetLibraryPanel.tsx(786,15): error TS7026: JSX element implicitly has type 'any' because no interface 'JSX.IntrinsicElements' exists.
vendor/pi-desktop/apps/desktop/src/components/craftmine/assets/AssetLibraryPanel.tsx(787,17): error TS7026: JSX element implicitly has type 'any' because no interface 'JSX.IntrinsicElements' exists.
vendor/pi-desktop/apps/desktop/src/components/craftmine/assets/AssetLibraryPanel.tsx(787,78): error TS7026: JSX element implicitly has type 'any' because no interface 'JSX.IntrinsicElements' exists.
vendor/pi-desktop/apps/desktop/src/components/craftmine/assets/AssetLibraryPanel.tsx(791,30): error TS7006: Parameter 'event' implicitly has an 'any' type.
vendor/pi-desktop/apps/desktop/src/components/craftmine/assets/AssetLibraryPanel.tsx(794,21): error TS7026: JSX element implicitly has type 'any' because no interface 'JSX.IntrinsicElements' exists.
vendor/pi-desktop/apps/desktop/src/components/craftmine/assets/AssetLibraryPanel.tsx(796,21): error TS7026: JSX element implicitly has type 'any' because no interface 'JSX.IntrinsicElements' exists.
vendor/pi-desktop/apps/desktop/src/components/craftmine/assets/AssetLibraryPanel.tsx(799,15): error TS7026: JSX element implicitly has type 'any' because no interface 'JSX.IntrinsicElements' exists.
vendor/pi-desktop/apps/desktop/src/components/craftmine/assets/AssetLibraryPanel.tsx(800,15): error TS7026: JSX element implicitly has type 'any' because no interface 'JSX.IntrinsicElements' exists.
vendor/pi-desktop/apps/desktop/src/components/craftmine/assets/AssetLibraryPanel.tsx(801,17): error TS7026: JSX element implicitly has type 'any' because no interface 'JSX.IntrinsicElements' exists.
vendor/pi-desktop/apps/desktop/src/components/craftmine/assets/AssetLibraryPanel.tsx(801,80): error TS7026: JSX element implicitly has type 'any' because no interface 'JSX.IntrinsicElements' exists.
vendor/pi-desktop/apps/desktop/src/components/craftmine/assets/AssetLibraryPanel.tsx(805,30): error TS7006: Parameter 'event' implicitly has an 'any' type.
vendor/pi-desktop/apps/desktop/src/components/craftmine/assets/AssetLibraryPanel.tsx(807,15): error TS7026: JSX element implicitly has type 'any' because no interface 'JSX.IntrinsicElements' exists.
vendor/pi-desktop/apps/desktop/src/components/craftmine/assets/AssetLibraryPanel.tsx(808,15): error TS7026: JSX element implicitly has type 'any' because no interface 'JSX.IntrinsicElements' exists.
vendor/pi-desktop/apps/desktop/src/components/craftmine/assets/AssetLibraryPanel.tsx(809,17): error TS7026: JSX element implicitly has type 'any' because no interface 'JSX.IntrinsicElements' exists.
vendor/pi-desktop/apps/desktop/src/components/craftmine/assets/AssetLibraryPanel.tsx(809,80): error TS7026: JSX element implicitly has type 'any' because no interface 'JSX.IntrinsicElements' exists.
vendor/pi-desktop/apps/desktop/src/components/craftmine/assets/AssetLibraryPanel.tsx(813,30): error TS7006: Parameter 'event' implicitly has an 'any' type.
vendor/pi-desktop/apps/desktop/src/components/craftmine/assets/AssetLibraryPanel.tsx(815,15): error TS7026: JSX element implicitly has type 'any' because no interface 'JSX.IntrinsicElements' exists.
vendor/pi-desktop/apps/desktop/src/components/craftmine/assets/AssetLibraryPanel.tsx(816,15): error TS7026: JSX element implicitly has type 'any' because no interface 'JSX.IntrinsicElements' exists.
vendor/pi-desktop/apps/desktop/src/components/craftmine/assets/AssetLibraryPanel.tsx(817,17): error TS7026: JSX element implicitly has type 'any' because no interface 'JSX.IntrinsicElements' exists.
vendor/pi-desktop/apps/desktop/src/components/craftmine/assets/AssetLibraryPanel.tsx(817,81): error TS7026: JSX element implicitly has type 'any' because no interface 'JSX.IntrinsicElements' exists.
vendor/pi-desktop/apps/desktop/src/components/craftmine/assets/AssetLibraryPanel.tsx(821,30): error TS7006: Parameter 'event' implicitly has an 'any' type.
vendor/pi-desktop/apps/desktop/src/components/craftmine/assets/AssetLibraryPanel.tsx(823,15): error TS7026: JSX element implicitly has type 'any' because no interface 'JSX.IntrinsicElements' exists.
vendor/pi-desktop/apps/desktop/src/components/craftmine/assets/AssetLibraryPanel.tsx(824,15): error TS7026: JSX element implicitly has type 'any' because no interface 'JSX.IntrinsicElements' exists.
vendor/pi-desktop/apps/desktop/src/components/craftmine/assets/AssetLibraryPanel.tsx(825,17): error TS7026: JSX element implicitly has type 'any' because no interface 'JSX.IntrinsicElements' exists.
vendor/pi-desktop/apps/desktop/src/components/craftmine/assets/AssetLibraryPanel.tsx(825,87): error TS7026: JSX element implicitly has type 'any' because no interface 'JSX.IntrinsicElements' exists.
vendor/pi-desktop/apps/desktop/src/components/craftmine/assets/AssetLibraryPanel.tsx(829,30): error TS7006: Parameter 'event' implicitly has an 'any' type.
vendor/pi-desktop/apps/desktop/src/components/craftmine/assets/AssetLibraryPanel.tsx(832,21): error TS7026: JSX element implicitly has type 'any' because no interface 'JSX.IntrinsicElements' exists.
vendor/pi-desktop/apps/desktop/src/components/craftmine/assets/AssetLibraryPanel.tsx(834,21): error TS7026: JSX element implicitly has type 'any' because no interface 'JSX.IntrinsicElements' exists.
vendor/pi-desktop/apps/desktop/src/components/craftmine/assets/AssetLibraryPanel.tsx(837,15): error TS7026: JSX element implicitly has type 'any' because no interface 'JSX.IntrinsicElements' exists.
vendor/pi-desktop/apps/desktop/src/components/craftmine/assets/AssetLibraryPanel.tsx(838,15): error TS7026: JSX element implicitly has type 'any' because no interface 'JSX.IntrinsicElements' exists.
vendor/pi-desktop/apps/desktop/src/components/craftmine/assets/AssetLibraryPanel.tsx(839,17): error TS7026: JSX element implicitly has type 'any' because no interface 'JSX.IntrinsicElements' exists.
vendor/pi-desktop/apps/desktop/src/components/craftmine/assets/AssetLibraryPanel.tsx(839,78): error TS7026: JSX element implicitly has type 'any' because no interface 'JSX.IntrinsicElements' exists.
vendor/pi-desktop/apps/desktop/src/components/craftmine/assets/AssetLibraryPanel.tsx(843,30): error TS7006: Parameter 'event' implicitly has an 'any' type.
vendor/pi-desktop/apps/desktop/src/components/craftmine/assets/AssetLibraryPanel.tsx(845,15): error TS7026: JSX element implicitly has type 'any' because no interface 'JSX.IntrinsicElements' exists.
vendor/pi-desktop/apps/desktop/src/components/craftmine/assets/AssetLibraryPanel.tsx(855,13): error TS7026: JSX element implicitly has type 'any' because no interface 'JSX.IntrinsicElements' exists.
vendor/pi-desktop/apps/desktop/src/components/craftmine/assets/AssetLibraryPanel.tsx(859,13): error TS7026: JSX element implicitly has type 'any' because no interface 'JSX.IntrinsicElements' exists.
vendor/pi-desktop/apps/desktop/src/components/craftmine/assets/AssetLibraryPanel.tsx(863,13): error TS7026: JSX element implicitly has type 'any' because no interface 'JSX.IntrinsicElements' exists.
vendor/pi-desktop/apps/desktop/src/components/craftmine/assets/AssetLibraryPanel.tsx(865,9): error TS7026: JSX element implicitly has type 'any' because no interface 'JSX.IntrinsicElements' exists.
vendor/pi-desktop/apps/desktop/src/components/craftmine/assets/AssetLibraryPanel.tsx(868,7): error TS7026: JSX element implicitly has type 'any' because no interface 'JSX.IntrinsicElements' exists.
vendor/pi-desktop/apps/desktop/src/components/craftmine/assets/AssetLibraryPanel.tsx(871,7): error TS7026: JSX element implicitly has type 'any' because no interface 'JSX.IntrinsicElements' exists.
vendor/pi-desktop/apps/desktop/src/components/craftmine/assets/AssetLibraryPanel.tsx(872,5): error TS7026: JSX element implicitly has type 'any' because no interface 'JSX.IntrinsicElements' exists.
vendor/pi-desktop/apps/desktop/src/components/craftmine/assets/use-asset-library.ts(9,58): error TS7016: Could not find a declaration file for module 'react'. 'C:/cm-plan-next-20260910/vendor/pi-desktop/node_modules/.pnpm/react@19.2.8/node_modules/react/index.js' implicitly has an 'any' type.
  Try `npm i --save-dev @types/react` if it exists or add a new declaration (.d.ts) file containing `declare module 'react';`
vendor/pi-desktop/apps/desktop/src/components/craftmine/CopyWorldButton.tsx(1,43): error TS7016: Could not find a declaration file for module 'react'. 'C:/cm-plan-next-20260910/vendor/pi-desktop/node_modules/.pnpm/react@19.2.8/node_modules/react/index.js' implicitly has an 'any' type.
  Try `npm i --save-dev @types/react` if it exists or add a new declaration (.d.ts) file containing `declare module 'react';`
vendor/pi-desktop/apps/desktop/src/components/craftmine/CopyWorldButton.tsx(40,10): error TS7026: JSX element implicitly has type 'any' because no interface 'JSX.IntrinsicElements' exists.
vendor/pi-desktop/apps/desktop/src/components/craftmine/CopyWorldButton.tsx(40,10): error TS7016: Could not find a declaration file for module 'react/jsx-runtime'. 'C:/cm-plan-next-20260910/vendor/pi-desktop/node_modules/.pnpm/react@19.2.8/node_modules/react/jsx-runtime.js' implicitly has an 'any' type.
  Try `npm i --save-dev @types/react` if it exists or add a new declaration (.d.ts) file containing `declare module 'react/jsx-runtime';`
vendor/pi-desktop/apps/desktop/src/components/craftmine/CopyWorldButton.tsx(41,5): error TS7026: JSX element implicitly has type 'any' because no interface 'JSX.IntrinsicElements' exists.
vendor/pi-desktop/apps/desktop/src/components/craftmine/CopyWorldButton.tsx(43,5): error TS7026: JSX element implicitly has type 'any' because no interface 'JSX.IntrinsicElements' exists.
vendor/pi-desktop/apps/desktop/src/components/craftmine/CopyWorldButton.tsx(44,14): error TS7026: JSX element implicitly has type 'any' because no interface 'JSX.IntrinsicElements' exists.
vendor/pi-desktop/apps/desktop/src/components/craftmine/CopyWorldButton.tsx(44,51): error TS7026: JSX element implicitly has type 'any' because no interface 'JSX.IntrinsicElements' exists.
vendor/pi-desktop/apps/desktop/src/components/craftmine/CopyWorldButton.tsx(45,15): error TS7026: JSX element implicitly has type 'any' because no interface 'JSX.IntrinsicElements' exists.
vendor/pi-desktop/apps/desktop/src/components/craftmine/CopyWorldButton.tsx(45,41): error TS7026: JSX element implicitly has type 'any' because no interface 'JSX.IntrinsicElements' exists.
vendor/pi-desktop/apps/desktop/src/components/craftmine/CopyWorldButton.tsx(46,14): error TS7026: JSX element implicitly has type 'any' because no interface 'JSX.IntrinsicElements' exists.
vendor/pi-desktop/apps/desktop/src/components/craftmine/CopyWorldButton.tsx(46,40): error TS7026: JSX element implicitly has type 'any' because no interface 'JSX.IntrinsicElements' exists.
vendor/pi-desktop/apps/desktop/src/components/craftmine/CopyWorldButton.tsx(47,3): error TS7026: JSX element implicitly has type 'any' because no interface 'JSX.IntrinsicElements' exists.
vendor/pi-desktop/apps/desktop/src/components/craftmine/GodotHistoryPanel.tsx(1,45): error TS7016: Could not find a declaration file for module 'react'. 'C:/cm-plan-next-20260910/vendor/pi-desktop/node_modules/.pnpm/react@19.2.8/node_modules/react/index.js' implicitly has an 'any' type.
  Try `npm i --save-dev @types/react` if it exists or add a new declaration (.d.ts) file containing `declare module 'react';`
vendor/pi-desktop/apps/desktop/src/components/craftmine/GodotHistoryPanel.tsx(60,10): error TS7026: JSX element implicitly has type 'any' because no interface 'JSX.IntrinsicElements' exists.
vendor/pi-desktop/apps/desktop/src/components/craftmine/GodotHistoryPanel.tsx(60,10): error TS7016: Could not find a declaration file for module 'react/jsx-runtime'. 'C:/cm-plan-next-20260910/vendor/pi-desktop/node_modules/.pnpm/react@19.2.8/node_modules/react/jsx-runtime.js' implicitly has an 'any' type.
  Try `npm i --save-dev @types/react` if it exists or add a new declaration (.d.ts) file containing `declare module 'react/jsx-runtime';`
vendor/pi-desktop/apps/desktop/src/components/craftmine/GodotHistoryPanel.tsx(61,5): error TS7026: JSX element implicitly has type 'any' because no interface 'JSX.IntrinsicElements' exists.
vendor/pi-desktop/apps/desktop/src/components/craftmine/GodotHistoryPanel.tsx(61,40): error TS7026: JSX element implicitly has type 'any' because no interface 'JSX.IntrinsicElements' exists.
vendor/pi-desktop/apps/desktop/src/components/craftmine/GodotHistoryPanel.tsx(62,15): error TS7026: JSX element implicitly has type 'any' because no interface 'JSX.IntrinsicElements' exists.
vendor/pi-desktop/apps/desktop/src/components/craftmine/GodotHistoryPanel.tsx(62,57): error TS7026: JSX element implicitly has type 'any' because no interface 'JSX.IntrinsicElements' exists.
vendor/pi-desktop/apps/desktop/src/components/craftmine/GodotHistoryPanel.tsx(63,5): error TS7026: JSX element implicitly has type 'any' because no interface 'JSX.IntrinsicElements' exists.
vendor/pi-desktop/apps/desktop/src/components/craftmine/GodotHistoryPanel.tsx(63,47): error TS7006: Parameter 'event' implicitly has an 'any' type.
vendor/pi-desktop/apps/desktop/src/components/craftmine/GodotHistoryPanel.tsx(63,128): error TS7026: JSX element implicitly has type 'any' because no interface 'JSX.IntrinsicElements' exists.
vendor/pi-desktop/apps/desktop/src/components/craftmine/GodotHistoryPanel.tsx(63,180): error TS7026: JSX element implicitly has type 'any' because no interface 'JSX.IntrinsicElements' exists.
vendor/pi-desktop/apps/desktop/src/components/craftmine/GodotHistoryPanel.tsx(63,189): error TS7026: JSX element implicitly has type 'any' because no interface 'JSX.IntrinsicElements' exists.
vendor/pi-desktop/apps/desktop/src/components/craftmine/GodotHistoryPanel.tsx(65,7): error TS7026: JSX element implicitly has type 'any' because no interface 'JSX.IntrinsicElements' exists.
vendor/pi-desktop/apps/desktop/src/components/craftmine/GodotHistoryPanel.tsx(65,62): error TS7026: JSX element implicitly has type 'any' because no interface 'JSX.IntrinsicElements' exists.
vendor/pi-desktop/apps/desktop/src/components/craftmine/GodotHistoryPanel.tsx(66,7): error TS7026: JSX element implicitly has type 'any' because no interface 'JSX.IntrinsicElements' exists.
vendor/pi-desktop/apps/desktop/src/components/craftmine/GodotHistoryPanel.tsx(66,19): error TS7026: JSX element implicitly has type 'any' because no interface 'JSX.IntrinsicElements' exists.
vendor/pi-desktop/apps/desktop/src/components/craftmine/GodotHistoryPanel.tsx(66,90): error TS7006: Parameter 'event' implicitly has an 'any' type.
vendor/pi-desktop/apps/desktop/src/components/craftmine/GodotHistoryPanel.tsx(67,46): error TS7026: JSX element implicitly has type 'any' because no interface 'JSX.IntrinsicElements' exists.
vendor/pi-desktop/apps/desktop/src/components/craftmine/GodotHistoryPanel.tsx(67,117): error TS7026: JSX element implicitly has type 'any' because no interface 'JSX.IntrinsicElements' exists.
vendor/pi-desktop/apps/desktop/src/components/craftmine/GodotHistoryPanel.tsx(68,7): error TS7026: JSX element implicitly has type 'any' because no interface 'JSX.IntrinsicElements' exists.
vendor/pi-desktop/apps/desktop/src/components/craftmine/GodotHistoryPanel.tsx(68,16): error TS7026: JSX element implicitly has type 'any' because no interface 'JSX.IntrinsicElements' exists.
vendor/pi-desktop/apps/desktop/src/components/craftmine/GodotHistoryPanel.tsx(69,7): error TS7026: JSX element implicitly has type 'any' because no interface 'JSX.IntrinsicElements' exists.
vendor/pi-desktop/apps/desktop/src/components/craftmine/GodotHistoryPanel.tsx(69,146): error TS7026: JSX element implicitly has type 'any' because no interface 'JSX.IntrinsicElements' exists.
vendor/pi-desktop/apps/desktop/src/components/craftmine/GodotHistoryPanel.tsx(70,7): error TS7026: JSX element implicitly has type 'any' because no interface 'JSX.IntrinsicElements' exists.
vendor/pi-desktop/apps/desktop/src/components/craftmine/GodotHistoryPanel.tsx(71,9): error TS7026: JSX element implicitly has type 'any' because no interface 'JSX.IntrinsicElements' exists.
vendor/pi-desktop/apps/desktop/src/components/craftmine/GodotHistoryPanel.tsx(71,26): error TS7026: JSX element implicitly has type 'any' because no interface 'JSX.IntrinsicElements' exists.
vendor/pi-desktop/apps/desktop/src/components/craftmine/GodotHistoryPanel.tsx(72,9): error TS7026: JSX element implicitly has type 'any' because no interface 'JSX.IntrinsicElements' exists.
vendor/pi-desktop/apps/desktop/src/components/craftmine/GodotHistoryPanel.tsx(72,98): error TS7006: Parameter 'event' implicitly has an 'any' type.
vendor/pi-desktop/apps/desktop/src/components/craftmine/GodotHistoryPanel.tsx(73,9): error TS7026: JSX element implicitly has type 'any' because no interface 'JSX.IntrinsicElements' exists.
vendor/pi-desktop/apps/desktop/src/components/craftmine/GodotHistoryPanel.tsx(73,79): error TS7006: Parameter 'event' implicitly has an 'any' type.
vendor/pi-desktop/apps/desktop/src/components/craftmine/GodotHistoryPanel.tsx(74,11): error TS7026: JSX element implicitly has type 'any' because no interface 'JSX.IntrinsicElements' exists.
vendor/pi-desktop/apps/desktop/src/components/craftmine/GodotHistoryPanel.tsx(74,68): error TS7026: JSX element implicitly has type 'any' because no interface 'JSX.IntrinsicElements' exists.
vendor/pi-desktop/apps/desktop/src/components/craftmine/GodotHistoryPanel.tsx(75,117): error TS7026: JSX element implicitly has type 'any' because no interface 'JSX.IntrinsicElements' exists.
vendor/pi-desktop/apps/desktop/src/components/craftmine/GodotHistoryPanel.tsx(75,199): error TS7026: JSX element implicitly has type 'any' because no interface 'JSX.IntrinsicElements' exists.
vendor/pi-desktop/apps/desktop/src/components/craftmine/GodotHistoryPanel.tsx(76,9): error TS7026: JSX element implicitly has type 'any' because no interface 'JSX.IntrinsicElements' exists.
vendor/pi-desktop/apps/desktop/src/components/craftmine/GodotHistoryPanel.tsx(77,9): error TS7026: JSX element implicitly has type 'any' because no interface 'JSX.IntrinsicElements' exists.
vendor/pi-desktop/apps/desktop/src/components/craftmine/GodotHistoryPanel.tsx(81,22): error TS7026: JSX element implicitly has type 'any' because no interface 'JSX.IntrinsicElements' exists.
vendor/pi-desktop/apps/desktop/src/components/craftmine/GodotHistoryPanel.tsx(82,7): error TS7026: JSX element implicitly has type 'any' because no interface 'JSX.IntrinsicElements' exists.
vendor/pi-desktop/apps/desktop/src/components/craftmine/GodotHistoryPanel.tsx(83,7): error TS7026: JSX element implicitly has type 'any' because no interface 'JSX.IntrinsicElements' exists.
vendor/pi-desktop/apps/desktop/src/components/craftmine/GodotHistoryPanel.tsx(83,15): error TS7026: JSX element implicitly has type 'any' because no interface 'JSX.IntrinsicElements' exists.
vendor/pi-desktop/apps/desktop/src/components/craftmine/GodotHistoryPanel.tsx(84,28): error TS7026: JSX element implicitly has type 'any' because no interface 'JSX.IntrinsicElements' exists.
vendor/pi-desktop/apps/desktop/src/components/craftmine/GodotHistoryPanel.tsx(84,49): error TS7026: JSX element implicitly has type 'any' because no interface 'JSX.IntrinsicElements' exists.
vendor/pi-desktop/apps/desktop/src/components/craftmine/GodotHistoryPanel.tsx(85,7): error TS7026: JSX element implicitly has type 'any' because no interface 'JSX.IntrinsicElements' exists.
vendor/pi-desktop/apps/desktop/src/components/craftmine/GodotHistoryPanel.tsx(85,48): error TS7006: Parameter 'event' implicitly has an 'any' type.
vendor/pi-desktop/apps/desktop/src/components/craftmine/GodotHistoryPanel.tsx(86,7): error TS7026: JSX element implicitly has type 'any' because no interface 'JSX.IntrinsicElements' exists.
vendor/pi-desktop/apps/desktop/src/components/craftmine/GodotHistoryPanel.tsx(86,138): error TS7026: JSX element implicitly has type 'any' because no interface 'JSX.IntrinsicElements' exists.
vendor/pi-desktop/apps/desktop/src/components/craftmine/GodotHistoryPanel.tsx(87,7): error TS7026: JSX element implicitly has type 'any' because no interface 'JSX.IntrinsicElements' exists.
vendor/pi-desktop/apps/desktop/src/components/craftmine/GodotHistoryPanel.tsx(87,84): error TS7026: JSX element implicitly has type 'any' because no interface 'JSX.IntrinsicElements' exists.
vendor/pi-desktop/apps/desktop/src/components/craftmine/GodotHistoryPanel.tsx(87,205): error TS7026: JSX element implicitly has type 'any' because no interface 'JSX.IntrinsicElements' exists.
vendor/pi-desktop/apps/desktop/src/components/craftmine/GodotHistoryPanel.tsx(87,304): error TS7026: JSX element implicitly has type 'any' because no interface 'JSX.IntrinsicElements' exists.
vendor/pi-desktop/apps/desktop/src/components/craftmine/GodotHistoryPanel.tsx(87,313): error TS7026: JSX element implicitly has type 'any' because no interface 'JSX.IntrinsicElements' exists.
vendor/pi-desktop/apps/desktop/src/components/craftmine/GodotHistoryPanel.tsx(87,320): error TS7026: JSX element implicitly has type 'any' because no interface 'JSX.IntrinsicElements' exists.
vendor/pi-desktop/apps/desktop/src/components/craftmine/GodotHistoryPanel.tsx(88,7): error TS7026: JSX element implicitly has type 'any' because no interface 'JSX.IntrinsicElements' exists.
vendor/pi-desktop/apps/desktop/src/components/craftmine/GodotHistoryPanel.tsx(89,7): error TS7026: JSX element implicitly has type 'any' because no interface 'JSX.IntrinsicElements' exists.
vendor/pi-desktop/apps/desktop/src/components/craftmine/GodotHistoryPanel.tsx(89,155): error TS7026: JSX element implicitly has type 'any' because no interface 'JSX.IntrinsicElements' exists.
vendor/pi-desktop/apps/desktop/src/components/craftmine/GodotHistoryPanel.tsx(90,7): error TS7026: JSX element implicitly has type 'any' because no interface 'JSX.IntrinsicElements' exists.
vendor/pi-desktop/apps/desktop/src/components/craftmine/GodotHistoryPanel.tsx(90,152): error TS7026: JSX element implicitly has type 'any' because no interface 'JSX.IntrinsicElements' exists.
vendor/pi-desktop/apps/desktop/src/components/craftmine/GodotHistoryPanel.tsx(91,57): error TS2322: Type '{ key: string; bridge: CraftmineWorldBridge | null; worldId: string; viewId: any; targetOid: any; }' is not assignable to type '{ bridge: CraftmineWorldBridge | null; worldId: string; viewId: string; targetOid: string; }'.
  Property 'key' does not exist on type '{ bridge: CraftmineWorldBridge | null; worldId: string; viewId: string; targetOid: string; }'.
vendor/pi-desktop/apps/desktop/src/components/craftmine/GodotHistoryPanel.tsx(92,7): error TS7026: JSX element implicitly has type 'any' because no interface 'JSX.IntrinsicElements' exists.
vendor/pi-desktop/apps/desktop/src/components/craftmine/GodotHistoryPanel.tsx(92,15): error TS7026: JSX element implicitly has type 'any' because no interface 'JSX.IntrinsicElements' exists.
vendor/pi-desktop/apps/desktop/src/components/craftmine/GodotHistoryPanel.tsx(93,7): error TS7026: JSX element implicitly has type 'any' because no interface 'JSX.IntrinsicElements' exists.
vendor/pi-desktop/apps/desktop/src/components/craftmine/GodotHistoryPanel.tsx(93,76): error TS7026: JSX element implicitly has type 'any' because no interface 'JSX.IntrinsicElements' exists.
vendor/pi-desktop/apps/desktop/src/components/craftmine/GodotHistoryPanel.tsx(93,110): error TS7026: JSX element implicitly has type 'any' because no interface 'JSX.IntrinsicElements' exists.
vendor/pi-desktop/apps/desktop/src/components/craftmine/GodotHistoryPanel.tsx(97,22): error TS7026: JSX element implicitly has type 'any' because no interface 'JSX.IntrinsicElements' exists.
vendor/pi-desktop/apps/desktop/src/components/craftmine/GodotHistoryPanel.tsx(97,31): error TS7026: JSX element implicitly has type 'any' because no interface 'JSX.IntrinsicElements' exists.
vendor/pi-desktop/apps/desktop/src/components/craftmine/GodotHistoryPanel.tsx(97,38): error TS7026: JSX element implicitly has type 'any' because no interface 'JSX.IntrinsicElements' exists.
vendor/pi-desktop/apps/desktop/src/components/craftmine/GodotHistoryPanel.tsx(98,7): error TS7026: JSX element implicitly has type 'any' because no interface 'JSX.IntrinsicElements' exists.
vendor/pi-desktop/apps/desktop/src/components/craftmine/GodotHistoryPanel.tsx(98,150): error TS7026: JSX element implicitly has type 'any' because no interface 'JSX.IntrinsicElements' exists.
vendor/pi-desktop/apps/desktop/src/components/craftmine/GodotHistoryPanel.tsx(99,7): error TS7026: JSX element implicitly has type 'any' because no interface 'JSX.IntrinsicElements' exists.
vendor/pi-desktop/apps/desktop/src/components/craftmine/GodotHistoryPanel.tsx(99,147): error TS7026: JSX element implicitly has type 'any' because no interface 'JSX.IntrinsicElements' exists.
vendor/pi-desktop/apps/desktop/src/components/craftmine/GodotHistoryPanel.tsx(100,18): error TS7026: JSX element implicitly has type 'any' because no interface 'JSX.IntrinsicElements' exists.
vendor/pi-desktop/apps/desktop/src/components/craftmine/GodotHistoryPanel.tsx(100,23): error TS7026: JSX element implicitly has type 'any' because no interface 'JSX.IntrinsicElements' exists.
vendor/pi-desktop/apps/desktop/src/components/craftmine/GodotHistoryPanel.tsx(100,39): error TS7026: JSX element implicitly has type 'any' because no interface 'JSX.IntrinsicElements' exists.
vendor/pi-desktop/apps/desktop/src/components/craftmine/GodotHistoryPanel.tsx(100,75): error TS7026: JSX element implicitly has type 'any' because no interface 'JSX.IntrinsicElements' exists.
vendor/pi-desktop/apps/desktop/src/components/craftmine/GodotHistoryPanel.tsx(100,103): error TS7026: JSX element implicitly has type 'any' because no interface 'JSX.IntrinsicElements' exists.
vendor/pi-desktop/apps/desktop/src/components/craftmine/GodotHistoryPanel.tsx(101,39): error TS7026: JSX element implicitly has type 'any' because no interface 'JSX.IntrinsicElements' exists.
vendor/pi-desktop/apps/desktop/src/components/craftmine/GodotHistoryPanel.tsx(101,61): error TS7026: JSX element implicitly has type 'any' because no interface 'JSX.IntrinsicElements' exists.
vendor/pi-desktop/apps/desktop/src/components/craftmine/GodotHistoryPanel.tsx(102,9): error TS7026: JSX element implicitly has type 'any' because no interface 'JSX.IntrinsicElements' exists.
vendor/pi-desktop/apps/desktop/src/components/craftmine/GodotHistoryPanel.tsx(102,180): error TS7006: Parameter 'event' implicitly has an 'any' type.
vendor/pi-desktop/apps/desktop/src/components/craftmine/GodotHistoryPanel.tsx(103,9): error TS7026: JSX element implicitly has type 'any' because no interface 'JSX.IntrinsicElements' exists.
vendor/pi-desktop/apps/desktop/src/components/craftmine/GodotHistoryPanel.tsx(107,19): error TS7026: JSX element implicitly has type 'any' because no interface 'JSX.IntrinsicElements' exists.
vendor/pi-desktop/apps/desktop/src/components/craftmine/GodotHistoryPanel.tsx(108,11): error TS7026: JSX element implicitly has type 'any' because no interface 'JSX.IntrinsicElements' exists.
vendor/pi-desktop/apps/desktop/src/components/craftmine/GodotHistoryPanel.tsx(109,7): error TS7026: JSX element implicitly has type 'any' because no interface 'JSX.IntrinsicElements' exists.
vendor/pi-desktop/apps/desktop/src/components/craftmine/GodotHistoryPanel.tsx(112,17): error TS7026: JSX element implicitly has type 'any' because no interface 'JSX.IntrinsicElements' exists.
vendor/pi-desktop/apps/desktop/src/components/craftmine/GodotHistoryPanel.tsx(113,15): error TS7026: JSX element implicitly has type 'any' because no interface 'JSX.IntrinsicElements' exists.
vendor/pi-desktop/apps/desktop/src/components/craftmine/GodotHistoryPanel.tsx(113,143): error TS7026: JSX element implicitly has type 'any' because no interface 'JSX.IntrinsicElements' exists.
vendor/pi-desktop/apps/desktop/src/components/craftmine/GodotHistoryPanel.tsx(114,7): error TS7026: JSX element implicitly has type 'any' because no interface 'JSX.IntrinsicElements' exists.
vendor/pi-desktop/apps/desktop/src/components/craftmine/GodotHistoryPanel.tsx(114,73): error TS7026: JSX element implicitly has type 'any' because no interface 'JSX.IntrinsicElements' exists.
vendor/pi-desktop/apps/desktop/src/components/craftmine/GodotHistoryPanel.tsx(116,3): error TS7026: JSX element implicitly has type 'any' because no interface 'JSX.IntrinsicElements' exists.
vendor/pi-desktop/apps/desktop/src/components/craftmine/GodotVersionComparison.tsx(1,45): error TS7016: Could not find a declaration file for module 'react'. 'C:/cm-plan-next-20260910/vendor/pi-desktop/node_modules/.pnpm/react@19.2.8/node_modules/react/index.js' implicitly has an 'any' type.
  Try `npm i --save-dev @types/react` if it exists or add a new declaration (.d.ts) file containing `declare module 'react';`
vendor/pi-desktop/apps/desktop/src/components/craftmine/GodotVersionComparison.tsx(33,10): error TS7026: JSX element implicitly has type 'any' because no interface 'JSX.IntrinsicElements' exists.
vendor/pi-desktop/apps/desktop/src/components/craftmine/GodotVersionComparison.tsx(33,10): error TS7016: Could not find a declaration file for module 'react/jsx-runtime'. 'C:/cm-plan-next-20260910/vendor/pi-desktop/node_modules/.pnpm/react@19.2.8/node_modules/react/jsx-runtime.js' implicitly has an 'any' type.
  Try `npm i --save-dev @types/react` if it exists or add a new declaration (.d.ts) file containing `declare module 'react/jsx-runtime';`
vendor/pi-desktop/apps/desktop/src/components/craftmine/GodotVersionComparison.tsx(34,5): error TS7026: JSX element implicitly has type 'any' because no interface 'JSX.IntrinsicElements' exists.
vendor/pi-desktop/apps/desktop/src/components/craftmine/GodotVersionComparison.tsx(34,42): error TS7006: Parameter 'event' implicitly has an 'any' type.
vendor/pi-desktop/apps/desktop/src/components/craftmine/GodotVersionComparison.tsx(42,5): error TS7026: JSX element implicitly has type 'any' because no interface 'JSX.IntrinsicElements' exists.
vendor/pi-desktop/apps/desktop/src/components/craftmine/GodotVersionComparison.tsx(42,16): error TS7026: JSX element implicitly has type 'any' because no interface 'JSX.IntrinsicElements' exists.
vendor/pi-desktop/apps/desktop/src/components/craftmine/GodotVersionComparison.tsx(43,15): error TS7026: JSX element implicitly has type 'any' because no interface 'JSX.IntrinsicElements' exists.
vendor/pi-desktop/apps/desktop/src/components/craftmine/GodotVersionComparison.tsx(43,52): error TS7026: JSX element implicitly has type 'any' because no interface 'JSX.IntrinsicElements' exists.
vendor/pi-desktop/apps/desktop/src/components/craftmine/GodotVersionComparison.tsx(44,14): error TS7026: JSX element implicitly has type 'any' because no interface 'JSX.IntrinsicElements' exists.
vendor/pi-desktop/apps/desktop/src/components/craftmine/GodotVersionComparison.tsx(44,38): error TS7026: JSX element implicitly has type 'any' because no interface 'JSX.IntrinsicElements' exists.
vendor/pi-desktop/apps/desktop/src/components/craftmine/GodotVersionComparison.tsx(46,7): error TS7026: JSX element implicitly has type 'any' because no interface 'JSX.IntrinsicElements' exists.
vendor/pi-desktop/apps/desktop/src/components/craftmine/GodotVersionComparison.tsx(46,90): error TS7026: JSX element implicitly has type 'any' because no interface 'JSX.IntrinsicElements' exists.
vendor/pi-desktop/apps/desktop/src/components/craftmine/GodotVersionComparison.tsx(47,7): error TS7026: JSX element implicitly has type 'any' because no interface 'JSX.IntrinsicElements' exists.
vendor/pi-desktop/apps/desktop/src/components/craftmine/GodotVersionComparison.tsx(47,151): error TS7026: JSX element implicitly has type 'any' because no interface 'JSX.IntrinsicElements' exists.
vendor/pi-desktop/apps/desktop/src/components/craftmine/GodotVersionComparison.tsx(48,7): error TS7026: JSX element implicitly has type 'any' because no interface 'JSX.IntrinsicElements' exists.
vendor/pi-desktop/apps/desktop/src/components/craftmine/GodotVersionComparison.tsx(48,64): error TS7026: JSX element implicitly has type 'any' because no interface 'JSX.IntrinsicElements' exists.
vendor/pi-desktop/apps/desktop/src/components/craftmine/GodotVersionComparison.tsx(49,9): error TS7026: JSX element implicitly has type 'any' because no interface 'JSX.IntrinsicElements' exists.
vendor/pi-desktop/apps/desktop/src/components/craftmine/GodotVersionComparison.tsx(51,9): error TS7026: JSX element implicitly has type 'any' because no interface 'JSX.IntrinsicElements' exists.
vendor/pi-desktop/apps/desktop/src/components/craftmine/GodotVersionComparison.tsx(52,7): error TS7026: JSX element implicitly has type 'any' because no interface 'JSX.IntrinsicElements' exists.
vendor/pi-desktop/apps/desktop/src/components/craftmine/GodotVersionComparison.tsx(52,14): error TS7026: JSX element implicitly has type 'any' because no interface 'JSX.IntrinsicElements' exists.
vendor/pi-desktop/apps/desktop/src/components/craftmine/GodotVersionComparison.tsx(53,7): error TS7026: JSX element implicitly has type 'any' because no interface 'JSX.IntrinsicElements' exists.
vendor/pi-desktop/apps/desktop/src/components/craftmine/GodotVersionComparison.tsx(53,93): error TS7026: JSX element implicitly has type 'any' because no interface 'JSX.IntrinsicElements' exists.
vendor/pi-desktop/apps/desktop/src/components/craftmine/GodotVersionComparison.tsx(54,7): error TS7026: JSX element implicitly has type 'any' because no interface 'JSX.IntrinsicElements' exists.
vendor/pi-desktop/apps/desktop/src/components/craftmine/GodotVersionComparison.tsx(54,95): error TS7026: JSX element implicitly has type 'any' because no interface 'JSX.IntrinsicElements' exists.
vendor/pi-desktop/apps/desktop/src/components/craftmine/GodotVersionComparison.tsx(56,14): error TS7026: JSX element implicitly has type 'any' because no interface 'JSX.IntrinsicElements' exists.
vendor/pi-desktop/apps/desktop/src/components/craftmine/GodotVersionComparison.tsx(57,7): error TS7026: JSX element implicitly has type 'any' because no interface 'JSX.IntrinsicElements' exists.
vendor/pi-desktop/apps/desktop/src/components/craftmine/GodotVersionComparison.tsx(57,21): error TS7026: JSX element implicitly has type 'any' because no interface 'JSX.IntrinsicElements' exists.
vendor/pi-desktop/apps/desktop/src/components/craftmine/GodotVersionComparison.tsx(58,33): error TS7026: JSX element implicitly has type 'any' because no interface 'JSX.IntrinsicElements' exists.
vendor/pi-desktop/apps/desktop/src/components/craftmine/GodotVersionComparison.tsx(58,188): error TS7026: JSX element implicitly has type 'any' because no interface 'JSX.IntrinsicElements' exists.
vendor/pi-desktop/apps/desktop/src/components/craftmine/GodotVersionComparison.tsx(59,9): error TS7026: JSX element implicitly has type 'any' because no interface 'JSX.IntrinsicElements' exists.
vendor/pi-desktop/apps/desktop/src/components/craftmine/GodotVersionComparison.tsx(59,51): error TS7026: JSX element implicitly has type 'any' because no interface 'JSX.IntrinsicElements' exists.
vendor/pi-desktop/apps/desktop/src/components/craftmine/GodotVersionComparison.tsx(60,28): error TS7026: JSX element implicitly has type 'any' because no interface 'JSX.IntrinsicElements' exists.
vendor/pi-desktop/apps/desktop/src/components/craftmine/GodotVersionComparison.tsx(60,113): error TS7026: JSX element implicitly has type 'any' because no interface 'JSX.IntrinsicElements' exists.
vendor/pi-desktop/apps/desktop/src/components/craftmine/GodotVersionComparison.tsx(61,9): error TS7026: JSX element implicitly has type 'any' because no interface 'JSX.IntrinsicElements' exists.
vendor/pi-desktop/apps/desktop/src/components/craftmine/GodotVersionComparison.tsx(61,134): error TS7026: JSX element implicitly has type 'any' because no interface 'JSX.IntrinsicElements' exists.
vendor/pi-desktop/apps/desktop/src/components/craftmine/GodotVersionComparison.tsx(63,5): error TS7026: JSX element implicitly has type 'any' because no interface 'JSX.IntrinsicElements' exists.
vendor/pi-desktop/apps/desktop/src/components/craftmine/GodotVersionComparison.tsx(64,5): error TS7026: JSX element implicitly has type 'any' because no interface 'JSX.IntrinsicElements' exists.
vendor/pi-desktop/apps/desktop/src/components/craftmine/GodotVersionComparison.tsx(65,3): error TS7026: JSX element implicitly has type 'any' because no interface 'JSX.IntrinsicElements' exists.
vendor/pi-desktop/apps/desktop/src/components/craftmine/WorldAuxSections.tsx(1,58): error TS7016: Could not find a declaration file for module 'react'. 'C:/cm-plan-next-20260910/vendor/pi-desktop/node_modules/.pnpm/react@19.2.8/node_modules/react/index.js' implicitly has an 'any' type.
  Try `npm i --save-dev @types/react` if it exists or add a new declaration (.d.ts) file containing `declare module 'react';`
vendor/pi-desktop/apps/desktop/src/components/craftmine/WorldAuxSections.tsx(53,23): error TS7006: Parameter 'current' implicitly has an 'any' type.
vendor/pi-desktop/apps/desktop/src/components/craftmine/WorldAuxSections.tsx(56,19): error TS7006: Parameter 'current' implicitly has an 'any' type.
vendor/pi-desktop/apps/desktop/src/components/craftmine/WorldAuxSections.tsx(61,23): error TS7006: Parameter 'current' implicitly has an 'any' type.
vendor/pi-desktop/apps/desktop/src/components/craftmine/WorldAuxSections.tsx(64,23): error TS7006: Parameter 'current' implicitly has an 'any' type.
vendor/pi-desktop/apps/desktop/src/components/craftmine/WorldAuxSections.tsx(66,21): error TS7006: Parameter 'current' implicitly has an 'any' type.
vendor/pi-desktop/apps/desktop/src/components/craftmine/WorldAuxSections.tsx(75,18): error TS7006: Parameter 'current' implicitly has an 'any' type.
vendor/pi-desktop/apps/desktop/src/components/craftmine/WorldAuxSections.tsx(82,5): error TS7026: JSX element implicitly has type 'any' because no interface 'JSX.IntrinsicElements' exists.
vendor/pi-desktop/apps/desktop/src/components/craftmine/WorldAuxSections.tsx(82,5): error TS7016: Could not find a declaration file for module 'react/jsx-runtime'. 'C:/cm-plan-next-20260910/vendor/pi-desktop/node_modules/.pnpm/react@19.2.8/node_modules/react/jsx-runtime.js' implicitly has an 'any' type.
  Try `npm i --save-dev @types/react` if it exists or add a new declaration (.d.ts) file containing `declare module 'react/jsx-runtime';`
vendor/pi-desktop/apps/desktop/src/components/craftmine/WorldAuxSections.tsx(83,7): error TS7026: JSX element implicitly has type 'any' because no interface 'JSX.IntrinsicElements' exists.
vendor/pi-desktop/apps/desktop/src/components/craftmine/WorldAuxSections.tsx(83,89): error TS7026: JSX element implicitly has type 'any' because no interface 'JSX.IntrinsicElements' exists.
vendor/pi-desktop/apps/desktop/src/components/craftmine/WorldAuxSections.tsx(84,7): error TS7026: JSX element implicitly has type 'any' because no interface 'JSX.IntrinsicElements' exists.
vendor/pi-desktop/apps/desktop/src/components/craftmine/WorldAuxSections.tsx(90,13): error TS7026: JSX element implicitly has type 'any' because no interface 'JSX.IntrinsicElements' exists.
vendor/pi-desktop/apps/desktop/src/components/craftmine/WorldAuxSections.tsx(91,15): error TS7026: JSX element implicitly has type 'any' because no interface 'JSX.IntrinsicElements' exists.
vendor/pi-desktop/apps/desktop/src/components/craftmine/WorldAuxSections.tsx(91,94): error TS7006: Parameter 'event' implicitly has an 'any' type.
vendor/pi-desktop/apps/desktop/src/components/craftmine/WorldAuxSections.tsx(92,15): error TS7026: JSX element implicitly has type 'any' because no interface 'JSX.IntrinsicElements' exists.
vendor/pi-desktop/apps/desktop/src/components/craftmine/WorldAuxSections.tsx(100,17): error TS7026: JSX element implicitly has type 'any' because no interface 'JSX.IntrinsicElements' exists.
vendor/pi-desktop/apps/desktop/src/components/craftmine/WorldAuxSections.tsx(100,76): error TS7026: JSX element implicitly has type 'any' because no interface 'JSX.IntrinsicElements' exists.
vendor/pi-desktop/apps/desktop/src/components/craftmine/WorldAuxSections.tsx(101,17): error TS7026: JSX element implicitly has type 'any' because no interface 'JSX.IntrinsicElements' exists.
vendor/pi-desktop/apps/desktop/src/components/craftmine/WorldAuxSections.tsx(103,17): error TS7026: JSX element implicitly has type 'any' because no interface 'JSX.IntrinsicElements' exists.
vendor/pi-desktop/apps/desktop/src/components/craftmine/WorldAuxSections.tsx(104,15): error TS7026: JSX element implicitly has type 'any' because no interface 'JSX.IntrinsicElements' exists.
vendor/pi-desktop/apps/desktop/src/components/craftmine/WorldAuxSections.tsx(104,24): error TS7026: JSX element implicitly has type 'any' because no interface 'JSX.IntrinsicElements' exists.
vendor/pi-desktop/apps/desktop/src/components/craftmine/WorldAuxSections.tsx(105,15): error TS7026: JSX element implicitly has type 'any' because no interface 'JSX.IntrinsicElements' exists.
vendor/pi-desktop/apps/desktop/src/components/craftmine/WorldAuxSections.tsx(106,17): error TS7026: JSX element implicitly has type 'any' because no interface 'JSX.IntrinsicElements' exists.
vendor/pi-desktop/apps/desktop/src/components/craftmine/WorldAuxSections.tsx(106,71): error TS7026: JSX element implicitly has type 'any' because no interface 'JSX.IntrinsicElements' exists.
vendor/pi-desktop/apps/desktop/src/components/craftmine/WorldAuxSections.tsx(107,17): error TS7026: JSX element implicitly has type 'any' because no interface 'JSX.IntrinsicElements' exists.
vendor/pi-desktop/apps/desktop/src/components/craftmine/WorldAuxSections.tsx(107,94): error TS7006: Parameter 'event' implicitly has an 'any' type.
vendor/pi-desktop/apps/desktop/src/components/craftmine/WorldAuxSections.tsx(108,17): error TS7026: JSX element implicitly has type 'any' because no interface 'JSX.IntrinsicElements' exists.
vendor/pi-desktop/apps/desktop/src/components/craftmine/WorldAuxSections.tsx(114,17): error TS7026: JSX element implicitly has type 'any' because no interface 'JSX.IntrinsicElements' exists.
vendor/pi-desktop/apps/desktop/src/components/craftmine/WorldAuxSections.tsx(114,26): error TS7026: JSX element implicitly has type 'any' because no interface 'JSX.IntrinsicElements' exists.
vendor/pi-desktop/apps/desktop/src/components/craftmine/WorldAuxSections.tsx(115,15): error TS7026: JSX element implicitly has type 'any' because no interface 'JSX.IntrinsicElements' exists.
vendor/pi-desktop/apps/desktop/src/components/craftmine/WorldAuxSections.tsx(116,13): error TS7026: JSX element implicitly has type 'any' because no interface 'JSX.IntrinsicElements' exists.
vendor/pi-desktop/apps/desktop/src/components/craftmine/WorldAuxSections.tsx(119,7): error TS7026: JSX element implicitly has type 'any' because no interface 'JSX.IntrinsicElements' exists.
vendor/pi-desktop/apps/desktop/src/components/craftmine/WorldAuxSections.tsx(120,5): error TS7026: JSX element implicitly has type 'any' because no interface 'JSX.IntrinsicElements' exists.
vendor/pi-desktop/apps/desktop/src/components/craftmine/WorldCreatePanel.tsx(1,34): error TS7016: Could not find a declaration file for module 'react'. 'C:/cm-plan-next-20260910/vendor/pi-desktop/node_modules/.pnpm/react@19.2.8/node_modules/react/index.js' implicitly has an 'any' type.
  Try `npm i --save-dev @types/react` if it exists or add a new declaration (.d.ts) file containing `declare module 'react';`
vendor/pi-desktop/apps/desktop/src/components/craftmine/WorldCreatePanel.tsx(64,5): error TS7026: JSX element implicitly has type 'any' because no interface 'JSX.IntrinsicElements' exists.
vendor/pi-desktop/apps/desktop/src/components/craftmine/WorldCreatePanel.tsx(64,5): error TS7016: Could not find a declaration file for module 'react/jsx-runtime'. 'C:/cm-plan-next-20260910/vendor/pi-desktop/node_modules/.pnpm/react@19.2.8/node_modules/react/jsx-runtime.js' implicitly has an 'any' type.
  Try `npm i --save-dev @types/react` if it exists or add a new declaration (.d.ts) file containing `declare module 'react/jsx-runtime';`
vendor/pi-desktop/apps/desktop/src/components/craftmine/WorldCreatePanel.tsx(67,18): error TS7006: Parameter 'event' implicitly has an 'any' type.
vendor/pi-desktop/apps/desktop/src/components/craftmine/WorldCreatePanel.tsx(72,7): error TS7026: JSX element implicitly has type 'any' because no interface 'JSX.IntrinsicElements' exists.
vendor/pi-desktop/apps/desktop/src/components/craftmine/WorldCreatePanel.tsx(72,94): error TS7026: JSX element implicitly has type 'any' because no interface 'JSX.IntrinsicElements' exists.
vendor/pi-desktop/apps/desktop/src/components/craftmine/WorldCreatePanel.tsx(74,7): error TS7026: JSX element implicitly has type 'any' because no interface 'JSX.IntrinsicElements' exists.
vendor/pi-desktop/apps/desktop/src/components/craftmine/WorldCreatePanel.tsx(75,9): error TS7026: JSX element implicitly has type 'any' because no interface 'JSX.IntrinsicElements' exists.
vendor/pi-desktop/apps/desktop/src/components/craftmine/WorldCreatePanel.tsx(75,56): error TS7026: JSX element implicitly has type 'any' because no interface 'JSX.IntrinsicElements' exists.
vendor/pi-desktop/apps/desktop/src/components/craftmine/WorldCreatePanel.tsx(77,11): error TS7026: JSX element implicitly has type 'any' because no interface 'JSX.IntrinsicElements' exists.
vendor/pi-desktop/apps/desktop/src/components/craftmine/WorldCreatePanel.tsx(79,11): error TS7026: JSX element implicitly has type 'any' because no interface 'JSX.IntrinsicElements' exists.
vendor/pi-desktop/apps/desktop/src/components/craftmine/WorldCreatePanel.tsx(82,13): error TS7026: JSX element implicitly has type 'any' because no interface 'JSX.IntrinsicElements' exists.
vendor/pi-desktop/apps/desktop/src/components/craftmine/WorldCreatePanel.tsx(88,15): error TS7026: JSX element implicitly has type 'any' because no interface 'JSX.IntrinsicElements' exists.
vendor/pi-desktop/apps/desktop/src/components/craftmine/WorldCreatePanel.tsx(96,15): error TS7026: JSX element implicitly has type 'any' because no interface 'JSX.IntrinsicElements' exists.
vendor/pi-desktop/apps/desktop/src/components/craftmine/WorldCreatePanel.tsx(97,17): error TS7026: JSX element implicitly has type 'any' because no interface 'JSX.IntrinsicElements' exists.
vendor/pi-desktop/apps/desktop/src/components/craftmine/WorldCreatePanel.tsx(97,76): error TS7026: JSX element implicitly has type 'any' because no interface 'JSX.IntrinsicElements' exists.
vendor/pi-desktop/apps/desktop/src/components/craftmine/WorldCreatePanel.tsx(98,38): error TS7026: JSX element implicitly has type 'any' because no interface 'JSX.IntrinsicElements' exists.
vendor/pi-desktop/apps/desktop/src/components/craftmine/WorldCreatePanel.tsx(98,102): error TS7026: JSX element implicitly has type 'any' because no interface 'JSX.IntrinsicElements' exists.
vendor/pi-desktop/apps/desktop/src/components/craftmine/WorldCreatePanel.tsx(99,15): error TS7026: JSX element implicitly has type 'any' because no interface 'JSX.IntrinsicElements' exists.
vendor/pi-desktop/apps/desktop/src/components/craftmine/WorldCreatePanel.tsx(100,35): error TS7026: JSX element implicitly has type 'any' because no interface 'JSX.IntrinsicElements' exists.
vendor/pi-desktop/apps/desktop/src/components/craftmine/WorldCreatePanel.tsx(100,109): error TS7026: JSX element implicitly has type 'any' because no interface 'JSX.IntrinsicElements' exists.
vendor/pi-desktop/apps/desktop/src/components/craftmine/WorldCreatePanel.tsx(101,13): error TS7026: JSX element implicitly has type 'any' because no interface 'JSX.IntrinsicElements' exists.
vendor/pi-desktop/apps/desktop/src/components/craftmine/WorldCreatePanel.tsx(105,11): error TS7026: JSX element implicitly has type 'any' because no interface 'JSX.IntrinsicElements' exists.
vendor/pi-desktop/apps/desktop/src/components/craftmine/WorldCreatePanel.tsx(107,11): error TS7026: JSX element implicitly has type 'any' because no interface 'JSX.IntrinsicElements' exists.
vendor/pi-desktop/apps/desktop/src/components/craftmine/WorldCreatePanel.tsx(109,7): error TS7026: JSX element implicitly has type 'any' because no interface 'JSX.IntrinsicElements' exists.
vendor/pi-desktop/apps/desktop/src/components/craftmine/WorldCreatePanel.tsx(111,7): error TS7026: JSX element implicitly has type 'any' because no interface 'JSX.IntrinsicElements' exists.
vendor/pi-desktop/apps/desktop/src/components/craftmine/WorldCreatePanel.tsx(112,9): error TS7026: JSX element implicitly has type 'any' because no interface 'JSX.IntrinsicElements' exists.
vendor/pi-desktop/apps/desktop/src/components/craftmine/WorldCreatePanel.tsx(112,59): error TS7026: JSX element implicitly has type 'any' because no interface 'JSX.IntrinsicElements' exists.
vendor/pi-desktop/apps/desktop/src/components/craftmine/WorldCreatePanel.tsx(113,9): error TS7026: JSX element implicitly has type 'any' because no interface 'JSX.IntrinsicElements' exists.
vendor/pi-desktop/apps/desktop/src/components/craftmine/WorldCreatePanel.tsx(114,11): error TS7026: JSX element implicitly has type 'any' because no interface 'JSX.IntrinsicElements' exists.
vendor/pi-desktop/apps/desktop/src/components/craftmine/WorldCreatePanel.tsx(121,11): error TS7026: JSX element implicitly has type 'any' because no interface 'JSX.IntrinsicElements' exists.
vendor/pi-desktop/apps/desktop/src/components/craftmine/WorldCreatePanel.tsx(121,64): error TS7026: JSX element implicitly has type 'any' because no interface 'JSX.IntrinsicElements' exists.
vendor/pi-desktop/apps/desktop/src/components/craftmine/WorldCreatePanel.tsx(122,9): error TS7026: JSX element implicitly has type 'any' because no interface 'JSX.IntrinsicElements' exists.
vendor/pi-desktop/apps/desktop/src/components/craftmine/WorldCreatePanel.tsx(124,11): error TS7026: JSX element implicitly has type 'any' because no interface 'JSX.IntrinsicElements' exists.
vendor/pi-desktop/apps/desktop/src/components/craftmine/WorldCreatePanel.tsx(130,13): error TS7026: JSX element implicitly has type 'any' because no interface 'JSX.IntrinsicElements' exists.
vendor/pi-desktop/apps/desktop/src/components/craftmine/WorldCreatePanel.tsx(138,13): error TS7026: JSX element implicitly has type 'any' because no interface 'JSX.IntrinsicElements' exists.
vendor/pi-desktop/apps/desktop/src/components/craftmine/WorldCreatePanel.tsx(139,15): error TS7026: JSX element implicitly has type 'any' because no interface 'JSX.IntrinsicElements' exists.
vendor/pi-desktop/apps/desktop/src/components/craftmine/WorldCreatePanel.tsx(139,77): error TS7026: JSX element implicitly has type 'any' because no interface 'JSX.IntrinsicElements' exists.
vendor/pi-desktop/apps/desktop/src/components/craftmine/WorldCreatePanel.tsx(141,17): error TS7026: JSX element implicitly has type 'any' because no interface 'JSX.IntrinsicElements' exists.
vendor/pi-desktop/apps/desktop/src/components/craftmine/WorldCreatePanel.tsx(141,84): error TS7026: JSX element implicitly has type 'any' because no interface 'JSX.IntrinsicElements' exists.
vendor/pi-desktop/apps/desktop/src/components/craftmine/WorldCreatePanel.tsx(143,13): error TS7026: JSX element implicitly has type 'any' because no interface 'JSX.IntrinsicElements' exists.
vendor/pi-desktop/apps/desktop/src/components/craftmine/WorldCreatePanel.tsx(144,36): error TS7026: JSX element implicitly has type 'any' because no interface 'JSX.IntrinsicElements' exists.
vendor/pi-desktop/apps/desktop/src/components/craftmine/WorldCreatePanel.tsx(144,110): error TS7026: JSX element implicitly has type 'any' because no interface 'JSX.IntrinsicElements' exists.
vendor/pi-desktop/apps/desktop/src/components/craftmine/WorldCreatePanel.tsx(145,11): error TS7026: JSX element implicitly has type 'any' because no interface 'JSX.IntrinsicElements' exists.
vendor/pi-desktop/apps/desktop/src/components/craftmine/WorldCreatePanel.tsx(147,7): error TS7026: JSX element implicitly has type 'any' because no interface 'JSX.IntrinsicElements' exists.
vendor/pi-desktop/apps/desktop/src/components/craftmine/WorldCreatePanel.tsx(149,7): error TS7026: JSX element implicitly has type 'any' because no interface 'JSX.IntrinsicElements' exists.
vendor/pi-desktop/apps/desktop/src/components/craftmine/WorldCreatePanel.tsx(150,9): error TS7026: JSX element implicitly has type 'any' because no interface 'JSX.IntrinsicElements' exists.
vendor/pi-desktop/apps/desktop/src/components/craftmine/WorldCreatePanel.tsx(150,54): error TS7026: JSX element implicitly has type 'any' because no interface 'JSX.IntrinsicElements' exists.
vendor/pi-desktop/apps/desktop/src/components/craftmine/WorldCreatePanel.tsx(151,9): error TS7026: JSX element implicitly has type 'any' because no interface 'JSX.IntrinsicElements' exists.
vendor/pi-desktop/apps/desktop/src/components/craftmine/WorldCreatePanel.tsx(158,22): error TS7006: Parameter 'event' implicitly has an 'any' type.
vendor/pi-desktop/apps/desktop/src/components/craftmine/WorldCreatePanel.tsx(163,7): error TS7026: JSX element implicitly has type 'any' because no interface 'JSX.IntrinsicElements' exists.
vendor/pi-desktop/apps/desktop/src/components/craftmine/WorldCreatePanel.tsx(165,22): error TS7026: JSX element implicitly has type 'any' because no interface 'JSX.IntrinsicElements' exists.
vendor/pi-desktop/apps/desktop/src/components/craftmine/WorldCreatePanel.tsx(165,115): error TS7026: JSX element implicitly has type 'any' because no interface 'JSX.IntrinsicElements' exists.
vendor/pi-desktop/apps/desktop/src/components/craftmine/WorldCreatePanel.tsx(167,7): error TS7026: JSX element implicitly has type 'any' because no interface 'JSX.IntrinsicElements' exists.
vendor/pi-desktop/apps/desktop/src/components/craftmine/WorldCreatePanel.tsx(168,9): error TS7026: JSX element implicitly has type 'any' because no interface 'JSX.IntrinsicElements' exists.
vendor/pi-desktop/apps/desktop/src/components/craftmine/WorldCreatePanel.tsx(174,9): error TS7026: JSX element implicitly has type 'any' because no interface 'JSX.IntrinsicElements' exists.
vendor/pi-desktop/apps/desktop/src/components/craftmine/WorldCreatePanel.tsx(175,9): error TS7026: JSX element implicitly has type 'any' because no interface 'JSX.IntrinsicElements' exists.
vendor/pi-desktop/apps/desktop/src/components/craftmine/WorldCreatePanel.tsx(177,9): error TS7026: JSX element implicitly has type 'any' because no interface 'JSX.IntrinsicElements' exists.
vendor/pi-desktop/apps/desktop/src/components/craftmine/WorldCreatePanel.tsx(178,7): error TS7026: JSX element implicitly has type 'any' because no interface 'JSX.IntrinsicElements' exists.
vendor/pi-desktop/apps/desktop/src/components/craftmine/WorldCreatePanel.tsx(179,5): error TS7026: JSX element implicitly has type 'any' because no interface 'JSX.IntrinsicElements' exists.
vendor/pi-desktop/apps/desktop/src/components/craftmine/WorldListPanel.tsx(1,37): error TS7016: Could not find a declaration file for module 'react'. 'C:/cm-plan-next-20260910/vendor/pi-desktop/node_modules/.pnpm/react@19.2.8/node_modules/react/index.js' implicitly has an 'any' type.
  Try `npm i --save-dev @types/react` if it exists or add a new declaration (.d.ts) file containing `declare module 'react';`
vendor/pi-desktop/apps/desktop/src/components/craftmine/WorldListPanel.tsx(51,5): error TS7026: JSX element implicitly has type 'any' because no interface 'JSX.IntrinsicElements' exists.
vendor/pi-desktop/apps/desktop/src/components/craftmine/WorldListPanel.tsx(51,5): error TS7016: Could not find a declaration file for module 'react/jsx-runtime'. 'C:/cm-plan-next-20260910/vendor/pi-desktop/node_modules/.pnpm/react@19.2.8/node_modules/react/jsx-runtime.js' implicitly has an 'any' type.
  Try `npm i --save-dev @types/react` if it exists or add a new declaration (.d.ts) file containing `declare module 'react/jsx-runtime';`
vendor/pi-desktop/apps/desktop/src/components/craftmine/WorldListPanel.tsx(56,7): error TS7026: JSX element implicitly has type 'any' because no interface 'JSX.IntrinsicElements' exists.
vendor/pi-desktop/apps/desktop/src/components/craftmine/WorldListPanel.tsx(57,9): error TS7026: JSX element implicitly has type 'any' because no interface 'JSX.IntrinsicElements' exists.
vendor/pi-desktop/apps/desktop/src/components/craftmine/WorldListPanel.tsx(57,94): error TS7026: JSX element implicitly has type 'any' because no interface 'JSX.IntrinsicElements' exists.
vendor/pi-desktop/apps/desktop/src/components/craftmine/WorldListPanel.tsx(58,9): error TS7026: JSX element implicitly has type 'any' because no interface 'JSX.IntrinsicElements' exists.
vendor/pi-desktop/apps/desktop/src/components/craftmine/WorldListPanel.tsx(67,9): error TS7026: JSX element implicitly has type 'any' because no interface 'JSX.IntrinsicElements' exists.
vendor/pi-desktop/apps/desktop/src/components/craftmine/WorldListPanel.tsx(68,9): error TS7026: JSX element implicitly has type 'any' because no interface 'JSX.IntrinsicElements' exists.
vendor/pi-desktop/apps/desktop/src/components/craftmine/WorldListPanel.tsx(72,39): error TS7006: Parameter 'open' implicitly has an 'any' type.
vendor/pi-desktop/apps/desktop/src/components/craftmine/WorldListPanel.tsx(79,9): error TS7026: JSX element implicitly has type 'any' because no interface 'JSX.IntrinsicElements' exists.
vendor/pi-desktop/apps/desktop/src/components/craftmine/WorldListPanel.tsx(80,7): error TS7026: JSX element implicitly has type 'any' because no interface 'JSX.IntrinsicElements' exists.
vendor/pi-desktop/apps/desktop/src/components/craftmine/WorldListPanel.tsx(85,9): error TS7026: JSX element implicitly has type 'any' because no interface 'JSX.IntrinsicElements' exists.
vendor/pi-desktop/apps/desktop/src/components/craftmine/WorldListPanel.tsx(85,108): error TS7026: JSX element implicitly has type 'any' because no interface 'JSX.IntrinsicElements' exists.
vendor/pi-desktop/apps/desktop/src/components/craftmine/WorldListPanel.tsx(88,9): error TS7026: JSX element implicitly has type 'any' because no interface 'JSX.IntrinsicElements' exists.
vendor/pi-desktop/apps/desktop/src/components/craftmine/WorldListPanel.tsx(89,11): error TS7026: JSX element implicitly has type 'any' because no interface 'JSX.IntrinsicElements' exists.
vendor/pi-desktop/apps/desktop/src/components/craftmine/WorldListPanel.tsx(89,54): error TS7026: JSX element implicitly has type 'any' because no interface 'JSX.IntrinsicElements' exists.
vendor/pi-desktop/apps/desktop/src/components/craftmine/WorldListPanel.tsx(90,11): error TS7026: JSX element implicitly has type 'any' because no interface 'JSX.IntrinsicElements' exists.
vendor/pi-desktop/apps/desktop/src/components/craftmine/WorldListPanel.tsx(90,96): error TS7026: JSX element implicitly has type 'any' because no interface 'JSX.IntrinsicElements' exists.
vendor/pi-desktop/apps/desktop/src/components/craftmine/WorldListPanel.tsx(91,9): error TS7026: JSX element implicitly has type 'any' because no interface 'JSX.IntrinsicElements' exists.
vendor/pi-desktop/apps/desktop/src/components/craftmine/WorldListPanel.tsx(94,9): error TS7026: JSX element implicitly has type 'any' because no interface 'JSX.IntrinsicElements' exists.
vendor/pi-desktop/apps/desktop/src/components/craftmine/WorldListPanel.tsx(95,11): error TS7026: JSX element implicitly has type 'any' because no interface 'JSX.IntrinsicElements' exists.
vendor/pi-desktop/apps/desktop/src/components/craftmine/WorldListPanel.tsx(95,48): error TS7026: JSX element implicitly has type 'any' because no interface 'JSX.IntrinsicElements' exists.
vendor/pi-desktop/apps/desktop/src/components/craftmine/WorldListPanel.tsx(96,11): error TS7026: JSX element implicitly has type 'any' because no interface 'JSX.IntrinsicElements' exists.
vendor/pi-desktop/apps/desktop/src/components/craftmine/WorldListPanel.tsx(96,90): error TS7026: JSX element implicitly has type 'any' because no interface 'JSX.IntrinsicElements' exists.
vendor/pi-desktop/apps/desktop/src/components/craftmine/WorldListPanel.tsx(97,9): error TS7026: JSX element implicitly has type 'any' because no interface 'JSX.IntrinsicElements' exists.
vendor/pi-desktop/apps/desktop/src/components/craftmine/WorldListPanel.tsx(101,9): error TS7026: JSX element implicitly has type 'any' because no interface 'JSX.IntrinsicElements' exists.
vendor/pi-desktop/apps/desktop/src/components/craftmine/WorldListPanel.tsx(103,13): error TS7026: JSX element implicitly has type 'any' because no interface 'JSX.IntrinsicElements' exists.
vendor/pi-desktop/apps/desktop/src/components/craftmine/WorldListPanel.tsx(128,13): error TS7026: JSX element implicitly has type 'any' because no interface 'JSX.IntrinsicElements' exists.
vendor/pi-desktop/apps/desktop/src/components/craftmine/WorldListPanel.tsx(130,9): error TS7026: JSX element implicitly has type 'any' because no interface 'JSX.IntrinsicElements' exists.
vendor/pi-desktop/apps/desktop/src/components/craftmine/WorldListPanel.tsx(134,9): error TS7026: JSX element implicitly has type 'any' because no interface 'JSX.IntrinsicElements' exists.
vendor/pi-desktop/apps/desktop/src/components/craftmine/WorldListPanel.tsx(134,105): error TS7026: JSX element implicitly has type 'any' because no interface 'JSX.IntrinsicElements' exists.
vendor/pi-desktop/apps/desktop/src/components/craftmine/WorldListPanel.tsx(137,9): error TS7026: JSX element implicitly has type 'any' because no interface 'JSX.IntrinsicElements' exists.
vendor/pi-desktop/apps/desktop/src/components/craftmine/WorldListPanel.tsx(137,103): error TS7026: JSX element implicitly has type 'any' because no interface 'JSX.IntrinsicElements' exists.
vendor/pi-desktop/apps/desktop/src/components/craftmine/WorldListPanel.tsx(139,5): error TS7026: JSX element implicitly has type 'any' because no interface 'JSX.IntrinsicElements' exists.
vendor/pi-desktop/apps/desktop/src/components/craftmine/WorldListPanel.tsx(180,5): error TS7026: JSX element implicitly has type 'any' because no interface 'JSX.IntrinsicElements' exists.
vendor/pi-desktop/apps/desktop/src/components/craftmine/WorldListPanel.tsx(181,7): error TS7026: JSX element implicitly has type 'any' because no interface 'JSX.IntrinsicElements' exists.
vendor/pi-desktop/apps/desktop/src/components/craftmine/WorldListPanel.tsx(200,9): error TS7026: JSX element implicitly has type 'any' because no interface 'JSX.IntrinsicElements' exists.
vendor/pi-desktop/apps/desktop/src/components/craftmine/WorldListPanel.tsx(201,11): error TS7026: JSX element implicitly has type 'any' because no interface 'JSX.IntrinsicElements' exists.
vendor/pi-desktop/apps/desktop/src/components/craftmine/WorldListPanel.tsx(201,68): error TS7026: JSX element implicitly has type 'any' because no interface 'JSX.IntrinsicElements' exists.
vendor/pi-desktop/apps/desktop/src/components/craftmine/WorldListPanel.tsx(202,11): error TS7026: JSX element implicitly has type 'any' because no interface 'JSX.IntrinsicElements' exists.
vendor/pi-desktop/apps/desktop/src/components/craftmine/WorldListPanel.tsx(202,84): error TS7026: JSX element implicitly has type 'any' because no interface 'JSX.IntrinsicElements' exists.
vendor/pi-desktop/apps/desktop/src/components/craftmine/WorldListPanel.tsx(203,11): error TS7026: JSX element implicitly has type 'any' because no interface 'JSX.IntrinsicElements' exists.
vendor/pi-desktop/apps/desktop/src/components/craftmine/WorldListPanel.tsx(205,15): error TS7026: JSX element implicitly has type 'any' because no interface 'JSX.IntrinsicElements' exists.
vendor/pi-desktop/apps/desktop/src/components/craftmine/WorldListPanel.tsx(205,103): error TS7026: JSX element implicitly has type 'any' because no interface 'JSX.IntrinsicElements' exists.
vendor/pi-desktop/apps/desktop/src/components/craftmine/WorldListPanel.tsx(207,15): error TS7026: JSX element implicitly has type 'any' because no interface 'JSX.IntrinsicElements' exists.
vendor/pi-desktop/apps/desktop/src/components/craftmine/WorldListPanel.tsx(214,15): error TS7026: JSX element implicitly has type 'any' because no interface 'JSX.IntrinsicElements' exists.
vendor/pi-desktop/apps/desktop/src/components/craftmine/WorldListPanel.tsx(217,15): error TS7026: JSX element implicitly has type 'any' because no interface 'JSX.IntrinsicElements' exists.
vendor/pi-desktop/apps/desktop/src/components/craftmine/WorldListPanel.tsx(217,103): error TS7026: JSX element implicitly has type 'any' because no interface 'JSX.IntrinsicElements' exists.
vendor/pi-desktop/apps/desktop/src/components/craftmine/WorldListPanel.tsx(219,24): error TS7026: JSX element implicitly has type 'any' because no interface 'JSX.IntrinsicElements' exists.
vendor/pi-desktop/apps/desktop/src/components/craftmine/WorldListPanel.tsx(219,105): error TS7026: JSX element implicitly has type 'any' because no interface 'JSX.IntrinsicElements' exists.
vendor/pi-desktop/apps/desktop/src/components/craftmine/WorldListPanel.tsx(220,26): error TS7026: JSX element implicitly has type 'any' because no interface 'JSX.IntrinsicElements' exists.
vendor/pi-desktop/apps/desktop/src/components/craftmine/WorldListPanel.tsx(220,107): error TS7026: JSX element implicitly has type 'any' because no interface 'JSX.IntrinsicElements' exists.
vendor/pi-desktop/apps/desktop/src/components/craftmine/WorldListPanel.tsx(221,11): error TS7026: JSX element implicitly has type 'any' because no interface 'JSX.IntrinsicElements' exists.
vendor/pi-desktop/apps/desktop/src/components/craftmine/WorldListPanel.tsx(222,9): error TS7026: JSX element implicitly has type 'any' because no interface 'JSX.IntrinsicElements' exists.
vendor/pi-desktop/apps/desktop/src/components/craftmine/WorldListPanel.tsx(223,7): error TS7026: JSX element implicitly has type 'any' because no interface 'JSX.IntrinsicElements' exists.
vendor/pi-desktop/apps/desktop/src/components/craftmine/WorldListPanel.tsx(226,9): error TS7026: JSX element implicitly has type 'any' because no interface 'JSX.IntrinsicElements' exists.
vendor/pi-desktop/apps/desktop/src/components/craftmine/WorldListPanel.tsx(228,13): error TS7026: JSX element implicitly has type 'any' because no interface 'JSX.IntrinsicElements' exists.
vendor/pi-desktop/apps/desktop/src/components/craftmine/WorldListPanel.tsx(230,13): error TS7026: JSX element implicitly has type 'any' because no interface 'JSX.IntrinsicElements' exists.
vendor/pi-desktop/apps/desktop/src/components/craftmine/WorldListPanel.tsx(233,13): error TS7026: JSX element implicitly has type 'any' because no interface 'JSX.IntrinsicElements' exists.
vendor/pi-desktop/apps/desktop/src/components/craftmine/WorldListPanel.tsx(235,17): error TS7026: JSX element implicitly has type 'any' because no interface 'JSX.IntrinsicElements' exists.
vendor/pi-desktop/apps/desktop/src/components/craftmine/WorldListPanel.tsx(241,59): error TS7006: Parameter 'open' implicitly has an 'any' type.
vendor/pi-desktop/apps/desktop/src/components/craftmine/WorldListPanel.tsx(246,17): error TS7026: JSX element implicitly has type 'any' because no interface 'JSX.IntrinsicElements' exists.
vendor/pi-desktop/apps/desktop/src/components/craftmine/WorldListPanel.tsx(248,13): error TS7026: JSX element implicitly has type 'any' because no interface 'JSX.IntrinsicElements' exists.
vendor/pi-desktop/apps/desktop/src/components/craftmine/WorldListPanel.tsx(251,13): error TS7026: JSX element implicitly has type 'any' because no interface 'JSX.IntrinsicElements' exists.
vendor/pi-desktop/apps/desktop/src/components/craftmine/WorldListPanel.tsx(252,15): error TS7026: JSX element implicitly has type 'any' because no interface 'JSX.IntrinsicElements' exists.
vendor/pi-desktop/apps/desktop/src/components/craftmine/WorldListPanel.tsx(252,61): error TS7026: JSX element implicitly has type 'any' because no interface 'JSX.IntrinsicElements' exists.
vendor/pi-desktop/apps/desktop/src/components/craftmine/WorldListPanel.tsx(253,15): error TS7026: JSX element implicitly has type 'any' because no interface 'JSX.IntrinsicElements' exists.
vendor/pi-desktop/apps/desktop/src/components/craftmine/WorldListPanel.tsx(253,57): error TS7026: JSX element implicitly has type 'any' because no interface 'JSX.IntrinsicElements' exists.
vendor/pi-desktop/apps/desktop/src/components/craftmine/WorldListPanel.tsx(254,15): error TS7026: JSX element implicitly has type 'any' because no interface 'JSX.IntrinsicElements' exists.
vendor/pi-desktop/apps/desktop/src/components/craftmine/WorldListPanel.tsx(254,30): error TS7026: JSX element implicitly has type 'any' because no interface 'JSX.IntrinsicElements' exists.
vendor/pi-desktop/apps/desktop/src/components/craftmine/WorldListPanel.tsx(255,15): error TS7026: JSX element implicitly has type 'any' because no interface 'JSX.IntrinsicElements' exists.
vendor/pi-desktop/apps/desktop/src/components/craftmine/WorldListPanel.tsx(255,54): error TS7026: JSX element implicitly has type 'any' because no interface 'JSX.IntrinsicElements' exists.
vendor/pi-desktop/apps/desktop/src/components/craftmine/WorldListPanel.tsx(258,19): error TS7026: JSX element implicitly has type 'any' because no interface 'JSX.IntrinsicElements' exists.
vendor/pi-desktop/apps/desktop/src/components/craftmine/WorldListPanel.tsx(258,65): error TS7026: JSX element implicitly has type 'any' because no interface 'JSX.IntrinsicElements' exists.
vendor/pi-desktop/apps/desktop/src/components/craftmine/WorldListPanel.tsx(259,19): error TS7026: JSX element implicitly has type 'any' because no interface 'JSX.IntrinsicElements' exists.
vendor/pi-desktop/apps/desktop/src/components/craftmine/WorldListPanel.tsx(260,21): error TS7026: JSX element implicitly has type 'any' because no interface 'JSX.IntrinsicElements' exists.
vendor/pi-desktop/apps/desktop/src/components/craftmine/WorldListPanel.tsx(262,25): error TS7026: JSX element implicitly has type 'any' because no interface 'JSX.IntrinsicElements' exists.
vendor/pi-desktop/apps/desktop/src/components/craftmine/WorldListPanel.tsx(268,25): error TS7026: JSX element implicitly has type 'any' because no interface 'JSX.IntrinsicElements' exists.
vendor/pi-desktop/apps/desktop/src/components/craftmine/WorldListPanel.tsx(270,21): error TS7026: JSX element implicitly has type 'any' because no interface 'JSX.IntrinsicElements' exists.
vendor/pi-desktop/apps/desktop/src/components/craftmine/WorldListPanel.tsx(271,19): error TS7026: JSX element implicitly has type 'any' because no interface 'JSX.IntrinsicElements' exists.
vendor/pi-desktop/apps/desktop/src/components/craftmine/WorldListPanel.tsx(276,19): error TS7026: JSX element implicitly has type 'any' because no interface 'JSX.IntrinsicElements' exists.
vendor/pi-desktop/apps/desktop/src/components/craftmine/WorldListPanel.tsx(276,28): error TS7026: JSX element implicitly has type 'any' because no interface 'JSX.IntrinsicElements' exists.
vendor/pi-desktop/apps/desktop/src/components/craftmine/WorldListPanel.tsx(277,19): error TS7026: JSX element implicitly has type 'any' because no interface 'JSX.IntrinsicElements' exists.
vendor/pi-desktop/apps/desktop/src/components/craftmine/WorldListPanel.tsx(277,50): error TS7026: JSX element implicitly has type 'any' because no interface 'JSX.IntrinsicElements' exists.
vendor/pi-desktop/apps/desktop/src/components/craftmine/WorldListPanel.tsx(280,13): error TS7026: JSX element implicitly has type 'any' because no interface 'JSX.IntrinsicElements' exists.
vendor/pi-desktop/apps/desktop/src/components/craftmine/WorldListPanel.tsx(282,9): error TS7026: JSX element implicitly has type 'any' because no interface 'JSX.IntrinsicElements' exists.
vendor/pi-desktop/apps/desktop/src/components/craftmine/WorldListPanel.tsx(284,5): error TS7026: JSX element implicitly has type 'any' because no interface 'JSX.IntrinsicElements' exists.
vendor/pi-desktop/apps/desktop/src/components/CraftmineChatResize.tsx(1,45): error TS7016: Could not find a declaration file for module 'react'. 'C:/cm-plan-next-20260910/vendor/pi-desktop/node_modules/.pnpm/react@19.2.8/node_modules/react/index.js' implicitly has an 'any' type.
  Try `npm i --save-dev @types/react` if it exists or add a new declaration (.d.ts) file containing `declare module 'react';`
vendor/pi-desktop/apps/desktop/src/components/CraftmineChatResize.tsx(18,10): error TS7016: Could not find a declaration file for module 'react/jsx-runtime'. 'C:/cm-plan-next-20260910/vendor/pi-desktop/node_modules/.pnpm/react@19.2.8/node_modules/react/jsx-runtime.js' implicitly has an 'any' type.
  Try `npm i --save-dev @types/react` if it exists or add a new declaration (.d.ts) file containing `declare module 'react/jsx-runtime';`
vendor/pi-desktop/apps/desktop/src/components/CraftmineChatResize.tsx(18,10): error TS7026: JSX element implicitly has type 'any' because no interface 'JSX.IntrinsicElements' exists.
vendor/pi-desktop/apps/desktop/src/components/CraftmineChatResize.tsx(22,20): error TS7006: Parameter 'event' implicitly has an 'any' type.
vendor/pi-desktop/apps/desktop/src/components/CraftmineChatResize.tsx(29,20): error TS7006: Parameter 'event' implicitly has an 'any' type.
vendor/pi-desktop/apps/desktop/src/components/CraftmineChatResize.tsx(32,18): error TS7006: Parameter 'event' implicitly has an 'any' type.
vendor/pi-desktop/apps/desktop/src/components/CraftmineChatResize.tsx(41,16): error TS7006: Parameter 'event' implicitly has an 'any' type.
vendor/pi-desktop/apps/desktop/src/components/CraftmineLayoutControls.tsx(1,37): error TS7016: Could not find a declaration file for module 'react'. 'C:/cm-plan-next-20260910/vendor/pi-desktop/node_modules/.pnpm/react@19.2.8/node_modules/react/index.js' implicitly has an 'any' type.
  Try `npm i --save-dev @types/react` if it exists or add a new declaration (.d.ts) file containing `declare module 'react';`
vendor/pi-desktop/apps/desktop/src/components/CraftmineLayoutControls.tsx(45,5): error TS7026: JSX element implicitly has type 'any' because no interface 'JSX.IntrinsicElements' exists.
vendor/pi-desktop/apps/desktop/src/components/CraftmineLayoutControls.tsx(45,5): error TS7016: Could not find a declaration file for module 'react/jsx-runtime'. 'C:/cm-plan-next-20260910/vendor/pi-desktop/node_modules/.pnpm/react@19.2.8/node_modules/react/jsx-runtime.js' implicitly has an 'any' type.
  Try `npm i --save-dev @types/react` if it exists or add a new declaration (.d.ts) file containing `declare module 'react/jsx-runtime';`
vendor/pi-desktop/apps/desktop/src/components/CraftmineLayoutControls.tsx(51,7): error TS7026: JSX element implicitly has type 'any' because no interface 'JSX.IntrinsicElements' exists.
vendor/pi-desktop/apps/desktop/src/components/CraftmineLayoutControls.tsx(51,24): error TS7006: Parameter 'event' implicitly has an 'any' type.
vendor/pi-desktop/apps/desktop/src/components/CraftmineLayoutControls.tsx(51,81): error TS7026: JSX element implicitly has type 'any' because no interface 'JSX.IntrinsicElements' exists.
vendor/pi-desktop/apps/desktop/src/components/CraftmineLayoutControls.tsx(51,301): error TS7026: JSX element implicitly has type 'any' because no interface 'JSX.IntrinsicElements' exists.
vendor/pi-desktop/apps/desktop/src/components/CraftmineLayoutControls.tsx(51,310): error TS7026: JSX element implicitly has type 'any' because no interface 'JSX.IntrinsicElements' exists.
vendor/pi-desktop/apps/desktop/src/components/CraftmineLayoutControls.tsx(52,7): error TS7026: JSX element implicitly has type 'any' because no interface 'JSX.IntrinsicElements' exists.
vendor/pi-desktop/apps/desktop/src/components/CraftmineLayoutControls.tsx(52,24): error TS7006: Parameter 'event' implicitly has an 'any' type.
vendor/pi-desktop/apps/desktop/src/components/CraftmineLayoutControls.tsx(52,79): error TS7026: JSX element implicitly has type 'any' because no interface 'JSX.IntrinsicElements' exists.
vendor/pi-desktop/apps/desktop/src/components/CraftmineLayoutControls.tsx(52,262): error TS7026: JSX element implicitly has type 'any' because no interface 'JSX.IntrinsicElements' exists.
vendor/pi-desktop/apps/desktop/src/components/CraftmineLayoutControls.tsx(52,271): error TS7026: JSX element implicitly has type 'any' because no interface 'JSX.IntrinsicElements' exists.
vendor/pi-desktop/apps/desktop/src/components/CraftmineLayoutControls.tsx(53,7): error TS7026: JSX element implicitly has type 'any' because no interface 'JSX.IntrinsicElements' exists.
vendor/pi-desktop/apps/desktop/src/components/CraftmineLayoutControls.tsx(55,7): error TS7026: JSX element implicitly has type 'any' because no interface 'JSX.IntrinsicElements' exists.
vendor/pi-desktop/apps/desktop/src/components/CraftmineLayoutControls.tsx(56,5): error TS7026: JSX element implicitly has type 'any' because no interface 'JSX.IntrinsicElements' exists.
vendor/pi-desktop/apps/desktop/src/components/CraftmineNavigation.tsx(1,54): error TS7016: Could not find a declaration file for module 'react'. 'C:/cm-plan-next-20260910/vendor/pi-desktop/node_modules/.pnpm/react@19.2.8/node_modules/react/index.js' implicitly has an 'any' type.
  Try `npm i --save-dev @types/react` if it exists or add a new declaration (.d.ts) file containing `declare module 'react';`
vendor/pi-desktop/apps/desktop/src/components/CraftmineNavigation.tsx(89,5): error TS7026: JSX element implicitly has type 'any' because no interface 'JSX.IntrinsicElements' exists.
vendor/pi-desktop/apps/desktop/src/components/CraftmineNavigation.tsx(89,5): error TS7016: Could not find a declaration file for module 'react/jsx-runtime'. 'C:/cm-plan-next-20260910/vendor/pi-desktop/node_modules/.pnpm/react@19.2.8/node_modules/react/jsx-runtime.js' implicitly has an 'any' type.
  Try `npm i --save-dev @types/react` if it exists or add a new declaration (.d.ts) file containing `declare module 'react/jsx-runtime';`
vendor/pi-desktop/apps/desktop/src/components/CraftmineNavigation.tsx(90,7): error TS7026: JSX element implicitly has type 'any' because no interface 'JSX.IntrinsicElements' exists.
vendor/pi-desktop/apps/desktop/src/components/CraftmineNavigation.tsx(99,9): error TS7026: JSX element implicitly has type 'any' because no interface 'JSX.IntrinsicElements' exists.
vendor/pi-desktop/apps/desktop/src/components/CraftmineNavigation.tsx(99,55): error TS7026: JSX element implicitly has type 'any' because no interface 'JSX.IntrinsicElements' exists.
vendor/pi-desktop/apps/desktop/src/components/CraftmineNavigation.tsx(100,9): error TS7026: JSX element implicitly has type 'any' because no interface 'JSX.IntrinsicElements' exists.
vendor/pi-desktop/apps/desktop/src/components/CraftmineNavigation.tsx(102,9): error TS7026: JSX element implicitly has type 'any' because no interface 'JSX.IntrinsicElements' exists.
vendor/pi-desktop/apps/desktop/src/components/CraftmineNavigation.tsx(103,7): error TS7026: JSX element implicitly has type 'any' because no interface 'JSX.IntrinsicElements' exists.
vendor/pi-desktop/apps/desktop/src/components/CraftmineNavigation.tsx(111,13): error TS7026: JSX element implicitly has type 'any' because no interface 'JSX.IntrinsicElements' exists.
vendor/pi-desktop/apps/desktop/src/components/CraftmineNavigation.tsx(112,15): error TS7026: JSX element implicitly has type 'any' because no interface 'JSX.IntrinsicElements' exists.
vendor/pi-desktop/apps/desktop/src/components/CraftmineNavigation.tsx(112,104): error TS7026: JSX element implicitly has type 'any' because no interface 'JSX.IntrinsicElements' exists.
vendor/pi-desktop/apps/desktop/src/components/CraftmineNavigation.tsx(113,15): error TS7026: JSX element implicitly has type 'any' because no interface 'JSX.IntrinsicElements' exists.
vendor/pi-desktop/apps/desktop/src/components/CraftmineNavigation.tsx(115,15): error TS7026: JSX element implicitly has type 'any' because no interface 'JSX.IntrinsicElements' exists.
vendor/pi-desktop/apps/desktop/src/components/CraftmineNavigation.tsx(116,13): error TS7026: JSX element implicitly has type 'any' because no interface 'JSX.IntrinsicElements' exists.
vendor/pi-desktop/apps/desktop/src/components/CraftmineNavigation.tsx(120,11): error TS7026: JSX element implicitly has type 'any' because no interface 'JSX.IntrinsicElements' exists.
vendor/pi-desktop/apps/desktop/src/components/CraftmineNavigation.tsx(120,50): error TS7006: Parameter 'event' implicitly has an 'any' type.
vendor/pi-desktop/apps/desktop/src/components/CraftmineNavigation.tsx(120,140): error TS7026: JSX element implicitly has type 'any' because no interface 'JSX.IntrinsicElements' exists.
vendor/pi-desktop/apps/desktop/src/components/CraftmineNavigation.tsx(120,230): error TS7026: JSX element implicitly has type 'any' because no interface 'JSX.IntrinsicElements' exists.
vendor/pi-desktop/apps/desktop/src/components/CraftmineNavigation.tsx(120,239): error TS7026: JSX element implicitly has type 'any' because no interface 'JSX.IntrinsicElements' exists.
vendor/pi-desktop/apps/desktop/src/components/CraftmineNavigation.tsx(121,27): error TS7026: JSX element implicitly has type 'any' because no interface 'JSX.IntrinsicElements' exists.
vendor/pi-desktop/apps/desktop/src/components/CraftmineNavigation.tsx(122,13): error TS7026: JSX element implicitly has type 'any' because no interface 'JSX.IntrinsicElements' exists.
vendor/pi-desktop/apps/desktop/src/components/CraftmineNavigation.tsx(122,57): error TS7026: JSX element implicitly has type 'any' because no interface 'JSX.IntrinsicElements' exists.
vendor/pi-desktop/apps/desktop/src/components/CraftmineNavigation.tsx(122,70): error TS7026: JSX element implicitly has type 'any' because no interface 'JSX.IntrinsicElements' exists.
vendor/pi-desktop/apps/desktop/src/components/CraftmineNavigation.tsx(122,77): error TS7026: JSX element implicitly has type 'any' because no interface 'JSX.IntrinsicElements' exists.
vendor/pi-desktop/apps/desktop/src/components/CraftmineNavigation.tsx(122,117): error TS7006: Parameter 'event' implicitly has an 'any' type.
vendor/pi-desktop/apps/desktop/src/components/CraftmineNavigation.tsx(122,178): error TS7026: JSX element implicitly has type 'any' because no interface 'JSX.IntrinsicElements' exists.
vendor/pi-desktop/apps/desktop/src/components/CraftmineNavigation.tsx(122,202): error TS7026: JSX element implicitly has type 'any' because no interface 'JSX.IntrinsicElements' exists.
vendor/pi-desktop/apps/desktop/src/components/CraftmineNavigation.tsx(122,211): error TS7026: JSX element implicitly has type 'any' because no interface 'JSX.IntrinsicElements' exists.
vendor/pi-desktop/apps/desktop/src/components/CraftmineNavigation.tsx(122,218): error TS7026: JSX element implicitly has type 'any' because no interface 'JSX.IntrinsicElements' exists.
vendor/pi-desktop/apps/desktop/src/components/CraftmineNavigation.tsx(124,11): error TS7026: JSX element implicitly has type 'any' because no interface 'JSX.IntrinsicElements' exists.
vendor/pi-desktop/apps/desktop/src/components/CraftmineNavigation.tsx(126,13): error TS7026: JSX element implicitly has type 'any' because no interface 'JSX.IntrinsicElements' exists.
vendor/pi-desktop/apps/desktop/src/components/CraftmineNavigation.tsx(126,103): error TS7026: JSX element implicitly has type 'any' because no interface 'JSX.IntrinsicElements' exists.
vendor/pi-desktop/apps/desktop/src/components/CraftmineNavigation.tsx(130,13): error TS7026: JSX element implicitly has type 'any' because no interface 'JSX.IntrinsicElements' exists.
vendor/pi-desktop/apps/desktop/src/components/CraftmineNavigation.tsx(132,15): error TS7026: JSX element implicitly has type 'any' because no interface 'JSX.IntrinsicElements' exists.
vendor/pi-desktop/apps/desktop/src/components/CraftmineNavigation.tsx(133,17): error TS7026: JSX element implicitly has type 'any' because no interface 'JSX.IntrinsicElements' exists.
vendor/pi-desktop/apps/desktop/src/components/CraftmineNavigation.tsx(133,63): error TS7026: JSX element implicitly has type 'any' because no interface 'JSX.IntrinsicElements' exists.
vendor/pi-desktop/apps/desktop/src/components/CraftmineNavigation.tsx(134,17): error TS7026: JSX element implicitly has type 'any' because no interface 'JSX.IntrinsicElements' exists.
vendor/pi-desktop/apps/desktop/src/components/CraftmineNavigation.tsx(134,55): error TS7006: Parameter 'event' implicitly has an 'any' type.
vendor/pi-desktop/apps/desktop/src/components/CraftmineNavigation.tsx(134,113): error TS7026: JSX element implicitly has type 'any' because no interface 'JSX.IntrinsicElements' exists.
vendor/pi-desktop/apps/desktop/src/components/CraftmineNavigation.tsx(136,17): error TS7026: JSX element implicitly has type 'any' because no interface 'JSX.IntrinsicElements' exists.
vendor/pi-desktop/apps/desktop/src/components/CraftmineNavigation.tsx(136,26): error TS7026: JSX element implicitly has type 'any' because no interface 'JSX.IntrinsicElements' exists.
vendor/pi-desktop/apps/desktop/src/components/CraftmineNavigation.tsx(137,15): error TS7026: JSX element implicitly has type 'any' because no interface 'JSX.IntrinsicElements' exists.
vendor/pi-desktop/apps/desktop/src/components/CraftmineNavigation.tsx(138,34): error TS2322: Type '{ key: string; bridge: CraftmineWorldBridge | null; lang: CraftmineLang; worldId: string | null; onImportRequest: () => Promise<{ sourceRoot: string; sourcePath: string; } | null>; }' is not assignable to type 'AssetLibraryPanelProps'.
  Property 'key' does not exist on type 'AssetLibraryPanelProps'.
vendor/pi-desktop/apps/desktop/src/components/CraftmineNavigation.tsx(152,13): error TS7026: JSX element implicitly has type 'any' because no interface 'JSX.IntrinsicElements' exists.
vendor/pi-desktop/apps/desktop/src/components/CraftmineNavigation.tsx(156,5): error TS7026: JSX element implicitly has type 'any' because no interface 'JSX.IntrinsicElements' exists.
vendor/pi-desktop/apps/desktop/src/components/extensions/KeyValueRows.tsx(1,23): error TS7016: Could not find a declaration file for module 'react'. 'C:/cm-plan-next-20260910/vendor/pi-desktop/node_modules/.pnpm/react@19.2.8/node_modules/react/index.js' implicitly has an 'any' type.
  Try `npm i --save-dev @types/react` if it exists or add a new declaration (.d.ts) file containing `declare module 'react';`
vendor/pi-desktop/apps/desktop/src/components/extensions/KeyValueRows.tsx(39,5): error TS7026: JSX element implicitly has type 'any' because no interface 'JSX.IntrinsicElements' exists.
vendor/pi-desktop/apps/desktop/src/components/extensions/KeyValueRows.tsx(39,5): error TS7016: Could not find a declaration file for module 'react/jsx-runtime'. 'C:/cm-plan-next-20260910/vendor/pi-desktop/node_modules/.pnpm/react@19.2.8/node_modules/react/jsx-runtime.js' implicitly has an 'any' type.
  Try `npm i --save-dev @types/react` if it exists or add a new declaration (.d.ts) file containing `declare module 'react/jsx-runtime';`
vendor/pi-desktop/apps/desktop/src/components/extensions/KeyValueRows.tsx(41,9): error TS7026: JSX element implicitly has type 'any' because no interface 'JSX.IntrinsicElements' exists.
vendor/pi-desktop/apps/desktop/src/components/extensions/KeyValueRows.tsx(42,11): error TS7026: JSX element implicitly has type 'any' because no interface 'JSX.IntrinsicElements' exists.
vendor/pi-desktop/apps/desktop/src/components/extensions/KeyValueRows.tsx(50,24): error TS7006: Parameter 'event' implicitly has an 'any' type.
vendor/pi-desktop/apps/desktop/src/components/extensions/KeyValueRows.tsx(52,11): error TS7026: JSX element implicitly has type 'any' because no interface 'JSX.IntrinsicElements' exists.
vendor/pi-desktop/apps/desktop/src/components/extensions/KeyValueRows.tsx(61,24): error TS7006: Parameter 'event' implicitly has an 'any' type.
vendor/pi-desktop/apps/desktop/src/components/extensions/KeyValueRows.tsx(63,11): error TS7026: JSX element implicitly has type 'any' because no interface 'JSX.IntrinsicElements' exists.
vendor/pi-desktop/apps/desktop/src/components/extensions/KeyValueRows.tsx(71,11): error TS7026: JSX element implicitly has type 'any' because no interface 'JSX.IntrinsicElements' exists.
vendor/pi-desktop/apps/desktop/src/components/extensions/KeyValueRows.tsx(72,9): error TS7026: JSX element implicitly has type 'any' because no interface 'JSX.IntrinsicElements' exists.
vendor/pi-desktop/apps/desktop/src/components/extensions/KeyValueRows.tsx(74,7): error TS7026: JSX element implicitly has type 'any' because no interface 'JSX.IntrinsicElements' exists.
vendor/pi-desktop/apps/desktop/src/components/extensions/KeyValueRows.tsx(81,7): error TS7026: JSX element implicitly has type 'any' because no interface 'JSX.IntrinsicElements' exists.
vendor/pi-desktop/apps/desktop/src/components/extensions/KeyValueRows.tsx(82,5): error TS7026: JSX element implicitly has type 'any' because no interface 'JSX.IntrinsicElements' exists.
vendor/pi-desktop/apps/desktop/src/components/extensions/McpEditorSheet.tsx(1,62): error TS7016: Could not find a declaration file for module 'react'. 'C:/cm-plan-next-20260910/vendor/pi-desktop/node_modules/.pnpm/react@19.2.8/node_modules/react/index.js' implicitly has an 'any' type.
  Try `npm i --save-dev @types/react` if it exists or add a new declaration (.d.ts) file containing `declare module 'react';`
vendor/pi-desktop/apps/desktop/src/components/extensions/McpEditorSheet.tsx(165,5): error TS7026: JSX element implicitly has type 'any' because no interface 'JSX.IntrinsicElements' exists.
vendor/pi-desktop/apps/desktop/src/components/extensions/McpEditorSheet.tsx(165,5): error TS7016: Could not find a declaration file for module 'react/jsx-runtime'. 'C:/cm-plan-next-20260910/vendor/pi-desktop/node_modules/.pnpm/react@19.2.8/node_modules/react/jsx-runtime.js' implicitly has an 'any' type.
  Try `npm i --save-dev @types/react` if it exists or add a new declaration (.d.ts) file containing `declare module 'react/jsx-runtime';`
vendor/pi-desktop/apps/desktop/src/components/extensions/McpEditorSheet.tsx(166,7): error TS7026: JSX element implicitly has type 'any' because no interface 'JSX.IntrinsicElements' exists.
vendor/pi-desktop/apps/desktop/src/components/extensions/McpEditorSheet.tsx(167,9): error TS7026: JSX element implicitly has type 'any' because no interface 'JSX.IntrinsicElements' exists.
vendor/pi-desktop/apps/desktop/src/components/extensions/McpEditorSheet.tsx(167,56): error TS7026: JSX element implicitly has type 'any' because no interface 'JSX.IntrinsicElements' exists.
vendor/pi-desktop/apps/desktop/src/components/extensions/McpEditorSheet.tsx(168,9): error TS7026: JSX element implicitly has type 'any' because no interface 'JSX.IntrinsicElements' exists.
vendor/pi-desktop/apps/desktop/src/components/extensions/McpEditorSheet.tsx(172,9): error TS7026: JSX element implicitly has type 'any' because no interface 'JSX.IntrinsicElements' exists.
vendor/pi-desktop/apps/desktop/src/components/extensions/McpEditorSheet.tsx(173,7): error TS7026: JSX element implicitly has type 'any' because no interface 'JSX.IntrinsicElements' exists.
vendor/pi-desktop/apps/desktop/src/components/extensions/McpEditorSheet.tsx(174,7): error TS7026: JSX element implicitly has type 'any' because no interface 'JSX.IntrinsicElements' exists.
vendor/pi-desktop/apps/desktop/src/components/extensions/McpEditorSheet.tsx(182,9): error TS7026: JSX element implicitly has type 'any' because no interface 'JSX.IntrinsicElements' exists.
vendor/pi-desktop/apps/desktop/src/components/extensions/McpEditorSheet.tsx(183,7): error TS7026: JSX element implicitly has type 'any' because no interface 'JSX.IntrinsicElements' exists.
vendor/pi-desktop/apps/desktop/src/components/extensions/McpEditorSheet.tsx(184,5): error TS7026: JSX element implicitly has type 'any' because no interface 'JSX.IntrinsicElements' exists.
vendor/pi-desktop/apps/desktop/src/components/extensions/McpEditorSheet.tsx(299,5): error TS7026: JSX element implicitly has type 'any' because no interface 'JSX.IntrinsicElements' exists.
vendor/pi-desktop/apps/desktop/src/components/extensions/McpEditorSheet.tsx(302,21): error TS7006: Parameter 'event' implicitly has an 'any' type.
vendor/pi-desktop/apps/desktop/src/components/extensions/McpEditorSheet.tsx(306,7): error TS7026: JSX element implicitly has type 'any' because no interface 'JSX.IntrinsicElements' exists.
vendor/pi-desktop/apps/desktop/src/components/extensions/McpEditorSheet.tsx(307,9): error TS7026: JSX element implicitly has type 'any' because no interface 'JSX.IntrinsicElements' exists.
vendor/pi-desktop/apps/desktop/src/components/extensions/McpEditorSheet.tsx(308,11): error TS7026: JSX element implicitly has type 'any' because no interface 'JSX.IntrinsicElements' exists.
vendor/pi-desktop/apps/desktop/src/components/extensions/McpEditorSheet.tsx(309,13): error TS7026: JSX element implicitly has type 'any' because no interface 'JSX.IntrinsicElements' exists.
vendor/pi-desktop/apps/desktop/src/components/extensions/McpEditorSheet.tsx(311,13): error TS7026: JSX element implicitly has type 'any' because no interface 'JSX.IntrinsicElements' exists.
vendor/pi-desktop/apps/desktop/src/components/extensions/McpEditorSheet.tsx(312,13): error TS7026: JSX element implicitly has type 'any' because no interface 'JSX.IntrinsicElements' exists.
vendor/pi-desktop/apps/desktop/src/components/extensions/McpEditorSheet.tsx(316,13): error TS7026: JSX element implicitly has type 'any' because no interface 'JSX.IntrinsicElements' exists.
vendor/pi-desktop/apps/desktop/src/components/extensions/McpEditorSheet.tsx(317,11): error TS7026: JSX element implicitly has type 'any' because no interface 'JSX.IntrinsicElements' exists.
vendor/pi-desktop/apps/desktop/src/components/extensions/McpEditorSheet.tsx(318,11): error TS7026: JSX element implicitly has type 'any' because no interface 'JSX.IntrinsicElements' exists.
vendor/pi-desktop/apps/desktop/src/components/extensions/McpEditorSheet.tsx(325,11): error TS7026: JSX element implicitly has type 'any' because no interface 'JSX.IntrinsicElements' exists.
vendor/pi-desktop/apps/desktop/src/components/extensions/McpEditorSheet.tsx(326,9): error TS7026: JSX element implicitly has type 'any' because no interface 'JSX.IntrinsicElements' exists.
vendor/pi-desktop/apps/desktop/src/components/extensions/McpEditorSheet.tsx(328,9): error TS7026: JSX element implicitly has type 'any' because no interface 'JSX.IntrinsicElements' exists.
vendor/pi-desktop/apps/desktop/src/components/extensions/McpEditorSheet.tsx(329,11): error TS7026: JSX element implicitly has type 'any' because no interface 'JSX.IntrinsicElements' exists.
vendor/pi-desktop/apps/desktop/src/components/extensions/McpEditorSheet.tsx(330,13): error TS7026: JSX element implicitly has type 'any' because no interface 'JSX.IntrinsicElements' exists.
vendor/pi-desktop/apps/desktop/src/components/extensions/McpEditorSheet.tsx(330,77): error TS7026: JSX element implicitly has type 'any' because no interface 'JSX.IntrinsicElements' exists.
vendor/pi-desktop/apps/desktop/src/components/extensions/McpEditorSheet.tsx(331,13): error TS7026: JSX element implicitly has type 'any' because no interface 'JSX.IntrinsicElements' exists.
vendor/pi-desktop/apps/desktop/src/components/extensions/McpEditorSheet.tsx(333,17): error TS7026: JSX element implicitly has type 'any' because no interface 'JSX.IntrinsicElements' exists.
vendor/pi-desktop/apps/desktop/src/components/extensions/McpEditorSheet.tsx(341,19): error TS7026: JSX element implicitly has type 'any' because no interface 'JSX.IntrinsicElements' exists.
vendor/pi-desktop/apps/desktop/src/components/extensions/McpEditorSheet.tsx(343,19): error TS7026: JSX element implicitly has type 'any' because no interface 'JSX.IntrinsicElements' exists.
vendor/pi-desktop/apps/desktop/src/components/extensions/McpEditorSheet.tsx(344,19): error TS7026: JSX element implicitly has type 'any' because no interface 'JSX.IntrinsicElements' exists.
vendor/pi-desktop/apps/desktop/src/components/extensions/McpEditorSheet.tsx(345,21): error TS7026: JSX element implicitly has type 'any' because no interface 'JSX.IntrinsicElements' exists.
vendor/pi-desktop/apps/desktop/src/components/extensions/McpEditorSheet.tsx(345,78): error TS7026: JSX element implicitly has type 'any' because no interface 'JSX.IntrinsicElements' exists.
vendor/pi-desktop/apps/desktop/src/components/extensions/McpEditorSheet.tsx(346,21): error TS7026: JSX element implicitly has type 'any' because no interface 'JSX.IntrinsicElements' exists.
vendor/pi-desktop/apps/desktop/src/components/extensions/McpEditorSheet.tsx(346,77): error TS7026: JSX element implicitly has type 'any' because no interface 'JSX.IntrinsicElements' exists.
vendor/pi-desktop/apps/desktop/src/components/extensions/McpEditorSheet.tsx(347,19): error TS7026: JSX element implicitly has type 'any' because no interface 'JSX.IntrinsicElements' exists.
vendor/pi-desktop/apps/desktop/src/components/extensions/McpEditorSheet.tsx(348,17): error TS7026: JSX element implicitly has type 'any' because no interface 'JSX.IntrinsicElements' exists.
vendor/pi-desktop/apps/desktop/src/components/extensions/McpEditorSheet.tsx(350,13): error TS7026: JSX element implicitly has type 'any' because no interface 'JSX.IntrinsicElements' exists.
vendor/pi-desktop/apps/desktop/src/components/extensions/McpEditorSheet.tsx(351,11): error TS7026: JSX element implicitly has type 'any' because no interface 'JSX.IntrinsicElements' exists.
vendor/pi-desktop/apps/desktop/src/components/extensions/McpEditorSheet.tsx(353,11): error TS7026: JSX element implicitly has type 'any' because no interface 'JSX.IntrinsicElements' exists.
vendor/pi-desktop/apps/desktop/src/components/extensions/McpEditorSheet.tsx(358,28): error TS7006: Parameter 'event' implicitly has an 'any' type.
vendor/pi-desktop/apps/desktop/src/components/extensions/McpEditorSheet.tsx(366,28): error TS7006: Parameter 'event' implicitly has an 'any' type.
vendor/pi-desktop/apps/desktop/src/components/extensions/McpEditorSheet.tsx(372,11): error TS7026: JSX element implicitly has type 'any' because no interface 'JSX.IntrinsicElements' exists.
vendor/pi-desktop/apps/desktop/src/components/extensions/McpEditorSheet.tsx(380,30): error TS7006: Parameter 'event' implicitly has an 'any' type.
vendor/pi-desktop/apps/desktop/src/components/extensions/McpEditorSheet.tsx(387,30): error TS7006: Parameter 'event' implicitly has an 'any' type.
vendor/pi-desktop/apps/desktop/src/components/extensions/McpEditorSheet.tsx(390,15): error TS7026: JSX element implicitly has type 'any' because no interface 'JSX.IntrinsicElements' exists.
vendor/pi-desktop/apps/desktop/src/components/extensions/McpEditorSheet.tsx(391,17): error TS7026: JSX element implicitly has type 'any' because no interface 'JSX.IntrinsicElements' exists.
vendor/pi-desktop/apps/desktop/src/components/extensions/McpEditorSheet.tsx(391,75): error TS7026: JSX element implicitly has type 'any' because no interface 'JSX.IntrinsicElements' exists.
vendor/pi-desktop/apps/desktop/src/components/extensions/McpEditorSheet.tsx(392,17): error TS7026: JSX element implicitly has type 'any' because no interface 'JSX.IntrinsicElements' exists.
vendor/pi-desktop/apps/desktop/src/components/extensions/McpEditorSheet.tsx(392,76): error TS7026: JSX element implicitly has type 'any' because no interface 'JSX.IntrinsicElements' exists.
vendor/pi-desktop/apps/desktop/src/components/extensions/McpEditorSheet.tsx(401,15): error TS7026: JSX element implicitly has type 'any' because no interface 'JSX.IntrinsicElements' exists.
vendor/pi-desktop/apps/desktop/src/components/extensions/McpEditorSheet.tsx(409,30): error TS7006: Parameter 'event' implicitly has an 'any' type.
vendor/pi-desktop/apps/desktop/src/components/extensions/McpEditorSheet.tsx(413,17): error TS7026: JSX element implicitly has type 'any' because no interface 'JSX.IntrinsicElements' exists.
vendor/pi-desktop/apps/desktop/src/components/extensions/McpEditorSheet.tsx(415,17): error TS7026: JSX element implicitly has type 'any' because no interface 'JSX.IntrinsicElements' exists.
vendor/pi-desktop/apps/desktop/src/components/extensions/McpEditorSheet.tsx(417,15): error TS7026: JSX element implicitly has type 'any' because no interface 'JSX.IntrinsicElements' exists.
vendor/pi-desktop/apps/desktop/src/components/extensions/McpEditorSheet.tsx(418,17): error TS7026: JSX element implicitly has type 'any' because no interface 'JSX.IntrinsicElements' exists.
vendor/pi-desktop/apps/desktop/src/components/extensions/McpEditorSheet.tsx(418,79): error TS7026: JSX element implicitly has type 'any' because no interface 'JSX.IntrinsicElements' exists.
vendor/pi-desktop/apps/desktop/src/components/extensions/McpEditorSheet.tsx(419,17): error TS7026: JSX element implicitly has type 'any' because no interface 'JSX.IntrinsicElements' exists.
vendor/pi-desktop/apps/desktop/src/components/extensions/McpEditorSheet.tsx(419,80): error TS7026: JSX element implicitly has type 'any' because no interface 'JSX.IntrinsicElements' exists.
vendor/pi-desktop/apps/desktop/src/components/extensions/McpEditorSheet.tsx(428,15): error TS7026: JSX element implicitly has type 'any' because no interface 'JSX.IntrinsicElements' exists.
vendor/pi-desktop/apps/desktop/src/components/extensions/McpEditorSheet.tsx(436,26): error TS7006: Parameter 'event' implicitly has an 'any' type.
vendor/pi-desktop/apps/desktop/src/components/extensions/McpEditorSheet.tsx(440,11): error TS7026: JSX element implicitly has type 'any' because no interface 'JSX.IntrinsicElements' exists.
vendor/pi-desktop/apps/desktop/src/components/extensions/McpEditorSheet.tsx(441,13): error TS7026: JSX element implicitly has type 'any' because no interface 'JSX.IntrinsicElements' exists.
vendor/pi-desktop/apps/desktop/src/components/extensions/McpEditorSheet.tsx(443,13): error TS7026: JSX element implicitly has type 'any' because no interface 'JSX.IntrinsicElements' exists.
vendor/pi-desktop/apps/desktop/src/components/extensions/McpEditorSheet.tsx(444,13): error TS7026: JSX element implicitly has type 'any' because no interface 'JSX.IntrinsicElements' exists.
vendor/pi-desktop/apps/desktop/src/components/extensions/McpEditorSheet.tsx(446,13): error TS7026: JSX element implicitly has type 'any' because no interface 'JSX.IntrinsicElements' exists.
vendor/pi-desktop/apps/desktop/src/components/extensions/McpEditorSheet.tsx(464,11): error TS7026: JSX element implicitly has type 'any' because no interface 'JSX.IntrinsicElements' exists.
vendor/pi-desktop/apps/desktop/src/components/extensions/McpEditorSheet.tsx(467,13): error TS7026: JSX element implicitly has type 'any' because no interface 'JSX.IntrinsicElements' exists.
vendor/pi-desktop/apps/desktop/src/components/extensions/McpEditorSheet.tsx(468,15): error TS7026: JSX element implicitly has type 'any' because no interface 'JSX.IntrinsicElements' exists.
vendor/pi-desktop/apps/desktop/src/components/extensions/McpEditorSheet.tsx(469,15): error TS7026: JSX element implicitly has type 'any' because no interface 'JSX.IntrinsicElements' exists.
vendor/pi-desktop/apps/desktop/src/components/extensions/McpEditorSheet.tsx(475,15): error TS7026: JSX element implicitly has type 'any' because no interface 'JSX.IntrinsicElements' exists.
vendor/pi-desktop/apps/desktop/src/components/extensions/McpEditorSheet.tsx(477,17): error TS7026: JSX element implicitly has type 'any' because no interface 'JSX.IntrinsicElements' exists.
vendor/pi-desktop/apps/desktop/src/components/extensions/McpEditorSheet.tsx(477,80): error TS7026: JSX element implicitly has type 'any' because no interface 'JSX.IntrinsicElements' exists.
vendor/pi-desktop/apps/desktop/src/components/extensions/McpEditorSheet.tsx(479,13): error TS7026: JSX element implicitly has type 'any' because no interface 'JSX.IntrinsicElements' exists.
vendor/pi-desktop/apps/desktop/src/components/extensions/McpEditorSheet.tsx(481,9): error TS7026: JSX element implicitly has type 'any' because no interface 'JSX.IntrinsicElements' exists.
vendor/pi-desktop/apps/desktop/src/components/extensions/McpEditorSheet.tsx(483,34): error TS7026: JSX element implicitly has type 'any' because no interface 'JSX.IntrinsicElements' exists.
vendor/pi-desktop/apps/desktop/src/components/extensions/McpEditorSheet.tsx(483,78): error TS7026: JSX element implicitly has type 'any' because no interface 'JSX.IntrinsicElements' exists.
vendor/pi-desktop/apps/desktop/src/components/extensions/McpEditorSheet.tsx(484,9): error TS7026: JSX element implicitly has type 'any' because no interface 'JSX.IntrinsicElements' exists.
vendor/pi-desktop/apps/desktop/src/components/extensions/McpEditorSheet.tsx(491,13): error TS7026: JSX element implicitly has type 'any' because no interface 'JSX.IntrinsicElements' exists.
vendor/pi-desktop/apps/desktop/src/components/extensions/McpEditorSheet.tsx(491,81): error TS7026: JSX element implicitly has type 'any' because no interface 'JSX.IntrinsicElements' exists.
vendor/pi-desktop/apps/desktop/src/components/extensions/McpEditorSheet.tsx(493,11): error TS7026: JSX element implicitly has type 'any' because no interface 'JSX.IntrinsicElements' exists.
vendor/pi-desktop/apps/desktop/src/components/extensions/McpEditorSheet.tsx(505,11): error TS7026: JSX element implicitly has type 'any' because no interface 'JSX.IntrinsicElements' exists.
vendor/pi-desktop/apps/desktop/src/components/extensions/McpEditorSheet.tsx(506,9): error TS7026: JSX element implicitly has type 'any' because no interface 'JSX.IntrinsicElements' exists.
vendor/pi-desktop/apps/desktop/src/components/extensions/McpEditorSheet.tsx(507,7): error TS7026: JSX element implicitly has type 'any' because no interface 'JSX.IntrinsicElements' exists.
vendor/pi-desktop/apps/desktop/src/components/extensions/McpEditorSheet.tsx(508,5): error TS7026: JSX element implicitly has type 'any' because no interface 'JSX.IntrinsicElements' exists.
vendor/pi-desktop/apps/desktop/src/components/extensions/ScopeControl.tsx(1,71): error TS7016: Could not find a declaration file for module 'react'. 'C:/cm-plan-next-20260910/vendor/pi-desktop/node_modules/.pnpm/react@19.2.8/node_modules/react/index.js' implicitly has an 'any' type.
  Try `npm i --save-dev @types/react` if it exists or add a new declaration (.d.ts) file containing `declare module 'react';`
vendor/pi-desktop/apps/desktop/src/components/extensions/ScopeControl.tsx(75,31): error TS7016: Could not find a declaration file for module 'react/jsx-runtime'. 'C:/cm-plan-next-20260910/vendor/pi-desktop/node_modules/.pnpm/react@19.2.8/node_modules/react/jsx-runtime.js' implicitly has an 'any' type.
  Try `npm i --save-dev @types/react` if it exists or add a new declaration (.d.ts) file containing `declare module 'react/jsx-runtime';`
vendor/pi-desktop/apps/desktop/src/components/extensions/ScopeControl.tsx(153,20): error TS7006: Parameter 'open' implicitly has an 'any' type.
vendor/pi-desktop/apps/desktop/src/components/extensions/ScopeControl.tsx(162,5): error TS7026: JSX element implicitly has type 'any' because no interface 'JSX.IntrinsicElements' exists.
vendor/pi-desktop/apps/desktop/src/components/extensions/ScopeControl.tsx(164,9): error TS7026: JSX element implicitly has type 'any' because no interface 'JSX.IntrinsicElements' exists.
vendor/pi-desktop/apps/desktop/src/components/extensions/ScopeControl.tsx(165,11): error TS7026: JSX element implicitly has type 'any' because no interface 'JSX.IntrinsicElements' exists.
vendor/pi-desktop/apps/desktop/src/components/extensions/ScopeControl.tsx(179,31): error TS7006: Parameter 'open' implicitly has an 'any' type.
vendor/pi-desktop/apps/desktop/src/components/extensions/ScopeControl.tsx(183,13): error TS7026: JSX element implicitly has type 'any' because no interface 'JSX.IntrinsicElements' exists.
vendor/pi-desktop/apps/desktop/src/components/extensions/ScopeControl.tsx(183,70): error TS7026: JSX element implicitly has type 'any' because no interface 'JSX.IntrinsicElements' exists.
vendor/pi-desktop/apps/desktop/src/components/extensions/ScopeControl.tsx(184,30): error TS2322: Type '{ className: string; size: number; }' is not assignable to type 'LucideProps'.
  Property 'className' does not exist on type 'LucideProps'.
vendor/pi-desktop/apps/desktop/src/components/extensions/ScopeControl.tsx(185,11): error TS7026: JSX element implicitly has type 'any' because no interface 'JSX.IntrinsicElements' exists.
vendor/pi-desktop/apps/desktop/src/components/extensions/ScopeControl.tsx(187,13): error TS7026: JSX element implicitly has type 'any' because no interface 'JSX.IntrinsicElements' exists.
vendor/pi-desktop/apps/desktop/src/components/extensions/ScopeControl.tsx(193,17): error TS7026: JSX element implicitly has type 'any' because no interface 'JSX.IntrinsicElements' exists.
vendor/pi-desktop/apps/desktop/src/components/extensions/ScopeControl.tsx(204,19): error TS7026: JSX element implicitly has type 'any' because no interface 'JSX.IntrinsicElements' exists.
vendor/pi-desktop/apps/desktop/src/components/extensions/ScopeControl.tsx(205,21): error TS7026: JSX element implicitly has type 'any' because no interface 'JSX.IntrinsicElements' exists.
vendor/pi-desktop/apps/desktop/src/components/extensions/ScopeControl.tsx(207,21): error TS7026: JSX element implicitly has type 'any' because no interface 'JSX.IntrinsicElements' exists.
vendor/pi-desktop/apps/desktop/src/components/extensions/ScopeControl.tsx(208,21): error TS7026: JSX element implicitly has type 'any' because no interface 'JSX.IntrinsicElements' exists.
vendor/pi-desktop/apps/desktop/src/components/extensions/ScopeControl.tsx(210,21): error TS7026: JSX element implicitly has type 'any' because no interface 'JSX.IntrinsicElements' exists.
vendor/pi-desktop/apps/desktop/src/components/extensions/ScopeControl.tsx(211,19): error TS7026: JSX element implicitly has type 'any' because no interface 'JSX.IntrinsicElements' exists.
vendor/pi-desktop/apps/desktop/src/components/extensions/ScopeControl.tsx(213,17): error TS7026: JSX element implicitly has type 'any' because no interface 'JSX.IntrinsicElements' exists.
vendor/pi-desktop/apps/desktop/src/components/extensions/ScopeControl.tsx(215,13): error TS7026: JSX element implicitly has type 'any' because no interface 'JSX.IntrinsicElements' exists.
vendor/pi-desktop/apps/desktop/src/components/extensions/ScopeControl.tsx(230,9): error TS7026: JSX element implicitly has type 'any' because no interface 'JSX.IntrinsicElements' exists.
vendor/pi-desktop/apps/desktop/src/components/extensions/ScopeControl.tsx(233,11): error TS7026: JSX element implicitly has type 'any' because no interface 'JSX.IntrinsicElements' exists.
vendor/pi-desktop/apps/desktop/src/components/extensions/ScopeControl.tsx(239,15): error TS7026: JSX element implicitly has type 'any' because no interface 'JSX.IntrinsicElements' exists.
vendor/pi-desktop/apps/desktop/src/components/extensions/ScopeControl.tsx(250,17): error TS7026: JSX element implicitly has type 'any' because no interface 'JSX.IntrinsicElements' exists.
vendor/pi-desktop/apps/desktop/src/components/extensions/ScopeControl.tsx(250,52): error TS7026: JSX element implicitly has type 'any' because no interface 'JSX.IntrinsicElements' exists.
vendor/pi-desktop/apps/desktop/src/components/extensions/ScopeControl.tsx(251,15): error TS7026: JSX element implicitly has type 'any' because no interface 'JSX.IntrinsicElements' exists.
vendor/pi-desktop/apps/desktop/src/components/extensions/ScopeControl.tsx(253,11): error TS7026: JSX element implicitly has type 'any' because no interface 'JSX.IntrinsicElements' exists.
vendor/pi-desktop/apps/desktop/src/components/extensions/ScopeControl.tsx(267,5): error TS7026: JSX element implicitly has type 'any' because no interface 'JSX.IntrinsicElements' exists.
vendor/pi-desktop/apps/desktop/src/components/extensions/ScopeControl.tsx(374,5): error TS7026: JSX element implicitly has type 'any' because no interface 'JSX.IntrinsicElements' exists.
vendor/pi-desktop/apps/desktop/src/components/extensions/ScopeControl.tsx(377,11): error TS7026: JSX element implicitly has type 'any' because no interface 'JSX.IntrinsicElements' exists.
vendor/pi-desktop/apps/desktop/src/components/extensions/ScopeControl.tsx(390,11): error TS7026: JSX element implicitly has type 'any' because no interface 'JSX.IntrinsicElements' exists.
vendor/pi-desktop/apps/desktop/src/components/extensions/ScopeControl.tsx(392,13): error TS7026: JSX element implicitly has type 'any' because no interface 'JSX.IntrinsicElements' exists.
vendor/pi-desktop/apps/desktop/src/components/extensions/ScopeControl.tsx(394,13): error TS7026: JSX element implicitly has type 'any' because no interface 'JSX.IntrinsicElements' exists.
vendor/pi-desktop/apps/desktop/src/components/extensions/ScopeControl.tsx(399,9): error TS7026: JSX element implicitly has type 'any' because no interface 'JSX.IntrinsicElements' exists.
vendor/pi-desktop/apps/desktop/src/components/extensions/ScopeControl.tsx(404,11): error TS7026: JSX element implicitly has type 'any' because no interface 'JSX.IntrinsicElements' exists.
vendor/pi-desktop/apps/desktop/src/components/extensions/ScopeControl.tsx(405,13): error TS7026: JSX element implicitly has type 'any' because no interface 'JSX.IntrinsicElements' exists.
vendor/pi-desktop/apps/desktop/src/components/extensions/ScopeControl.tsx(405,102): error TS7026: JSX element implicitly has type 'any' because no interface 'JSX.IntrinsicElements' exists.
vendor/pi-desktop/apps/desktop/src/components/extensions/ScopeControl.tsx(406,13): error TS7026: JSX element implicitly has type 'any' because no interface 'JSX.IntrinsicElements' exists.
vendor/pi-desktop/apps/desktop/src/components/extensions/ScopeControl.tsx(413,13): error TS7026: JSX element implicitly has type 'any' because no interface 'JSX.IntrinsicElements' exists.
vendor/pi-desktop/apps/desktop/src/components/extensions/ScopeControl.tsx(414,11): error TS7026: JSX element implicitly has type 'any' because no interface 'JSX.IntrinsicElements' exists.
vendor/pi-desktop/apps/desktop/src/components/extensions/ScopeControl.tsx(415,11): error TS7026: JSX element implicitly has type 'any' because no interface 'JSX.IntrinsicElements' exists.
vendor/pi-desktop/apps/desktop/src/components/extensions/ScopeControl.tsx(417,13): error TS7026: JSX element implicitly has type 'any' because no interface 'JSX.IntrinsicElements' exists.
vendor/pi-desktop/apps/desktop/src/components/extensions/ScopeControl.tsx(423,26): error TS7006: Parameter 'event' implicitly has an 'any' type.
vendor/pi-desktop/apps/desktop/src/components/extensions/ScopeControl.tsx(425,11): error TS7026: JSX element implicitly has type 'any' because no interface 'JSX.IntrinsicElements' exists.
vendor/pi-desktop/apps/desktop/src/components/extensions/ScopeControl.tsx(426,11): error TS7026: JSX element implicitly has type 'any' because no interface 'JSX.IntrinsicElements' exists.
vendor/pi-desktop/apps/desktop/src/components/extensions/ScopeControl.tsx(428,15): error TS7026: JSX element implicitly has type 'any' because no interface 'JSX.IntrinsicElements' exists.
vendor/pi-desktop/apps/desktop/src/components/extensions/ScopeControl.tsx(428,84): error TS7026: JSX element implicitly has type 'any' because no interface 'JSX.IntrinsicElements' exists.
vendor/pi-desktop/apps/desktop/src/components/extensions/ScopeControl.tsx(430,25): error TS7006: Parameter 'row' implicitly has an 'any' type.
vendor/pi-desktop/apps/desktop/src/components/extensions/ScopeControl.tsx(433,19): error TS7026: JSX element implicitly has type 'any' because no interface 'JSX.IntrinsicElements' exists.
vendor/pi-desktop/apps/desktop/src/components/extensions/ScopeControl.tsx(441,21): error TS7026: JSX element implicitly has type 'any' because no interface 'JSX.IntrinsicElements' exists.
vendor/pi-desktop/apps/desktop/src/components/extensions/ScopeControl.tsx(443,21): error TS7026: JSX element implicitly has type 'any' because no interface 'JSX.IntrinsicElements' exists.
vendor/pi-desktop/apps/desktop/src/components/extensions/ScopeControl.tsx(444,21): error TS7026: JSX element implicitly has type 'any' because no interface 'JSX.IntrinsicElements' exists.
vendor/pi-desktop/apps/desktop/src/components/extensions/ScopeControl.tsx(445,23): error TS7026: JSX element implicitly has type 'any' because no interface 'JSX.IntrinsicElements' exists.
vendor/pi-desktop/apps/desktop/src/components/extensions/ScopeControl.tsx(448,27): error TS7026: JSX element implicitly has type 'any' because no interface 'JSX.IntrinsicElements' exists.
vendor/pi-desktop/apps/desktop/src/components/extensions/ScopeControl.tsx(448,100): error TS7026: JSX element implicitly has type 'any' because no interface 'JSX.IntrinsicElements' exists.
vendor/pi-desktop/apps/desktop/src/components/extensions/ScopeControl.tsx(450,23): error TS7026: JSX element implicitly has type 'any' because no interface 'JSX.IntrinsicElements' exists.
vendor/pi-desktop/apps/desktop/src/components/extensions/ScopeControl.tsx(451,23): error TS7026: JSX element implicitly has type 'any' because no interface 'JSX.IntrinsicElements' exists.
vendor/pi-desktop/apps/desktop/src/components/extensions/ScopeControl.tsx(451,69): error TS7026: JSX element implicitly has type 'any' because no interface 'JSX.IntrinsicElements' exists.
vendor/pi-desktop/apps/desktop/src/components/extensions/ScopeControl.tsx(452,21): error TS7026: JSX element implicitly has type 'any' because no interface 'JSX.IntrinsicElements' exists.
vendor/pi-desktop/apps/desktop/src/components/extensions/ScopeControl.tsx(453,19): error TS7026: JSX element implicitly has type 'any' because no interface 'JSX.IntrinsicElements' exists.
vendor/pi-desktop/apps/desktop/src/components/extensions/ScopeControl.tsx(457,11): error TS7026: JSX element implicitly has type 'any' because no interface 'JSX.IntrinsicElements' exists.
vendor/pi-desktop/apps/desktop/src/components/extensions/ScopeControl.tsx(458,11): error TS7026: JSX element implicitly has type 'any' because no interface 'JSX.IntrinsicElements' exists.
vendor/pi-desktop/apps/desktop/src/components/extensions/ScopeControl.tsx(458,85): error TS7026: JSX element implicitly has type 'any' because no interface 'JSX.IntrinsicElements' exists.
vendor/pi-desktop/apps/desktop/src/components/extensions/ScopeControl.tsx(459,9): error TS7026: JSX element implicitly has type 'any' because no interface 'JSX.IntrinsicElements' exists.
vendor/pi-desktop/apps/desktop/src/components/extensions/ScopeControl.tsx(461,5): error TS7026: JSX element implicitly has type 'any' because no interface 'JSX.IntrinsicElements' exists.
vendor/pi-desktop/apps/desktop/src/components/HomeMascotLogo.tsx(8,5): error TS7026: JSX element implicitly has type 'any' because no interface 'JSX.IntrinsicElements' exists.
vendor/pi-desktop/apps/desktop/src/components/HomeMascotLogo.tsx(8,5): error TS7016: Could not find a declaration file for module 'react/jsx-runtime'. 'C:/cm-plan-next-20260910/vendor/pi-desktop/node_modules/.pnpm/react@19.2.8/node_modules/react/jsx-runtime.js' implicitly has an 'any' type.
  Try `npm i --save-dev @types/react` if it exists or add a new declaration (.d.ts) file containing `declare module 'react/jsx-runtime';`
vendor/pi-desktop/apps/desktop/src/components/HomeMascotLogo.tsx(13,7): error TS7026: JSX element implicitly has type 'any' because no interface 'JSX.IntrinsicElements' exists.
vendor/pi-desktop/apps/desktop/src/components/HomeMascotLogo.tsx(21,7): error TS7026: JSX element implicitly has type 'any' because no interface 'JSX.IntrinsicElements' exists.
vendor/pi-desktop/apps/desktop/src/components/HomeMascotLogo.tsx(29,7): error TS7026: JSX element implicitly has type 'any' because no interface 'JSX.IntrinsicElements' exists.
vendor/pi-desktop/apps/desktop/src/components/HomeMascotLogo.tsx(37,7): error TS7026: JSX element implicitly has type 'any' because no interface 'JSX.IntrinsicElements' exists.
vendor/pi-desktop/apps/desktop/src/components/HomeMascotLogo.tsx(45,5): error TS7026: JSX element implicitly has type 'any' because no interface 'JSX.IntrinsicElements' exists.
vendor/pi-desktop/apps/desktop/src/components/HomeQuickActions.tsx(67,5): error TS7026: JSX element implicitly has type 'any' because no interface 'JSX.IntrinsicElements' exists.
vendor/pi-desktop/apps/desktop/src/components/HomeQuickActions.tsx(67,5): error TS7016: Could not find a declaration file for module 'react/jsx-runtime'. 'C:/cm-plan-next-20260910/vendor/pi-desktop/node_modules/.pnpm/react@19.2.8/node_modules/react/jsx-runtime.js' implicitly has an 'any' type.
  Try `npm i --save-dev @types/react` if it exists or add a new declaration (.d.ts) file containing `declare module 'react/jsx-runtime';`
vendor/pi-desktop/apps/desktop/src/components/HomeQuickActions.tsx(73,7): error TS7026: JSX element implicitly has type 'any' because no interface 'JSX.IntrinsicElements' exists.
vendor/pi-desktop/apps/desktop/src/components/HomeQuickActions.tsx(75,11): error TS7026: JSX element implicitly has type 'any' because no interface 'JSX.IntrinsicElements' exists.
vendor/pi-desktop/apps/desktop/src/components/HomeQuickActions.tsx(81,13): error TS7026: JSX element implicitly has type 'any' because no interface 'JSX.IntrinsicElements' exists.
vendor/pi-desktop/apps/desktop/src/components/HomeQuickActions.tsx(83,13): error TS7026: JSX element implicitly has type 'any' because no interface 'JSX.IntrinsicElements' exists.
vendor/pi-desktop/apps/desktop/src/components/HomeQuickActions.tsx(84,13): error TS7026: JSX element implicitly has type 'any' because no interface 'JSX.IntrinsicElements' exists.
vendor/pi-desktop/apps/desktop/src/components/HomeQuickActions.tsx(86,13): error TS7026: JSX element implicitly has type 'any' because no interface 'JSX.IntrinsicElements' exists.
vendor/pi-desktop/apps/desktop/src/components/HomeQuickActions.tsx(87,31): error TS2322: Type '{ className: string; size: number; "aria-hidden": true; }' is not assignable to type 'LucideProps'.
  Property 'className' does not exist on type 'LucideProps'.
vendor/pi-desktop/apps/desktop/src/components/HomeQuickActions.tsx(88,11): error TS7026: JSX element implicitly has type 'any' because no interface 'JSX.IntrinsicElements' exists.
vendor/pi-desktop/apps/desktop/src/components/HomeQuickActions.tsx(93,13): error TS7026: JSX element implicitly has type 'any' because no interface 'JSX.IntrinsicElements' exists.
vendor/pi-desktop/apps/desktop/src/components/HomeQuickActions.tsx(100,15): error TS7026: JSX element implicitly has type 'any' because no interface 'JSX.IntrinsicElements' exists.
vendor/pi-desktop/apps/desktop/src/components/HomeQuickActions.tsx(102,15): error TS7026: JSX element implicitly has type 'any' because no interface 'JSX.IntrinsicElements' exists.
vendor/pi-desktop/apps/desktop/src/components/HomeQuickActions.tsx(103,15): error TS7026: JSX element implicitly has type 'any' because no interface 'JSX.IntrinsicElements' exists.
vendor/pi-desktop/apps/desktop/src/components/HomeQuickActions.tsx(103,77): error TS7026: JSX element implicitly has type 'any' because no interface 'JSX.IntrinsicElements' exists.
vendor/pi-desktop/apps/desktop/src/components/HomeQuickActions.tsx(104,33): error TS2322: Type '{ className: string; size: number; "aria-hidden": true; }' is not assignable to type 'LucideProps'.
  Property 'className' does not exist on type 'LucideProps'.
vendor/pi-desktop/apps/desktop/src/components/HomeQuickActions.tsx(105,13): error TS7026: JSX element implicitly has type 'any' because no interface 'JSX.IntrinsicElements' exists.
vendor/pi-desktop/apps/desktop/src/components/HomeQuickActions.tsx(108,7): error TS7026: JSX element implicitly has type 'any' because no interface 'JSX.IntrinsicElements' exists.
vendor/pi-desktop/apps/desktop/src/components/HomeQuickActions.tsx(109,5): error TS7026: JSX element implicitly has type 'any' because no interface 'JSX.IntrinsicElements' exists.
vendor/pi-desktop/apps/desktop/src/components/icons.tsx(1,46): error TS7016: Could not find a declaration file for module 'react'. 'C:/cm-plan-next-20260910/vendor/pi-desktop/node_modules/.pnpm/react@19.2.8/node_modules/react/index.js' implicitly has an 'any' type.
  Try `npm i --save-dev @types/react` if it exists or add a new declaration (.d.ts) file containing `declare module 'react';`
vendor/pi-desktop/apps/desktop/src/components/icons.tsx(123,37): error TS2339: Property 'style' does not exist on type 'LucideProps'.
vendor/pi-desktop/apps/desktop/src/components/icons.tsx(230,39): error TS2339: Property 'style' does not exist on type 'LucideProps'.
vendor/pi-desktop/apps/desktop/src/components/icons.tsx(232,5): error TS7016: Could not find a declaration file for module 'react/jsx-runtime'. 'C:/cm-plan-next-20260910/vendor/pi-desktop/node_modules/.pnpm/react@19.2.8/node_modules/react/jsx-runtime.js' implicitly has an 'any' type.
  Try `npm i --save-dev @types/react` if it exists or add a new declaration (.d.ts) file containing `declare module 'react/jsx-runtime';`
vendor/pi-desktop/apps/desktop/src/components/icons.tsx(243,38): error TS2339: Property 'style' does not exist on type 'LucideProps'.
vendor/pi-desktop/apps/desktop/src/components/icons.tsx(258,5): error TS7026: JSX element implicitly has type 'any' because no interface 'JSX.IntrinsicElements' exists.
vendor/pi-desktop/apps/desktop/src/components/icons.tsx(268,7): error TS7026: JSX element implicitly has type 'any' because no interface 'JSX.IntrinsicElements' exists.
vendor/pi-desktop/apps/desktop/src/components/icons.tsx(272,7): error TS7026: JSX element implicitly has type 'any' because no interface 'JSX.IntrinsicElements' exists.
vendor/pi-desktop/apps/desktop/src/components/icons.tsx(277,7): error TS7026: JSX element implicitly has type 'any' because no interface 'JSX.IntrinsicElements' exists.
vendor/pi-desktop/apps/desktop/src/components/icons.tsx(282,5): error TS7026: JSX element implicitly has type 'any' because no interface 'JSX.IntrinsicElements' exists.
vendor/pi-desktop/apps/desktop/src/components/Markdown.tsx(18,8): error TS7016: Could not find a declaration file for module 'react'. 'C:/cm-plan-next-20260910/vendor/pi-desktop/node_modules/.pnpm/react@19.2.8/node_modules/react/index.js' implicitly has an 'any' type.
  Try `npm i --save-dev @types/react` if it exists or add a new declaration (.d.ts) file containing `declare module 'react';`
vendor/pi-desktop/apps/desktop/src/components/Markdown.tsx(39,30): error TS7016: Could not find a declaration file for module 'react-dom'. 'C:/cm-plan-next-20260910/vendor/pi-desktop/node_modules/.pnpm/react-dom@19.2.8_react@19.2.8/node_modules/react-dom/index.js' implicitly has an 'any' type.
  Try `npm i --save-dev @types/react-dom` if it exists or add a new declaration (.d.ts) file containing `declare module 'react-dom';`
vendor/pi-desktop/apps/desktop/src/components/Markdown.tsx(136,9): error TS7026: JSX element implicitly has type 'any' because no interface 'JSX.IntrinsicElements' exists.
vendor/pi-desktop/apps/desktop/src/components/Markdown.tsx(138,9): error TS7026: JSX element implicitly has type 'any' because no interface 'JSX.IntrinsicElements' exists.
vendor/pi-desktop/apps/desktop/src/components/Markdown.tsx(181,23): error TS7016: Could not find a declaration file for module 'react/jsx-runtime'. 'C:/cm-plan-next-20260910/vendor/pi-desktop/node_modules/.pnpm/react@19.2.8/node_modules/react/jsx-runtime.js' implicitly has an 'any' type.
  Try `npm i --save-dev @types/react` if it exists or add a new declaration (.d.ts) file containing `declare module 'react/jsx-runtime';`
vendor/pi-desktop/apps/desktop/src/components/Markdown.tsx(198,5): error TS7026: JSX element implicitly has type 'any' because no interface 'JSX.IntrinsicElements' exists.
vendor/pi-desktop/apps/desktop/src/components/Markdown.tsx(199,7): error TS7026: JSX element implicitly has type 'any' because no interface 'JSX.IntrinsicElements' exists.
vendor/pi-desktop/apps/desktop/src/components/Markdown.tsx(200,9): error TS7026: JSX element implicitly has type 'any' because no interface 'JSX.IntrinsicElements' exists.
vendor/pi-desktop/apps/desktop/src/components/Markdown.tsx(200,59): error TS7026: JSX element implicitly has type 'any' because no interface 'JSX.IntrinsicElements' exists.
vendor/pi-desktop/apps/desktop/src/components/Markdown.tsx(201,9): error TS7026: JSX element implicitly has type 'any' because no interface 'JSX.IntrinsicElements' exists.
vendor/pi-desktop/apps/desktop/src/components/Markdown.tsx(208,9): error TS7026: JSX element implicitly has type 'any' because no interface 'JSX.IntrinsicElements' exists.
vendor/pi-desktop/apps/desktop/src/components/Markdown.tsx(209,7): error TS7026: JSX element implicitly has type 'any' because no interface 'JSX.IntrinsicElements' exists.
vendor/pi-desktop/apps/desktop/src/components/Markdown.tsx(210,7): error TS7026: JSX element implicitly has type 'any' because no interface 'JSX.IntrinsicElements' exists.
vendor/pi-desktop/apps/desktop/src/components/Markdown.tsx(211,9): error TS7026: JSX element implicitly has type 'any' because no interface 'JSX.IntrinsicElements' exists.
vendor/pi-desktop/apps/desktop/src/components/Markdown.tsx(213,9): error TS7026: JSX element implicitly has type 'any' because no interface 'JSX.IntrinsicElements' exists.
vendor/pi-desktop/apps/desktop/src/components/Markdown.tsx(214,7): error TS7026: JSX element implicitly has type 'any' because no interface 'JSX.IntrinsicElements' exists.
vendor/pi-desktop/apps/desktop/src/components/Markdown.tsx(215,5): error TS7026: JSX element implicitly has type 'any' because no interface 'JSX.IntrinsicElements' exists.
vendor/pi-desktop/apps/desktop/src/components/Markdown.tsx(303,5): error TS7026: JSX element implicitly has type 'any' because no interface 'JSX.IntrinsicElements' exists.
vendor/pi-desktop/apps/desktop/src/components/Markdown.tsx(308,7): error TS7026: JSX element implicitly has type 'any' because no interface 'JSX.IntrinsicElements' exists.
vendor/pi-desktop/apps/desktop/src/components/Markdown.tsx(309,9): error TS7026: JSX element implicitly has type 'any' because no interface 'JSX.IntrinsicElements' exists.
vendor/pi-desktop/apps/desktop/src/components/Markdown.tsx(311,11): error TS7026: JSX element implicitly has type 'any' because no interface 'JSX.IntrinsicElements' exists.
vendor/pi-desktop/apps/desktop/src/components/Markdown.tsx(311,24): error TS7026: JSX element implicitly has type 'any' because no interface 'JSX.IntrinsicElements' exists.
vendor/pi-desktop/apps/desktop/src/components/Markdown.tsx(312,9): error TS7026: JSX element implicitly has type 'any' because no interface 'JSX.IntrinsicElements' exists.
vendor/pi-desktop/apps/desktop/src/components/Markdown.tsx(313,9): error TS7026: JSX element implicitly has type 'any' because no interface 'JSX.IntrinsicElements' exists.
vendor/pi-desktop/apps/desktop/src/components/Markdown.tsx(315,13): error TS7026: JSX element implicitly has type 'any' because no interface 'JSX.IntrinsicElements' exists.
vendor/pi-desktop/apps/desktop/src/components/Markdown.tsx(325,45): error TS7006: Parameter 'value' implicitly has an 'any' type.
vendor/pi-desktop/apps/desktop/src/components/Markdown.tsx(332,13): error TS7026: JSX element implicitly has type 'any' because no interface 'JSX.IntrinsicElements' exists.
vendor/pi-desktop/apps/desktop/src/components/Markdown.tsx(334,11): error TS7026: JSX element implicitly has type 'any' because no interface 'JSX.IntrinsicElements' exists.
vendor/pi-desktop/apps/desktop/src/components/Markdown.tsx(342,11): error TS7026: JSX element implicitly has type 'any' because no interface 'JSX.IntrinsicElements' exists.
vendor/pi-desktop/apps/desktop/src/components/Markdown.tsx(343,9): error TS7026: JSX element implicitly has type 'any' because no interface 'JSX.IntrinsicElements' exists.
vendor/pi-desktop/apps/desktop/src/components/Markdown.tsx(344,7): error TS7026: JSX element implicitly has type 'any' because no interface 'JSX.IntrinsicElements' exists.
vendor/pi-desktop/apps/desktop/src/components/Markdown.tsx(345,7): error TS7026: JSX element implicitly has type 'any' because no interface 'JSX.IntrinsicElements' exists.
vendor/pi-desktop/apps/desktop/src/components/Markdown.tsx(347,11): error TS7026: JSX element implicitly has type 'any' because no interface 'JSX.IntrinsicElements' exists.
vendor/pi-desktop/apps/desktop/src/components/Markdown.tsx(349,13): error TS7026: JSX element implicitly has type 'any' because no interface 'JSX.IntrinsicElements' exists.
vendor/pi-desktop/apps/desktop/src/components/Markdown.tsx(349,32): error TS7026: JSX element implicitly has type 'any' because no interface 'JSX.IntrinsicElements' exists.
vendor/pi-desktop/apps/desktop/src/components/Markdown.tsx(350,11): error TS7026: JSX element implicitly has type 'any' because no interface 'JSX.IntrinsicElements' exists.
vendor/pi-desktop/apps/desktop/src/components/Markdown.tsx(353,11): error TS7026: JSX element implicitly has type 'any' because no interface 'JSX.IntrinsicElements' exists.
vendor/pi-desktop/apps/desktop/src/components/Markdown.tsx(354,13): error TS7026: JSX element implicitly has type 'any' because no interface 'JSX.IntrinsicElements' exists.
vendor/pi-desktop/apps/desktop/src/components/Markdown.tsx(354,25): error TS7026: JSX element implicitly has type 'any' because no interface 'JSX.IntrinsicElements' exists.
vendor/pi-desktop/apps/desktop/src/components/Markdown.tsx(355,11): error TS7026: JSX element implicitly has type 'any' because no interface 'JSX.IntrinsicElements' exists.
vendor/pi-desktop/apps/desktop/src/components/Markdown.tsx(357,11): error TS7026: JSX element implicitly has type 'any' because no interface 'JSX.IntrinsicElements' exists.
vendor/pi-desktop/apps/desktop/src/components/Markdown.tsx(365,11): error TS7026: JSX element implicitly has type 'any' because no interface 'JSX.IntrinsicElements' exists.
vendor/pi-desktop/apps/desktop/src/components/Markdown.tsx(370,13): error TS7026: JSX element implicitly has type 'any' because no interface 'JSX.IntrinsicElements' exists.
vendor/pi-desktop/apps/desktop/src/components/Markdown.tsx(371,13): error TS7026: JSX element implicitly has type 'any' because no interface 'JSX.IntrinsicElements' exists.
vendor/pi-desktop/apps/desktop/src/components/Markdown.tsx(372,13): error TS7026: JSX element implicitly has type 'any' because no interface 'JSX.IntrinsicElements' exists.
vendor/pi-desktop/apps/desktop/src/components/Markdown.tsx(373,11): error TS7026: JSX element implicitly has type 'any' because no interface 'JSX.IntrinsicElements' exists.
vendor/pi-desktop/apps/desktop/src/components/Markdown.tsx(375,7): error TS7026: JSX element implicitly has type 'any' because no interface 'JSX.IntrinsicElements' exists.
vendor/pi-desktop/apps/desktop/src/components/Markdown.tsx(376,5): error TS7026: JSX element implicitly has type 'any' because no interface 'JSX.IntrinsicElements' exists.
vendor/pi-desktop/apps/desktop/src/components/Markdown.tsx(415,21): error TS7026: JSX element implicitly has type 'any' because no interface 'JSX.IntrinsicElements' exists.
vendor/pi-desktop/apps/desktop/src/components/Markdown.tsx(415,46): error TS7026: JSX element implicitly has type 'any' because no interface 'JSX.IntrinsicElements' exists.
vendor/pi-desktop/apps/desktop/src/components/Markdown.tsx(456,7): error TS7026: JSX element implicitly has type 'any' because no interface 'JSX.IntrinsicElements' exists.
vendor/pi-desktop/apps/desktop/src/components/Markdown.tsx(458,7): error TS7026: JSX element implicitly has type 'any' because no interface 'JSX.IntrinsicElements' exists.
vendor/pi-desktop/apps/desktop/src/components/Markdown.tsx(462,5): error TS7026: JSX element implicitly has type 'any' because no interface 'JSX.IntrinsicElements' exists.
vendor/pi-desktop/apps/desktop/src/components/Markdown.tsx(470,7): error TS7026: JSX element implicitly has type 'any' because no interface 'JSX.IntrinsicElements' exists.
vendor/pi-desktop/apps/desktop/src/components/Markdown.tsx(472,7): error TS7026: JSX element implicitly has type 'any' because no interface 'JSX.IntrinsicElements' exists.
vendor/pi-desktop/apps/desktop/src/components/Markdown.tsx(473,5): error TS7026: JSX element implicitly has type 'any' because no interface 'JSX.IntrinsicElements' exists.
vendor/pi-desktop/apps/desktop/src/components/Markdown.tsx(524,29): error TS2503: Cannot find namespace 'React'.
vendor/pi-desktop/apps/desktop/src/components/Markdown.tsx(533,33): error TS2503: Cannot find namespace 'React'.
vendor/pi-desktop/apps/desktop/src/components/Markdown.tsx(550,18): error TS2339: Property 'focus' does not exist on type '{}'.
vendor/pi-desktop/apps/desktop/src/components/Markdown.tsx(571,23): error TS2503: Cannot find namespace 'React'.
vendor/pi-desktop/apps/desktop/src/components/Markdown.tsx(591,7): error TS7026: JSX element implicitly has type 'any' because no interface 'JSX.IntrinsicElements' exists.
vendor/pi-desktop/apps/desktop/src/components/Markdown.tsx(601,7): error TS7026: JSX element implicitly has type 'any' because no interface 'JSX.IntrinsicElements' exists.
vendor/pi-desktop/apps/desktop/src/components/Markdown.tsx(604,11): error TS7026: JSX element implicitly has type 'any' because no interface 'JSX.IntrinsicElements' exists.
vendor/pi-desktop/apps/desktop/src/components/Markdown.tsx(613,23): error TS7006: Parameter 'e' implicitly has an 'any' type.
vendor/pi-desktop/apps/desktop/src/components/Markdown.tsx(615,13): error TS7026: JSX element implicitly has type 'any' because no interface 'JSX.IntrinsicElements' exists.
vendor/pi-desktop/apps/desktop/src/components/Markdown.tsx(625,13): error TS7026: JSX element implicitly has type 'any' because no interface 'JSX.IntrinsicElements' exists.
vendor/pi-desktop/apps/desktop/src/components/Markdown.tsx(626,13): error TS7026: JSX element implicitly has type 'any' because no interface 'JSX.IntrinsicElements' exists.
vendor/pi-desktop/apps/desktop/src/components/Markdown.tsx(636,13): error TS7026: JSX element implicitly has type 'any' because no interface 'JSX.IntrinsicElements' exists.
vendor/pi-desktop/apps/desktop/src/components/Markdown.tsx(637,13): error TS7026: JSX element implicitly has type 'any' because no interface 'JSX.IntrinsicElements' exists.
vendor/pi-desktop/apps/desktop/src/components/Markdown.tsx(644,13): error TS7026: JSX element implicitly has type 'any' because no interface 'JSX.IntrinsicElements' exists.
vendor/pi-desktop/apps/desktop/src/components/Markdown.tsx(645,11): error TS7026: JSX element implicitly has type 'any' because no interface 'JSX.IntrinsicElements' exists.
vendor/pi-desktop/apps/desktop/src/components/Markdown.tsx(684,7): error TS7026: JSX element implicitly has type 'any' because no interface 'JSX.IntrinsicElements' exists.
vendor/pi-desktop/apps/desktop/src/components/Markdown.tsx(696,7): error TS7026: JSX element implicitly has type 'any' because no interface 'JSX.IntrinsicElements' exists.
vendor/pi-desktop/apps/desktop/src/components/Markdown.tsx(708,7): error TS7026: JSX element implicitly has type 'any' because no interface 'JSX.IntrinsicElements' exists.
vendor/pi-desktop/apps/desktop/src/components/Markdown.tsx(715,9): error TS7026: JSX element implicitly has type 'any' because no interface 'JSX.IntrinsicElements' exists.
vendor/pi-desktop/apps/desktop/src/components/Markdown.tsx(715,49): error TS7026: JSX element implicitly has type 'any' because no interface 'JSX.IntrinsicElements' exists.
vendor/pi-desktop/apps/desktop/src/components/Markdown.tsx(716,7): error TS7026: JSX element implicitly has type 'any' because no interface 'JSX.IntrinsicElements' exists.
vendor/pi-desktop/apps/desktop/src/components/Markdown.tsx(719,10): error TS7026: JSX element implicitly has type 'any' because no interface 'JSX.IntrinsicElements' exists.
vendor/pi-desktop/apps/desktop/src/components/Markdown.tsx(728,5): error TS7026: JSX element implicitly has type 'any' because no interface 'JSX.IntrinsicElements' exists.
vendor/pi-desktop/apps/desktop/src/components/Markdown.tsx(729,7): error TS7026: JSX element implicitly has type 'any' because no interface 'JSX.IntrinsicElements' exists.
vendor/pi-desktop/apps/desktop/src/components/Markdown.tsx(729,34): error TS7026: JSX element implicitly has type 'any' because no interface 'JSX.IntrinsicElements' exists.
vendor/pi-desktop/apps/desktop/src/components/Markdown.tsx(730,5): error TS7026: JSX element implicitly has type 'any' because no interface 'JSX.IntrinsicElements' exists.
vendor/pi-desktop/apps/desktop/src/components/Markdown.tsx(742,5): error TS7026: JSX element implicitly has type 'any' because no interface 'JSX.IntrinsicElements' exists.
vendor/pi-desktop/apps/desktop/src/components/Markdown.tsx(743,7): error TS7026: JSX element implicitly has type 'any' because no interface 'JSX.IntrinsicElements' exists.
vendor/pi-desktop/apps/desktop/src/components/Markdown.tsx(744,5): error TS7026: JSX element implicitly has type 'any' because no interface 'JSX.IntrinsicElements' exists.
vendor/pi-desktop/apps/desktop/src/components/Markdown.tsx(756,5): error TS7026: JSX element implicitly has type 'any' because no interface 'JSX.IntrinsicElements' exists.
vendor/pi-desktop/apps/desktop/src/components/Markdown.tsx(757,7): error TS7026: JSX element implicitly has type 'any' because no interface 'JSX.IntrinsicElements' exists.
vendor/pi-desktop/apps/desktop/src/components/Markdown.tsx(758,5): error TS7026: JSX element implicitly has type 'any' because no interface 'JSX.IntrinsicElements' exists.
vendor/pi-desktop/apps/desktop/src/components/NotificationCenter.tsx(9,8): error TS7016: Could not find a declaration file for module 'react'. 'C:/cm-plan-next-20260910/vendor/pi-desktop/node_modules/.pnpm/react@19.2.8/node_modules/react/index.js' implicitly has an 'any' type.
  Try `npm i --save-dev @types/react` if it exists or add a new declaration (.d.ts) file containing `declare module 'react';`
vendor/pi-desktop/apps/desktop/src/components/NotificationCenter.tsx(10,30): error TS7016: Could not find a declaration file for module 'react-dom'. 'C:/cm-plan-next-20260910/vendor/pi-desktop/node_modules/.pnpm/react-dom@19.2.8_react@19.2.8/node_modules/react-dom/index.js' implicitly has an 'any' type.
  Try `npm i --save-dev @types/react-dom` if it exists or add a new declaration (.d.ts) file containing `declare module 'react-dom';`
vendor/pi-desktop/apps/desktop/src/components/NotificationCenter.tsx(98,33): error TS7006: Parameter 'notification' implicitly has an 'any' type.
vendor/pi-desktop/apps/desktop/src/components/NotificationCenter.tsx(187,20): error TS2339: Property 'focus' does not exist on type '{}'.
vendor/pi-desktop/apps/desktop/src/components/NotificationCenter.tsx(226,5): error TS7026: JSX element implicitly has type 'any' because no interface 'JSX.IntrinsicElements' exists.
vendor/pi-desktop/apps/desktop/src/components/NotificationCenter.tsx(226,5): error TS7016: Could not find a declaration file for module 'react/jsx-runtime'. 'C:/cm-plan-next-20260910/vendor/pi-desktop/node_modules/.pnpm/react@19.2.8/node_modules/react/jsx-runtime.js' implicitly has an 'any' type.
  Try `npm i --save-dev @types/react` if it exists or add a new declaration (.d.ts) file containing `declare module 'react/jsx-runtime';`
vendor/pi-desktop/apps/desktop/src/components/NotificationCenter.tsx(227,7): error TS7026: JSX element implicitly has type 'any' because no interface 'JSX.IntrinsicElements' exists.
vendor/pi-desktop/apps/desktop/src/components/NotificationCenter.tsx(246,11): error TS7026: JSX element implicitly has type 'any' because no interface 'JSX.IntrinsicElements' exists.
vendor/pi-desktop/apps/desktop/src/components/NotificationCenter.tsx(248,11): error TS7026: JSX element implicitly has type 'any' because no interface 'JSX.IntrinsicElements' exists.
vendor/pi-desktop/apps/desktop/src/components/NotificationCenter.tsx(250,7): error TS7026: JSX element implicitly has type 'any' because no interface 'JSX.IntrinsicElements' exists.
vendor/pi-desktop/apps/desktop/src/components/NotificationCenter.tsx(251,7): error TS7026: JSX element implicitly has type 'any' because no interface 'JSX.IntrinsicElements' exists.
vendor/pi-desktop/apps/desktop/src/components/NotificationCenter.tsx(253,7): error TS7026: JSX element implicitly has type 'any' because no interface 'JSX.IntrinsicElements' exists.
vendor/pi-desktop/apps/desktop/src/components/NotificationCenter.tsx(257,13): error TS7026: JSX element implicitly has type 'any' because no interface 'JSX.IntrinsicElements' exists.
vendor/pi-desktop/apps/desktop/src/components/NotificationCenter.tsx(266,11): error TS7026: JSX element implicitly has type 'any' because no interface 'JSX.IntrinsicElements' exists.
vendor/pi-desktop/apps/desktop/src/components/NotificationCenter.tsx(267,13): error TS7026: JSX element implicitly has type 'any' because no interface 'JSX.IntrinsicElements' exists.
vendor/pi-desktop/apps/desktop/src/components/NotificationCenter.tsx(267,67): error TS7026: JSX element implicitly has type 'any' because no interface 'JSX.IntrinsicElements' exists.
vendor/pi-desktop/apps/desktop/src/components/NotificationCenter.tsx(268,13): error TS7026: JSX element implicitly has type 'any' because no interface 'JSX.IntrinsicElements' exists.
vendor/pi-desktop/apps/desktop/src/components/NotificationCenter.tsx(269,15): error TS7026: JSX element implicitly has type 'any' because no interface 'JSX.IntrinsicElements' exists.
vendor/pi-desktop/apps/desktop/src/components/NotificationCenter.tsx(278,15): error TS7026: JSX element implicitly has type 'any' because no interface 'JSX.IntrinsicElements' exists.
vendor/pi-desktop/apps/desktop/src/components/NotificationCenter.tsx(279,15): error TS7026: JSX element implicitly has type 'any' because no interface 'JSX.IntrinsicElements' exists.
vendor/pi-desktop/apps/desktop/src/components/NotificationCenter.tsx(288,15): error TS7026: JSX element implicitly has type 'any' because no interface 'JSX.IntrinsicElements' exists.
vendor/pi-desktop/apps/desktop/src/components/NotificationCenter.tsx(289,13): error TS7026: JSX element implicitly has type 'any' because no interface 'JSX.IntrinsicElements' exists.
vendor/pi-desktop/apps/desktop/src/components/NotificationCenter.tsx(290,11): error TS7026: JSX element implicitly has type 'any' because no interface 'JSX.IntrinsicElements' exists.
vendor/pi-desktop/apps/desktop/src/components/NotificationCenter.tsx(292,11): error TS7026: JSX element implicitly has type 'any' because no interface 'JSX.IntrinsicElements' exists.
vendor/pi-desktop/apps/desktop/src/components/NotificationCenter.tsx(298,15): error TS7026: JSX element implicitly has type 'any' because no interface 'JSX.IntrinsicElements' exists.
vendor/pi-desktop/apps/desktop/src/components/NotificationCenter.tsx(306,15): error TS7026: JSX element implicitly has type 'any' because no interface 'JSX.IntrinsicElements' exists.
vendor/pi-desktop/apps/desktop/src/components/NotificationCenter.tsx(308,11): error TS7026: JSX element implicitly has type 'any' because no interface 'JSX.IntrinsicElements' exists.
vendor/pi-desktop/apps/desktop/src/components/NotificationCenter.tsx(311,13): error TS7026: JSX element implicitly has type 'any' because no interface 'JSX.IntrinsicElements' exists.
vendor/pi-desktop/apps/desktop/src/components/NotificationCenter.tsx(312,42): error TS7006: Parameter 'notification' implicitly has an 'any' type.
vendor/pi-desktop/apps/desktop/src/components/NotificationCenter.tsx(329,19): error TS7026: JSX element implicitly has type 'any' because no interface 'JSX.IntrinsicElements' exists.
vendor/pi-desktop/apps/desktop/src/components/NotificationCenter.tsx(330,21): error TS7026: JSX element implicitly has type 'any' because no interface 'JSX.IntrinsicElements' exists.
vendor/pi-desktop/apps/desktop/src/components/NotificationCenter.tsx(337,23): error TS7026: JSX element implicitly has type 'any' because no interface 'JSX.IntrinsicElements' exists.
vendor/pi-desktop/apps/desktop/src/components/NotificationCenter.tsx(346,23): error TS7026: JSX element implicitly has type 'any' because no interface 'JSX.IntrinsicElements' exists.
vendor/pi-desktop/apps/desktop/src/components/NotificationCenter.tsx(347,23): error TS7026: JSX element implicitly has type 'any' because no interface 'JSX.IntrinsicElements' exists.
vendor/pi-desktop/apps/desktop/src/components/NotificationCenter.tsx(348,25): error TS7026: JSX element implicitly has type 'any' because no interface 'JSX.IntrinsicElements' exists.
vendor/pi-desktop/apps/desktop/src/components/NotificationCenter.tsx(348,74): error TS7026: JSX element implicitly has type 'any' because no interface 'JSX.IntrinsicElements' exists.
vendor/pi-desktop/apps/desktop/src/components/NotificationCenter.tsx(349,25): error TS7026: JSX element implicitly has type 'any' because no interface 'JSX.IntrinsicElements' exists.
vendor/pi-desktop/apps/desktop/src/components/NotificationCenter.tsx(349,72): error TS7026: JSX element implicitly has type 'any' because no interface 'JSX.IntrinsicElements' exists.
vendor/pi-desktop/apps/desktop/src/components/NotificationCenter.tsx(350,23): error TS7026: JSX element implicitly has type 'any' because no interface 'JSX.IntrinsicElements' exists.
vendor/pi-desktop/apps/desktop/src/components/NotificationCenter.tsx(351,23): error TS7026: JSX element implicitly has type 'any' because no interface 'JSX.IntrinsicElements' exists.
vendor/pi-desktop/apps/desktop/src/components/NotificationCenter.tsx(360,23): error TS7026: JSX element implicitly has type 'any' because no interface 'JSX.IntrinsicElements' exists.
vendor/pi-desktop/apps/desktop/src/components/NotificationCenter.tsx(362,25): error TS7026: JSX element implicitly has type 'any' because no interface 'JSX.IntrinsicElements' exists.
vendor/pi-desktop/apps/desktop/src/components/NotificationCenter.tsx(364,21): error TS7026: JSX element implicitly has type 'any' because no interface 'JSX.IntrinsicElements' exists.
vendor/pi-desktop/apps/desktop/src/components/NotificationCenter.tsx(365,19): error TS7026: JSX element implicitly has type 'any' because no interface 'JSX.IntrinsicElements' exists.
vendor/pi-desktop/apps/desktop/src/components/NotificationCenter.tsx(368,13): error TS7026: JSX element implicitly has type 'any' because no interface 'JSX.IntrinsicElements' exists.
vendor/pi-desktop/apps/desktop/src/components/NotificationCenter.tsx(370,13): error TS7026: JSX element implicitly has type 'any' because no interface 'JSX.IntrinsicElements' exists.
vendor/pi-desktop/apps/desktop/src/components/NotificationCenter.tsx(372,15): error TS7026: JSX element implicitly has type 'any' because no interface 'JSX.IntrinsicElements' exists.
vendor/pi-desktop/apps/desktop/src/components/NotificationCenter.tsx(378,15): error TS7026: JSX element implicitly has type 'any' because no interface 'JSX.IntrinsicElements' exists.
vendor/pi-desktop/apps/desktop/src/components/NotificationCenter.tsx(379,15): error TS7026: JSX element implicitly has type 'any' because no interface 'JSX.IntrinsicElements' exists.
vendor/pi-desktop/apps/desktop/src/components/NotificationCenter.tsx(385,15): error TS7026: JSX element implicitly has type 'any' because no interface 'JSX.IntrinsicElements' exists.
vendor/pi-desktop/apps/desktop/src/components/NotificationCenter.tsx(386,13): error TS7026: JSX element implicitly has type 'any' because no interface 'JSX.IntrinsicElements' exists.
vendor/pi-desktop/apps/desktop/src/components/NotificationCenter.tsx(388,13): error TS7026: JSX element implicitly has type 'any' because no interface 'JSX.IntrinsicElements' exists.
vendor/pi-desktop/apps/desktop/src/components/NotificationCenter.tsx(392,5): error TS7026: JSX element implicitly has type 'any' because no interface 'JSX.IntrinsicElements' exists.
vendor/pi-desktop/apps/desktop/src/components/OnboardingChecklist.tsx(79,5): error TS7026: JSX element implicitly has type 'any' because no interface 'JSX.IntrinsicElements' exists.
vendor/pi-desktop/apps/desktop/src/components/OnboardingChecklist.tsx(79,5): error TS7016: Could not find a declaration file for module 'react/jsx-runtime'. 'C:/cm-plan-next-20260910/vendor/pi-desktop/node_modules/.pnpm/react@19.2.8/node_modules/react/jsx-runtime.js' implicitly has an 'any' type.
  Try `npm i --save-dev @types/react` if it exists or add a new declaration (.d.ts) file containing `declare module 'react/jsx-runtime';`
vendor/pi-desktop/apps/desktop/src/components/OnboardingChecklist.tsx(83,7): error TS7026: JSX element implicitly has type 'any' because no interface 'JSX.IntrinsicElements' exists.
vendor/pi-desktop/apps/desktop/src/components/OnboardingChecklist.tsx(84,9): error TS7026: JSX element implicitly has type 'any' because no interface 'JSX.IntrinsicElements' exists.
vendor/pi-desktop/apps/desktop/src/components/OnboardingChecklist.tsx(86,9): error TS7026: JSX element implicitly has type 'any' because no interface 'JSX.IntrinsicElements' exists.
vendor/pi-desktop/apps/desktop/src/components/OnboardingChecklist.tsx(87,9): error TS7026: JSX element implicitly has type 'any' because no interface 'JSX.IntrinsicElements' exists.
vendor/pi-desktop/apps/desktop/src/components/OnboardingChecklist.tsx(93,9): error TS7026: JSX element implicitly has type 'any' because no interface 'JSX.IntrinsicElements' exists.
vendor/pi-desktop/apps/desktop/src/components/OnboardingChecklist.tsx(94,7): error TS7026: JSX element implicitly has type 'any' because no interface 'JSX.IntrinsicElements' exists.
vendor/pi-desktop/apps/desktop/src/components/OnboardingChecklist.tsx(95,7): error TS7026: JSX element implicitly has type 'any' because no interface 'JSX.IntrinsicElements' exists.
vendor/pi-desktop/apps/desktop/src/components/OnboardingChecklist.tsx(97,11): error TS7026: JSX element implicitly has type 'any' because no interface 'JSX.IntrinsicElements' exists.
vendor/pi-desktop/apps/desktop/src/components/OnboardingChecklist.tsx(98,13): error TS7026: JSX element implicitly has type 'any' because no interface 'JSX.IntrinsicElements' exists.
vendor/pi-desktop/apps/desktop/src/components/OnboardingChecklist.tsx(108,15): error TS7026: JSX element implicitly has type 'any' because no interface 'JSX.IntrinsicElements' exists.
vendor/pi-desktop/apps/desktop/src/components/OnboardingChecklist.tsx(117,15): error TS7026: JSX element implicitly has type 'any' because no interface 'JSX.IntrinsicElements' exists.
vendor/pi-desktop/apps/desktop/src/components/OnboardingChecklist.tsx(119,13): error TS7026: JSX element implicitly has type 'any' because no interface 'JSX.IntrinsicElements' exists.
vendor/pi-desktop/apps/desktop/src/components/OnboardingChecklist.tsx(120,11): error TS7026: JSX element implicitly has type 'any' because no interface 'JSX.IntrinsicElements' exists.
vendor/pi-desktop/apps/desktop/src/components/OnboardingChecklist.tsx(122,7): error TS7026: JSX element implicitly has type 'any' because no interface 'JSX.IntrinsicElements' exists.
vendor/pi-desktop/apps/desktop/src/components/OnboardingChecklist.tsx(123,5): error TS7026: JSX element implicitly has type 'any' because no interface 'JSX.IntrinsicElements' exists.
vendor/pi-desktop/apps/desktop/src/components/PermissionCard.tsx(1,54): error TS7016: Could not find a declaration file for module 'react'. 'C:/cm-plan-next-20260910/vendor/pi-desktop/node_modules/.pnpm/react@19.2.8/node_modules/react/index.js' implicitly has an 'any' type.
  Try `npm i --save-dev @types/react` if it exists or add a new declaration (.d.ts) file containing `declare module 'react';`
vendor/pi-desktop/apps/desktop/src/components/PermissionCard.tsx(82,5): error TS7026: JSX element implicitly has type 'any' because no interface 'JSX.IntrinsicElements' exists.
vendor/pi-desktop/apps/desktop/src/components/PermissionCard.tsx(82,5): error TS7016: Could not find a declaration file for module 'react/jsx-runtime'. 'C:/cm-plan-next-20260910/vendor/pi-desktop/node_modules/.pnpm/react@19.2.8/node_modules/react/jsx-runtime.js' implicitly has an 'any' type.
  Try `npm i --save-dev @types/react` if it exists or add a new declaration (.d.ts) file containing `declare module 'react/jsx-runtime';`
vendor/pi-desktop/apps/desktop/src/components/PermissionCard.tsx(87,7): error TS7026: JSX element implicitly has type 'any' because no interface 'JSX.IntrinsicElements' exists.
vendor/pi-desktop/apps/desktop/src/components/PermissionCard.tsx(88,9): error TS7026: JSX element implicitly has type 'any' because no interface 'JSX.IntrinsicElements' exists.
vendor/pi-desktop/apps/desktop/src/components/PermissionCard.tsx(90,9): error TS7026: JSX element implicitly has type 'any' because no interface 'JSX.IntrinsicElements' exists.
vendor/pi-desktop/apps/desktop/src/components/PermissionCard.tsx(92,11): error TS7026: JSX element implicitly has type 'any' because no interface 'JSX.IntrinsicElements' exists.
vendor/pi-desktop/apps/desktop/src/components/PermissionCard.tsx(94,11): error TS7026: JSX element implicitly has type 'any' because no interface 'JSX.IntrinsicElements' exists.
vendor/pi-desktop/apps/desktop/src/components/PermissionCard.tsx(96,9): error TS7026: JSX element implicitly has type 'any' because no interface 'JSX.IntrinsicElements' exists.
vendor/pi-desktop/apps/desktop/src/components/PermissionCard.tsx(98,9): error TS7026: JSX element implicitly has type 'any' because no interface 'JSX.IntrinsicElements' exists.
vendor/pi-desktop/apps/desktop/src/components/PermissionCard.tsx(99,7): error TS7026: JSX element implicitly has type 'any' because no interface 'JSX.IntrinsicElements' exists.
vendor/pi-desktop/apps/desktop/src/components/PermissionCard.tsx(101,9): error TS7026: JSX element implicitly has type 'any' because no interface 'JSX.IntrinsicElements' exists.
vendor/pi-desktop/apps/desktop/src/components/PermissionCard.tsx(103,9): error TS7026: JSX element implicitly has type 'any' because no interface 'JSX.IntrinsicElements' exists.
vendor/pi-desktop/apps/desktop/src/components/PermissionCard.tsx(105,7): error TS7026: JSX element implicitly has type 'any' because no interface 'JSX.IntrinsicElements' exists.
vendor/pi-desktop/apps/desktop/src/components/PermissionCard.tsx(109,36): error TS7026: JSX element implicitly has type 'any' because no interface 'JSX.IntrinsicElements' exists.
vendor/pi-desktop/apps/desktop/src/components/PermissionCard.tsx(111,7): error TS7026: JSX element implicitly has type 'any' because no interface 'JSX.IntrinsicElements' exists.
vendor/pi-desktop/apps/desktop/src/components/PermissionCard.tsx(113,9): error TS7026: JSX element implicitly has type 'any' because no interface 'JSX.IntrinsicElements' exists.
vendor/pi-desktop/apps/desktop/src/components/PermissionCard.tsx(113,68): error TS7026: JSX element implicitly has type 'any' because no interface 'JSX.IntrinsicElements' exists.
vendor/pi-desktop/apps/desktop/src/components/PermissionCard.tsx(116,9): error TS7026: JSX element implicitly has type 'any' because no interface 'JSX.IntrinsicElements' exists.
vendor/pi-desktop/apps/desktop/src/components/PermissionCard.tsx(118,9): error TS7026: JSX element implicitly has type 'any' because no interface 'JSX.IntrinsicElements' exists.
vendor/pi-desktop/apps/desktop/src/components/PermissionCard.tsx(120,7): error TS7026: JSX element implicitly has type 'any' because no interface 'JSX.IntrinsicElements' exists.
vendor/pi-desktop/apps/desktop/src/components/PermissionCard.tsx(121,9): error TS7026: JSX element implicitly has type 'any' because no interface 'JSX.IntrinsicElements' exists.
vendor/pi-desktop/apps/desktop/src/components/PermissionCard.tsx(125,9): error TS7026: JSX element implicitly has type 'any' because no interface 'JSX.IntrinsicElements' exists.
vendor/pi-desktop/apps/desktop/src/components/PermissionCard.tsx(126,9): error TS7026: JSX element implicitly has type 'any' because no interface 'JSX.IntrinsicElements' exists.
vendor/pi-desktop/apps/desktop/src/components/PermissionCard.tsx(128,9): error TS7026: JSX element implicitly has type 'any' because no interface 'JSX.IntrinsicElements' exists.
vendor/pi-desktop/apps/desktop/src/components/PermissionCard.tsx(129,7): error TS7026: JSX element implicitly has type 'any' because no interface 'JSX.IntrinsicElements' exists.
vendor/pi-desktop/apps/desktop/src/components/PermissionCard.tsx(130,7): error TS7026: JSX element implicitly has type 'any' because no interface 'JSX.IntrinsicElements' exists.
vendor/pi-desktop/apps/desktop/src/components/PermissionCard.tsx(152,7): error TS7026: JSX element implicitly has type 'any' because no interface 'JSX.IntrinsicElements' exists.
vendor/pi-desktop/apps/desktop/src/components/PermissionCard.tsx(153,5): error TS7026: JSX element implicitly has type 'any' because no interface 'JSX.IntrinsicElements' exists.
vendor/pi-desktop/apps/desktop/src/components/PlanApprovalBar.tsx(1,45): error TS7016: Could not find a declaration file for module 'react'. 'C:/cm-plan-next-20260910/vendor/pi-desktop/node_modules/.pnpm/react@19.2.8/node_modules/react/index.js' implicitly has an 'any' type.
  Try `npm i --save-dev @types/react` if it exists or add a new declaration (.d.ts) file containing `declare module 'react';`
vendor/pi-desktop/apps/desktop/src/components/PlanApprovalBar.tsx(2,58): error TS7016: Could not find a declaration file for module 'react'. 'C:/cm-plan-next-20260910/vendor/pi-desktop/node_modules/.pnpm/react@19.2.8/node_modules/react/index.js' implicitly has an 'any' type.
  Try `npm i --save-dev @types/react` if it exists or add a new declaration (.d.ts) file containing `declare module 'react';`
vendor/pi-desktop/apps/desktop/src/components/PlanApprovalBar.tsx(203,18): error TS2339: Property 'focus' does not exist on type '{}'.
vendor/pi-desktop/apps/desktop/src/components/PlanApprovalBar.tsx(207,5): error TS7026: JSX element implicitly has type 'any' because no interface 'JSX.IntrinsicElements' exists.
vendor/pi-desktop/apps/desktop/src/components/PlanApprovalBar.tsx(207,5): error TS7016: Could not find a declaration file for module 'react/jsx-runtime'. 'C:/cm-plan-next-20260910/vendor/pi-desktop/node_modules/.pnpm/react@19.2.8/node_modules/react/jsx-runtime.js' implicitly has an 'any' type.
  Try `npm i --save-dev @types/react` if it exists or add a new declaration (.d.ts) file containing `declare module 'react/jsx-runtime';`
vendor/pi-desktop/apps/desktop/src/components/PlanApprovalBar.tsx(217,7): error TS7026: JSX element implicitly has type 'any' because no interface 'JSX.IntrinsicElements' exists.
vendor/pi-desktop/apps/desktop/src/components/PlanApprovalBar.tsx(219,7): error TS7026: JSX element implicitly has type 'any' because no interface 'JSX.IntrinsicElements' exists.
vendor/pi-desktop/apps/desktop/src/components/PlanApprovalBar.tsx(220,7): error TS7026: JSX element implicitly has type 'any' because no interface 'JSX.IntrinsicElements' exists.
vendor/pi-desktop/apps/desktop/src/components/PlanApprovalBar.tsx(221,9): error TS7026: JSX element implicitly has type 'any' because no interface 'JSX.IntrinsicElements' exists.
vendor/pi-desktop/apps/desktop/src/components/PlanApprovalBar.tsx(223,9): error TS7026: JSX element implicitly has type 'any' because no interface 'JSX.IntrinsicElements' exists.
vendor/pi-desktop/apps/desktop/src/components/PlanApprovalBar.tsx(224,9): error TS7026: JSX element implicitly has type 'any' because no interface 'JSX.IntrinsicElements' exists.
vendor/pi-desktop/apps/desktop/src/components/PlanApprovalBar.tsx(226,13): error TS7026: JSX element implicitly has type 'any' because no interface 'JSX.IntrinsicElements' exists.
vendor/pi-desktop/apps/desktop/src/components/PlanApprovalBar.tsx(237,15): error TS7026: JSX element implicitly has type 'any' because no interface 'JSX.IntrinsicElements' exists.
vendor/pi-desktop/apps/desktop/src/components/PlanApprovalBar.tsx(239,15): error TS7026: JSX element implicitly has type 'any' because no interface 'JSX.IntrinsicElements' exists.
vendor/pi-desktop/apps/desktop/src/components/PlanApprovalBar.tsx(240,15): error TS7026: JSX element implicitly has type 'any' because no interface 'JSX.IntrinsicElements' exists.
vendor/pi-desktop/apps/desktop/src/components/PlanApprovalBar.tsx(242,15): error TS7026: JSX element implicitly has type 'any' because no interface 'JSX.IntrinsicElements' exists.
vendor/pi-desktop/apps/desktop/src/components/PlanApprovalBar.tsx(243,13): error TS7026: JSX element implicitly has type 'any' because no interface 'JSX.IntrinsicElements' exists.
vendor/pi-desktop/apps/desktop/src/components/PlanApprovalBar.tsx(245,9): error TS7026: JSX element implicitly has type 'any' because no interface 'JSX.IntrinsicElements' exists.
vendor/pi-desktop/apps/desktop/src/components/PlanApprovalBar.tsx(246,7): error TS7026: JSX element implicitly has type 'any' because no interface 'JSX.IntrinsicElements' exists.
vendor/pi-desktop/apps/desktop/src/components/PlanApprovalBar.tsx(248,9): error TS7026: JSX element implicitly has type 'any' because no interface 'JSX.IntrinsicElements' exists.
vendor/pi-desktop/apps/desktop/src/components/PlanApprovalBar.tsx(249,11): error TS7026: JSX element implicitly has type 'any' because no interface 'JSX.IntrinsicElements' exists.
vendor/pi-desktop/apps/desktop/src/components/PlanApprovalBar.tsx(256,11): error TS7026: JSX element implicitly has type 'any' because no interface 'JSX.IntrinsicElements' exists.
vendor/pi-desktop/apps/desktop/src/components/PlanApprovalBar.tsx(257,11): error TS7026: JSX element implicitly has type 'any' because no interface 'JSX.IntrinsicElements' exists.
vendor/pi-desktop/apps/desktop/src/components/PlanApprovalBar.tsx(262,13): error TS7026: JSX element implicitly has type 'any' because no interface 'JSX.IntrinsicElements' exists.
vendor/pi-desktop/apps/desktop/src/components/PlanApprovalBar.tsx(266,32): error TS7053: Element implicitly has an 'any' type because expression of type 'any' can't be used to index type 'Record<GlobalPermissionMode, string>'.
vendor/pi-desktop/apps/desktop/src/components/PlanApprovalBar.tsx(271,24): error TS7053: Element implicitly has an 'any' type because expression of type 'any' can't be used to index type 'Record<GlobalPermissionMode, string>'.
vendor/pi-desktop/apps/desktop/src/components/PlanApprovalBar.tsx(272,13): error TS7026: JSX element implicitly has type 'any' because no interface 'JSX.IntrinsicElements' exists.
vendor/pi-desktop/apps/desktop/src/components/PlanApprovalBar.tsx(273,13): error TS7026: JSX element implicitly has type 'any' because no interface 'JSX.IntrinsicElements' exists.
vendor/pi-desktop/apps/desktop/src/components/PlanApprovalBar.tsx(282,43): error TS7006: Parameter 'open' implicitly has an 'any' type.
vendor/pi-desktop/apps/desktop/src/components/PlanApprovalBar.tsx(285,13): error TS7026: JSX element implicitly has type 'any' because no interface 'JSX.IntrinsicElements' exists.
vendor/pi-desktop/apps/desktop/src/components/PlanApprovalBar.tsx(287,15): error TS7026: JSX element implicitly has type 'any' because no interface 'JSX.IntrinsicElements' exists.
vendor/pi-desktop/apps/desktop/src/components/PlanApprovalBar.tsx(293,19): error TS7026: JSX element implicitly has type 'any' because no interface 'JSX.IntrinsicElements' exists.
vendor/pi-desktop/apps/desktop/src/components/PlanApprovalBar.tsx(306,21): error TS7026: JSX element implicitly has type 'any' because no interface 'JSX.IntrinsicElements' exists.
vendor/pi-desktop/apps/desktop/src/components/PlanApprovalBar.tsx(306,66): error TS7026: JSX element implicitly has type 'any' because no interface 'JSX.IntrinsicElements' exists.
vendor/pi-desktop/apps/desktop/src/components/PlanApprovalBar.tsx(310,19): error TS7026: JSX element implicitly has type 'any' because no interface 'JSX.IntrinsicElements' exists.
vendor/pi-desktop/apps/desktop/src/components/PlanApprovalBar.tsx(312,15): error TS7026: JSX element implicitly has type 'any' because no interface 'JSX.IntrinsicElements' exists.
vendor/pi-desktop/apps/desktop/src/components/PlanApprovalBar.tsx(314,11): error TS7026: JSX element implicitly has type 'any' because no interface 'JSX.IntrinsicElements' exists.
vendor/pi-desktop/apps/desktop/src/components/PlanApprovalBar.tsx(315,9): error TS7026: JSX element implicitly has type 'any' because no interface 'JSX.IntrinsicElements' exists.
vendor/pi-desktop/apps/desktop/src/components/PlanApprovalBar.tsx(317,5): error TS7026: JSX element implicitly has type 'any' because no interface 'JSX.IntrinsicElements' exists.
vendor/pi-desktop/apps/desktop/src/components/PluginLauncher.tsx(1,67): error TS7016: Could not find a declaration file for module 'react'. 'C:/cm-plan-next-20260910/vendor/pi-desktop/node_modules/.pnpm/react@19.2.8/node_modules/react/index.js' implicitly has an 'any' type.
  Try `npm i --save-dev @types/react` if it exists or add a new declaration (.d.ts) file containing `declare module 'react';`
vendor/pi-desktop/apps/desktop/src/components/PluginLauncher.tsx(151,5): error TS7026: JSX element implicitly has type 'any' because no interface 'JSX.IntrinsicElements' exists.
vendor/pi-desktop/apps/desktop/src/components/PluginLauncher.tsx(151,5): error TS7016: Could not find a declaration file for module 'react/jsx-runtime'. 'C:/cm-plan-next-20260910/vendor/pi-desktop/node_modules/.pnpm/react@19.2.8/node_modules/react/jsx-runtime.js' implicitly has an 'any' type.
  Try `npm i --save-dev @types/react` if it exists or add a new declaration (.d.ts) file containing `declare module 'react/jsx-runtime';`
vendor/pi-desktop/apps/desktop/src/components/PluginLauncher.tsx(152,7): error TS7026: JSX element implicitly has type 'any' because no interface 'JSX.IntrinsicElements' exists.
vendor/pi-desktop/apps/desktop/src/components/PluginLauncher.tsx(153,9): error TS7026: JSX element implicitly has type 'any' because no interface 'JSX.IntrinsicElements' exists.
vendor/pi-desktop/apps/desktop/src/components/PluginLauncher.tsx(155,11): error TS7026: JSX element implicitly has type 'any' because no interface 'JSX.IntrinsicElements' exists.
vendor/pi-desktop/apps/desktop/src/components/PluginLauncher.tsx(172,24): error TS7006: Parameter 'event' implicitly has an 'any' type.
vendor/pi-desktop/apps/desktop/src/components/PluginLauncher.tsx(173,25): error TS7006: Parameter 'event' implicitly has an 'any' type.
vendor/pi-desktop/apps/desktop/src/components/PluginLauncher.tsx(187,20): error TS7006: Parameter 'current' implicitly has an 'any' type.
vendor/pi-desktop/apps/desktop/src/components/PluginLauncher.tsx(197,11): error TS7026: JSX element implicitly has type 'any' because no interface 'JSX.IntrinsicElements' exists.
vendor/pi-desktop/apps/desktop/src/components/PluginLauncher.tsx(199,11): error TS7026: JSX element implicitly has type 'any' because no interface 'JSX.IntrinsicElements' exists.
vendor/pi-desktop/apps/desktop/src/components/PluginLauncher.tsx(200,9): error TS7026: JSX element implicitly has type 'any' because no interface 'JSX.IntrinsicElements' exists.
vendor/pi-desktop/apps/desktop/src/components/PluginLauncher.tsx(202,9): error TS7026: JSX element implicitly has type 'any' because no interface 'JSX.IntrinsicElements' exists.
vendor/pi-desktop/apps/desktop/src/components/PluginLauncher.tsx(208,26): error TS7006: Parameter 'plugin' implicitly has an 'any' type.
vendor/pi-desktop/apps/desktop/src/components/PluginLauncher.tsx(208,34): error TS7006: Parameter 'index' implicitly has an 'any' type.
vendor/pi-desktop/apps/desktop/src/components/PluginLauncher.tsx(209,15): error TS7026: JSX element implicitly has type 'any' because no interface 'JSX.IntrinsicElements' exists.
vendor/pi-desktop/apps/desktop/src/components/PluginLauncher.tsx(222,17): error TS7026: JSX element implicitly has type 'any' because no interface 'JSX.IntrinsicElements' exists.
vendor/pi-desktop/apps/desktop/src/components/PluginLauncher.tsx(224,17): error TS7026: JSX element implicitly has type 'any' because no interface 'JSX.IntrinsicElements' exists.
vendor/pi-desktop/apps/desktop/src/components/PluginLauncher.tsx(225,17): error TS7026: JSX element implicitly has type 'any' because no interface 'JSX.IntrinsicElements' exists.
vendor/pi-desktop/apps/desktop/src/components/PluginLauncher.tsx(226,19): error TS7026: JSX element implicitly has type 'any' because no interface 'JSX.IntrinsicElements' exists.
vendor/pi-desktop/apps/desktop/src/components/PluginLauncher.tsx(226,40): error TS7026: JSX element implicitly has type 'any' because no interface 'JSX.IntrinsicElements' exists.
vendor/pi-desktop/apps/desktop/src/components/PluginLauncher.tsx(227,19): error TS7026: JSX element implicitly has type 'any' because no interface 'JSX.IntrinsicElements' exists.
vendor/pi-desktop/apps/desktop/src/components/PluginLauncher.tsx(227,58): error TS7026: JSX element implicitly has type 'any' because no interface 'JSX.IntrinsicElements' exists.
vendor/pi-desktop/apps/desktop/src/components/PluginLauncher.tsx(228,17): error TS7026: JSX element implicitly has type 'any' because no interface 'JSX.IntrinsicElements' exists.
vendor/pi-desktop/apps/desktop/src/components/PluginLauncher.tsx(230,15): error TS7026: JSX element implicitly has type 'any' because no interface 'JSX.IntrinsicElements' exists.
vendor/pi-desktop/apps/desktop/src/components/PluginLauncher.tsx(233,13): error TS7026: JSX element implicitly has type 'any' because no interface 'JSX.IntrinsicElements' exists.
vendor/pi-desktop/apps/desktop/src/components/PluginLauncher.tsx(235,15): error TS7026: JSX element implicitly has type 'any' because no interface 'JSX.IntrinsicElements' exists.
vendor/pi-desktop/apps/desktop/src/components/PluginLauncher.tsx(235,32): error TS7026: JSX element implicitly has type 'any' because no interface 'JSX.IntrinsicElements' exists.
vendor/pi-desktop/apps/desktop/src/components/PluginLauncher.tsx(236,13): error TS7026: JSX element implicitly has type 'any' because no interface 'JSX.IntrinsicElements' exists.
vendor/pi-desktop/apps/desktop/src/components/PluginLauncher.tsx(238,9): error TS7026: JSX element implicitly has type 'any' because no interface 'JSX.IntrinsicElements' exists.
vendor/pi-desktop/apps/desktop/src/components/PluginLauncher.tsx(240,9): error TS7026: JSX element implicitly has type 'any' because no interface 'JSX.IntrinsicElements' exists.
vendor/pi-desktop/apps/desktop/src/components/PluginLauncher.tsx(241,11): error TS7026: JSX element implicitly has type 'any' because no interface 'JSX.IntrinsicElements' exists.
vendor/pi-desktop/apps/desktop/src/components/PluginLauncher.tsx(241,51): error TS7026: JSX element implicitly has type 'any' because no interface 'JSX.IntrinsicElements' exists.
vendor/pi-desktop/apps/desktop/src/components/PluginLauncher.tsx(242,11): error TS7026: JSX element implicitly has type 'any' because no interface 'JSX.IntrinsicElements' exists.
vendor/pi-desktop/apps/desktop/src/components/PluginLauncher.tsx(242,47): error TS7026: JSX element implicitly has type 'any' because no interface 'JSX.IntrinsicElements' exists.
vendor/pi-desktop/apps/desktop/src/components/PluginLauncher.tsx(243,11): error TS7026: JSX element implicitly has type 'any' because no interface 'JSX.IntrinsicElements' exists.
vendor/pi-desktop/apps/desktop/src/components/PluginLauncher.tsx(243,50): error TS7026: JSX element implicitly has type 'any' because no interface 'JSX.IntrinsicElements' exists.
vendor/pi-desktop/apps/desktop/src/components/PluginLauncher.tsx(244,20): error TS7026: JSX element implicitly has type 'any' because no interface 'JSX.IntrinsicElements' exists.
vendor/pi-desktop/apps/desktop/src/components/PluginLauncher.tsx(244,48): error TS7026: JSX element implicitly has type 'any' because no interface 'JSX.IntrinsicElements' exists.
vendor/pi-desktop/apps/desktop/src/components/PluginLauncher.tsx(245,9): error TS7026: JSX element implicitly has type 'any' because no interface 'JSX.IntrinsicElements' exists.
vendor/pi-desktop/apps/desktop/src/components/PluginLauncher.tsx(246,7): error TS7026: JSX element implicitly has type 'any' because no interface 'JSX.IntrinsicElements' exists.
vendor/pi-desktop/apps/desktop/src/components/PluginLauncher.tsx(247,5): error TS7026: JSX element implicitly has type 'any' because no interface 'JSX.IntrinsicElements' exists.
vendor/pi-desktop/apps/desktop/src/components/plugins/MarketplaceSourceSettings.tsx(1,37): error TS7016: Could not find a declaration file for module 'react'. 'C:/cm-plan-next-20260910/vendor/pi-desktop/node_modules/.pnpm/react@19.2.8/node_modules/react/index.js' implicitly has an 'any' type.
  Try `npm i --save-dev @types/react` if it exists or add a new declaration (.d.ts) file containing `declare module 'react';`
vendor/pi-desktop/apps/desktop/src/components/plugins/MarketplaceSourceSettings.tsx(57,5): error TS7026: JSX element implicitly has type 'any' because no interface 'JSX.IntrinsicElements' exists.
vendor/pi-desktop/apps/desktop/src/components/plugins/MarketplaceSourceSettings.tsx(57,5): error TS7016: Could not find a declaration file for module 'react/jsx-runtime'. 'C:/cm-plan-next-20260910/vendor/pi-desktop/node_modules/.pnpm/react@19.2.8/node_modules/react/jsx-runtime.js' implicitly has an 'any' type.
  Try `npm i --save-dev @types/react` if it exists or add a new declaration (.d.ts) file containing `declare module 'react/jsx-runtime';`
vendor/pi-desktop/apps/desktop/src/components/plugins/MarketplaceSourceSettings.tsx(61,7): error TS7026: JSX element implicitly has type 'any' because no interface 'JSX.IntrinsicElements' exists.
vendor/pi-desktop/apps/desktop/src/components/plugins/MarketplaceSourceSettings.tsx(62,9): error TS7026: JSX element implicitly has type 'any' because no interface 'JSX.IntrinsicElements' exists.
vendor/pi-desktop/apps/desktop/src/components/plugins/MarketplaceSourceSettings.tsx(63,11): error TS7026: JSX element implicitly has type 'any' because no interface 'JSX.IntrinsicElements' exists.
vendor/pi-desktop/apps/desktop/src/components/plugins/MarketplaceSourceSettings.tsx(65,11): error TS7026: JSX element implicitly has type 'any' because no interface 'JSX.IntrinsicElements' exists.
vendor/pi-desktop/apps/desktop/src/components/plugins/MarketplaceSourceSettings.tsx(66,9): error TS7026: JSX element implicitly has type 'any' because no interface 'JSX.IntrinsicElements' exists.
vendor/pi-desktop/apps/desktop/src/components/plugins/MarketplaceSourceSettings.tsx(67,9): error TS7026: JSX element implicitly has type 'any' because no interface 'JSX.IntrinsicElements' exists.
vendor/pi-desktop/apps/desktop/src/components/plugins/MarketplaceSourceSettings.tsx(71,24): error TS7006: Parameter 'event' implicitly has an 'any' type.
vendor/pi-desktop/apps/desktop/src/components/plugins/MarketplaceSourceSettings.tsx(77,13): error TS7026: JSX element implicitly has type 'any' because no interface 'JSX.IntrinsicElements' exists.
vendor/pi-desktop/apps/desktop/src/components/plugins/MarketplaceSourceSettings.tsx(77,76): error TS7026: JSX element implicitly has type 'any' because no interface 'JSX.IntrinsicElements' exists.
vendor/pi-desktop/apps/desktop/src/components/plugins/MarketplaceSourceSettings.tsx(78,13): error TS7026: JSX element implicitly has type 'any' because no interface 'JSX.IntrinsicElements' exists.
vendor/pi-desktop/apps/desktop/src/components/plugins/MarketplaceSourceSettings.tsx(78,72): error TS7026: JSX element implicitly has type 'any' because no interface 'JSX.IntrinsicElements' exists.
vendor/pi-desktop/apps/desktop/src/components/plugins/MarketplaceSourceSettings.tsx(79,13): error TS7026: JSX element implicitly has type 'any' because no interface 'JSX.IntrinsicElements' exists.
vendor/pi-desktop/apps/desktop/src/components/plugins/MarketplaceSourceSettings.tsx(79,72): error TS7026: JSX element implicitly has type 'any' because no interface 'JSX.IntrinsicElements' exists.
vendor/pi-desktop/apps/desktop/src/components/plugins/MarketplaceSourceSettings.tsx(81,9): error TS7026: JSX element implicitly has type 'any' because no interface 'JSX.IntrinsicElements' exists.
vendor/pi-desktop/apps/desktop/src/components/plugins/MarketplaceSourceSettings.tsx(82,7): error TS7026: JSX element implicitly has type 'any' because no interface 'JSX.IntrinsicElements' exists.
vendor/pi-desktop/apps/desktop/src/components/plugins/MarketplaceSourceSettings.tsx(85,9): error TS7026: JSX element implicitly has type 'any' because no interface 'JSX.IntrinsicElements' exists.
vendor/pi-desktop/apps/desktop/src/components/plugins/MarketplaceSourceSettings.tsx(86,11): error TS7026: JSX element implicitly has type 'any' because no interface 'JSX.IntrinsicElements' exists.
vendor/pi-desktop/apps/desktop/src/components/plugins/MarketplaceSourceSettings.tsx(87,13): error TS7026: JSX element implicitly has type 'any' because no interface 'JSX.IntrinsicElements' exists.
vendor/pi-desktop/apps/desktop/src/components/plugins/MarketplaceSourceSettings.tsx(87,80): error TS7026: JSX element implicitly has type 'any' because no interface 'JSX.IntrinsicElements' exists.
vendor/pi-desktop/apps/desktop/src/components/plugins/MarketplaceSourceSettings.tsx(88,13): error TS7026: JSX element implicitly has type 'any' because no interface 'JSX.IntrinsicElements' exists.
vendor/pi-desktop/apps/desktop/src/components/plugins/MarketplaceSourceSettings.tsx(90,13): error TS7026: JSX element implicitly has type 'any' because no interface 'JSX.IntrinsicElements' exists.
vendor/pi-desktop/apps/desktop/src/components/plugins/MarketplaceSourceSettings.tsx(91,11): error TS7026: JSX element implicitly has type 'any' because no interface 'JSX.IntrinsicElements' exists.
vendor/pi-desktop/apps/desktop/src/components/plugins/MarketplaceSourceSettings.tsx(92,11): error TS7026: JSX element implicitly has type 'any' because no interface 'JSX.IntrinsicElements' exists.
vendor/pi-desktop/apps/desktop/src/components/plugins/MarketplaceSourceSettings.tsx(98,26): error TS7006: Parameter 'event' implicitly has an 'any' type.
vendor/pi-desktop/apps/desktop/src/components/plugins/MarketplaceSourceSettings.tsx(100,27): error TS7006: Parameter 'event' implicitly has an 'any' type.
vendor/pi-desktop/apps/desktop/src/components/plugins/MarketplaceSourceSettings.tsx(104,11): error TS7026: JSX element implicitly has type 'any' because no interface 'JSX.IntrinsicElements' exists.
vendor/pi-desktop/apps/desktop/src/components/plugins/MarketplaceSourceSettings.tsx(105,9): error TS7026: JSX element implicitly has type 'any' because no interface 'JSX.IntrinsicElements' exists.
vendor/pi-desktop/apps/desktop/src/components/plugins/MarketplaceSourceSettings.tsx(107,5): error TS7026: JSX element implicitly has type 'any' because no interface 'JSX.IntrinsicElements' exists.
vendor/pi-desktop/apps/desktop/src/components/plugins/PluginSettingsSheet.tsx(1,88): error TS7016: Could not find a declaration file for module 'react'. 'C:/cm-plan-next-20260910/vendor/pi-desktop/node_modules/.pnpm/react@19.2.8/node_modules/react/index.js' implicitly has an 'any' type.
  Try `npm i --save-dev @types/react` if it exists or add a new declaration (.d.ts) file containing `declare module 'react';`
vendor/pi-desktop/apps/desktop/src/components/plugins/PluginSettingsSheet.tsx(95,15): error TS7006: Parameter 'current' implicitly has an 'any' type.
vendor/pi-desktop/apps/desktop/src/components/plugins/PluginSettingsSheet.tsx(148,5): error TS7026: JSX element implicitly has type 'any' because no interface 'JSX.IntrinsicElements' exists.
vendor/pi-desktop/apps/desktop/src/components/plugins/PluginSettingsSheet.tsx(148,5): error TS7016: Could not find a declaration file for module 'react/jsx-runtime'. 'C:/cm-plan-next-20260910/vendor/pi-desktop/node_modules/.pnpm/react@19.2.8/node_modules/react/jsx-runtime.js' implicitly has an 'any' type.
  Try `npm i --save-dev @types/react` if it exists or add a new declaration (.d.ts) file containing `declare module 'react/jsx-runtime';`
vendor/pi-desktop/apps/desktop/src/components/plugins/PluginSettingsSheet.tsx(149,7): error TS7026: JSX element implicitly has type 'any' because no interface 'JSX.IntrinsicElements' exists.
vendor/pi-desktop/apps/desktop/src/components/plugins/PluginSettingsSheet.tsx(155,9): error TS7026: JSX element implicitly has type 'any' because no interface 'JSX.IntrinsicElements' exists.
vendor/pi-desktop/apps/desktop/src/components/plugins/PluginSettingsSheet.tsx(156,11): error TS7026: JSX element implicitly has type 'any' because no interface 'JSX.IntrinsicElements' exists.
vendor/pi-desktop/apps/desktop/src/components/plugins/PluginSettingsSheet.tsx(158,11): error TS7026: JSX element implicitly has type 'any' because no interface 'JSX.IntrinsicElements' exists.
vendor/pi-desktop/apps/desktop/src/components/plugins/PluginSettingsSheet.tsx(159,11): error TS7026: JSX element implicitly has type 'any' because no interface 'JSX.IntrinsicElements' exists.
vendor/pi-desktop/apps/desktop/src/components/plugins/PluginSettingsSheet.tsx(160,13): error TS7026: JSX element implicitly has type 'any' because no interface 'JSX.IntrinsicElements' exists.
vendor/pi-desktop/apps/desktop/src/components/plugins/PluginSettingsSheet.tsx(160,100): error TS7026: JSX element implicitly has type 'any' because no interface 'JSX.IntrinsicElements' exists.
vendor/pi-desktop/apps/desktop/src/components/plugins/PluginSettingsSheet.tsx(161,13): error TS7026: JSX element implicitly has type 'any' because no interface 'JSX.IntrinsicElements' exists.
vendor/pi-desktop/apps/desktop/src/components/plugins/PluginSettingsSheet.tsx(161,78): error TS7026: JSX element implicitly has type 'any' because no interface 'JSX.IntrinsicElements' exists.
vendor/pi-desktop/apps/desktop/src/components/plugins/PluginSettingsSheet.tsx(162,11): error TS7026: JSX element implicitly has type 'any' because no interface 'JSX.IntrinsicElements' exists.
vendor/pi-desktop/apps/desktop/src/components/plugins/PluginSettingsSheet.tsx(163,11): error TS7026: JSX element implicitly has type 'any' because no interface 'JSX.IntrinsicElements' exists.
vendor/pi-desktop/apps/desktop/src/components/plugins/PluginSettingsSheet.tsx(171,11): error TS7026: JSX element implicitly has type 'any' because no interface 'JSX.IntrinsicElements' exists.
vendor/pi-desktop/apps/desktop/src/components/plugins/PluginSettingsSheet.tsx(172,9): error TS7026: JSX element implicitly has type 'any' because no interface 'JSX.IntrinsicElements' exists.
vendor/pi-desktop/apps/desktop/src/components/plugins/PluginSettingsSheet.tsx(174,9): error TS7026: JSX element implicitly has type 'any' because no interface 'JSX.IntrinsicElements' exists.
vendor/pi-desktop/apps/desktop/src/components/plugins/PluginSettingsSheet.tsx(180,15): error TS7026: JSX element implicitly has type 'any' because no interface 'JSX.IntrinsicElements' exists.
vendor/pi-desktop/apps/desktop/src/components/plugins/PluginSettingsSheet.tsx(181,17): error TS7026: JSX element implicitly has type 'any' because no interface 'JSX.IntrinsicElements' exists.
vendor/pi-desktop/apps/desktop/src/components/plugins/PluginSettingsSheet.tsx(182,19): error TS7026: JSX element implicitly has type 'any' because no interface 'JSX.IntrinsicElements' exists.
vendor/pi-desktop/apps/desktop/src/components/plugins/PluginSettingsSheet.tsx(184,21): error TS7026: JSX element implicitly has type 'any' because no interface 'JSX.IntrinsicElements' exists.
vendor/pi-desktop/apps/desktop/src/components/plugins/PluginSettingsSheet.tsx(184,42): error TS7026: JSX element implicitly has type 'any' because no interface 'JSX.IntrinsicElements' exists.
vendor/pi-desktop/apps/desktop/src/components/plugins/PluginSettingsSheet.tsx(185,19): error TS7026: JSX element implicitly has type 'any' because no interface 'JSX.IntrinsicElements' exists.
vendor/pi-desktop/apps/desktop/src/components/plugins/PluginSettingsSheet.tsx(187,21): error TS7026: JSX element implicitly has type 'any' because no interface 'JSX.IntrinsicElements' exists.
vendor/pi-desktop/apps/desktop/src/components/plugins/PluginSettingsSheet.tsx(187,85): error TS7026: JSX element implicitly has type 'any' because no interface 'JSX.IntrinsicElements' exists.
vendor/pi-desktop/apps/desktop/src/components/plugins/PluginSettingsSheet.tsx(190,21): error TS7026: JSX element implicitly has type 'any' because no interface 'JSX.IntrinsicElements' exists.
vendor/pi-desktop/apps/desktop/src/components/plugins/PluginSettingsSheet.tsx(190,95): error TS7026: JSX element implicitly has type 'any' because no interface 'JSX.IntrinsicElements' exists.
vendor/pi-desktop/apps/desktop/src/components/plugins/PluginSettingsSheet.tsx(192,17): error TS7026: JSX element implicitly has type 'any' because no interface 'JSX.IntrinsicElements' exists.
vendor/pi-desktop/apps/desktop/src/components/plugins/PluginSettingsSheet.tsx(193,17): error TS7026: JSX element implicitly has type 'any' because no interface 'JSX.IntrinsicElements' exists.
vendor/pi-desktop/apps/desktop/src/components/plugins/PluginSettingsSheet.tsx(195,67): error TS7006: Parameter 'event' implicitly has an 'any' type.
vendor/pi-desktop/apps/desktop/src/components/plugins/PluginSettingsSheet.tsx(200,34): error TS7006: Parameter 'event' implicitly has an 'any' type.
vendor/pi-desktop/apps/desktop/src/components/plugins/PluginSettingsSheet.tsx(203,21): error TS7026: JSX element implicitly has type 'any' because no interface 'JSX.IntrinsicElements' exists.
vendor/pi-desktop/apps/desktop/src/components/plugins/PluginSettingsSheet.tsx(211,23): error TS7026: JSX element implicitly has type 'any' because no interface 'JSX.IntrinsicElements' exists.
vendor/pi-desktop/apps/desktop/src/components/plugins/PluginSettingsSheet.tsx(212,21): error TS7026: JSX element implicitly has type 'any' because no interface 'JSX.IntrinsicElements' exists.
vendor/pi-desktop/apps/desktop/src/components/plugins/PluginSettingsSheet.tsx(216,34): error TS7006: Parameter 'event' implicitly has an 'any' type.
vendor/pi-desktop/apps/desktop/src/components/plugins/PluginSettingsSheet.tsx(222,25): error TS7026: JSX element implicitly has type 'any' because no interface 'JSX.IntrinsicElements' exists.
vendor/pi-desktop/apps/desktop/src/components/plugins/PluginSettingsSheet.tsx(222,93): error TS7026: JSX element implicitly has type 'any' because no interface 'JSX.IntrinsicElements' exists.
vendor/pi-desktop/apps/desktop/src/components/plugins/PluginSettingsSheet.tsx(229,34): error TS7006: Parameter 'event' implicitly has an 'any' type.
vendor/pi-desktop/apps/desktop/src/components/plugins/PluginSettingsSheet.tsx(232,21): error TS7026: JSX element implicitly has type 'any' because no interface 'JSX.IntrinsicElements' exists.
vendor/pi-desktop/apps/desktop/src/components/plugins/PluginSettingsSheet.tsx(236,35): error TS7006: Parameter 'event' implicitly has an 'any' type.
vendor/pi-desktop/apps/desktop/src/components/plugins/PluginSettingsSheet.tsx(240,21): error TS7026: JSX element implicitly has type 'any' because no interface 'JSX.IntrinsicElements' exists.
vendor/pi-desktop/apps/desktop/src/components/plugins/PluginSettingsSheet.tsx(242,19): error TS7026: JSX element implicitly has type 'any' because no interface 'JSX.IntrinsicElements' exists.
vendor/pi-desktop/apps/desktop/src/components/plugins/PluginSettingsSheet.tsx(244,19): error TS7026: JSX element implicitly has type 'any' because no interface 'JSX.IntrinsicElements' exists.
vendor/pi-desktop/apps/desktop/src/components/plugins/PluginSettingsSheet.tsx(245,17): error TS7026: JSX element implicitly has type 'any' because no interface 'JSX.IntrinsicElements' exists.
vendor/pi-desktop/apps/desktop/src/components/plugins/PluginSettingsSheet.tsx(246,15): error TS7026: JSX element implicitly has type 'any' because no interface 'JSX.IntrinsicElements' exists.
vendor/pi-desktop/apps/desktop/src/components/plugins/PluginSettingsSheet.tsx(249,9): error TS7026: JSX element implicitly has type 'any' because no interface 'JSX.IntrinsicElements' exists.
vendor/pi-desktop/apps/desktop/src/components/plugins/PluginSettingsSheet.tsx(251,18): error TS7026: JSX element implicitly has type 'any' because no interface 'JSX.IntrinsicElements' exists.
vendor/pi-desktop/apps/desktop/src/components/plugins/PluginSettingsSheet.tsx(251,76): error TS7026: JSX element implicitly has type 'any' because no interface 'JSX.IntrinsicElements' exists.
vendor/pi-desktop/apps/desktop/src/components/plugins/PluginSettingsSheet.tsx(252,9): error TS7026: JSX element implicitly has type 'any' because no interface 'JSX.IntrinsicElements' exists.
vendor/pi-desktop/apps/desktop/src/components/plugins/PluginSettingsSheet.tsx(257,9): error TS7026: JSX element implicitly has type 'any' because no interface 'JSX.IntrinsicElements' exists.
vendor/pi-desktop/apps/desktop/src/components/plugins/PluginSettingsSheet.tsx(258,7): error TS7026: JSX element implicitly has type 'any' because no interface 'JSX.IntrinsicElements' exists.
vendor/pi-desktop/apps/desktop/src/components/plugins/PluginSettingsSheet.tsx(259,5): error TS7026: JSX element implicitly has type 'any' because no interface 'JSX.IntrinsicElements' exists.
vendor/pi-desktop/apps/desktop/src/components/ProjectInstructionsDialog.tsx(1,37): error TS7016: Could not find a declaration file for module 'react'. 'C:/cm-plan-next-20260910/vendor/pi-desktop/node_modules/.pnpm/react@19.2.8/node_modules/react/index.js' implicitly has an 'any' type.
  Try `npm i --save-dev @types/react` if it exists or add a new declaration (.d.ts) file containing `declare module 'react';`
vendor/pi-desktop/apps/desktop/src/components/ProjectInstructionsDialog.tsx(2,30): error TS7016: Could not find a declaration file for module 'react-dom'. 'C:/cm-plan-next-20260910/vendor/pi-desktop/node_modules/.pnpm/react-dom@19.2.8_react@19.2.8/node_modules/react-dom/index.js' implicitly has an 'any' type.
  Try `npm i --save-dev @types/react-dom` if it exists or add a new declaration (.d.ts) file containing `declare module 'react-dom';`
vendor/pi-desktop/apps/desktop/src/components/ProjectInstructionsDialog.tsx(62,5): error TS7026: JSX element implicitly has type 'any' because no interface 'JSX.IntrinsicElements' exists.
vendor/pi-desktop/apps/desktop/src/components/ProjectInstructionsDialog.tsx(62,5): error TS7016: Could not find a declaration file for module 'react/jsx-runtime'. 'C:/cm-plan-next-20260910/vendor/pi-desktop/node_modules/.pnpm/react@19.2.8/node_modules/react/jsx-runtime.js' implicitly has an 'any' type.
  Try `npm i --save-dev @types/react` if it exists or add a new declaration (.d.ts) file containing `declare module 'react/jsx-runtime';`
vendor/pi-desktop/apps/desktop/src/components/ProjectInstructionsDialog.tsx(69,7): error TS7026: JSX element implicitly has type 'any' because no interface 'JSX.IntrinsicElements' exists.
vendor/pi-desktop/apps/desktop/src/components/ProjectInstructionsDialog.tsx(74,19): error TS7006: Parameter 'event' implicitly has an 'any' type.
vendor/pi-desktop/apps/desktop/src/components/ProjectInstructionsDialog.tsx(76,9): error TS7026: JSX element implicitly has type 'any' because no interface 'JSX.IntrinsicElements' exists.
vendor/pi-desktop/apps/desktop/src/components/ProjectInstructionsDialog.tsx(77,11): error TS7026: JSX element implicitly has type 'any' because no interface 'JSX.IntrinsicElements' exists.
vendor/pi-desktop/apps/desktop/src/components/ProjectInstructionsDialog.tsx(78,13): error TS7026: JSX element implicitly has type 'any' because no interface 'JSX.IntrinsicElements' exists.
vendor/pi-desktop/apps/desktop/src/components/ProjectInstructionsDialog.tsx(80,13): error TS7026: JSX element implicitly has type 'any' because no interface 'JSX.IntrinsicElements' exists.
vendor/pi-desktop/apps/desktop/src/components/ProjectInstructionsDialog.tsx(81,13): error TS7026: JSX element implicitly has type 'any' because no interface 'JSX.IntrinsicElements' exists.
vendor/pi-desktop/apps/desktop/src/components/ProjectInstructionsDialog.tsx(81,80): error TS7026: JSX element implicitly has type 'any' because no interface 'JSX.IntrinsicElements' exists.
vendor/pi-desktop/apps/desktop/src/components/ProjectInstructionsDialog.tsx(82,11): error TS7026: JSX element implicitly has type 'any' because no interface 'JSX.IntrinsicElements' exists.
vendor/pi-desktop/apps/desktop/src/components/ProjectInstructionsDialog.tsx(83,11): error TS7026: JSX element implicitly has type 'any' because no interface 'JSX.IntrinsicElements' exists.
vendor/pi-desktop/apps/desktop/src/components/ProjectInstructionsDialog.tsx(91,11): error TS7026: JSX element implicitly has type 'any' because no interface 'JSX.IntrinsicElements' exists.
vendor/pi-desktop/apps/desktop/src/components/ProjectInstructionsDialog.tsx(92,9): error TS7026: JSX element implicitly has type 'any' because no interface 'JSX.IntrinsicElements' exists.
vendor/pi-desktop/apps/desktop/src/components/ProjectInstructionsDialog.tsx(93,9): error TS7026: JSX element implicitly has type 'any' because no interface 'JSX.IntrinsicElements' exists.
vendor/pi-desktop/apps/desktop/src/components/ProjectInstructionsDialog.tsx(93,77): error TS7026: JSX element implicitly has type 'any' because no interface 'JSX.IntrinsicElements' exists.
vendor/pi-desktop/apps/desktop/src/components/ProjectInstructionsDialog.tsx(97,22): error TS7006: Parameter 'event' implicitly has an 'any' type.
vendor/pi-desktop/apps/desktop/src/components/ProjectInstructionsDialog.tsx(101,9): error TS7026: JSX element implicitly has type 'any' because no interface 'JSX.IntrinsicElements' exists.
vendor/pi-desktop/apps/desktop/src/components/ProjectInstructionsDialog.tsx(108,9): error TS7026: JSX element implicitly has type 'any' because no interface 'JSX.IntrinsicElements' exists.
vendor/pi-desktop/apps/desktop/src/components/ProjectInstructionsDialog.tsx(109,7): error TS7026: JSX element implicitly has type 'any' because no interface 'JSX.IntrinsicElements' exists.
vendor/pi-desktop/apps/desktop/src/components/ProjectInstructionsDialog.tsx(110,5): error TS7026: JSX element implicitly has type 'any' because no interface 'JSX.IntrinsicElements' exists.
vendor/pi-desktop/apps/desktop/src/components/ReleaseNotesDialog.tsx(1,44): error TS7016: Could not find a declaration file for module 'react'. 'C:/cm-plan-next-20260910/vendor/pi-desktop/node_modules/.pnpm/react@19.2.8/node_modules/react/index.js' implicitly has an 'any' type.
  Try `npm i --save-dev @types/react` if it exists or add a new declaration (.d.ts) file containing `declare module 'react';`
vendor/pi-desktop/apps/desktop/src/components/ReleaseNotesDialog.tsx(79,5): error TS7026: JSX element implicitly has type 'any' because no interface 'JSX.IntrinsicElements' exists.
vendor/pi-desktop/apps/desktop/src/components/ReleaseNotesDialog.tsx(79,5): error TS7016: Could not find a declaration file for module 'react/jsx-runtime'. 'C:/cm-plan-next-20260910/vendor/pi-desktop/node_modules/.pnpm/react@19.2.8/node_modules/react/jsx-runtime.js' implicitly has an 'any' type.
  Try `npm i --save-dev @types/react` if it exists or add a new declaration (.d.ts) file containing `declare module 'react/jsx-runtime';`
vendor/pi-desktop/apps/desktop/src/components/ReleaseNotesDialog.tsx(82,17): error TS7006: Parameter 'event' implicitly has an 'any' type.
vendor/pi-desktop/apps/desktop/src/components/ReleaseNotesDialog.tsx(86,7): error TS7026: JSX element implicitly has type 'any' because no interface 'JSX.IntrinsicElements' exists.
vendor/pi-desktop/apps/desktop/src/components/ReleaseNotesDialog.tsx(94,9): error TS7026: JSX element implicitly has type 'any' because no interface 'JSX.IntrinsicElements' exists.
vendor/pi-desktop/apps/desktop/src/components/ReleaseNotesDialog.tsx(95,11): error TS7026: JSX element implicitly has type 'any' because no interface 'JSX.IntrinsicElements' exists.
vendor/pi-desktop/apps/desktop/src/components/ReleaseNotesDialog.tsx(96,13): error TS7026: JSX element implicitly has type 'any' because no interface 'JSX.IntrinsicElements' exists.
vendor/pi-desktop/apps/desktop/src/components/ReleaseNotesDialog.tsx(96,69): error TS7026: JSX element implicitly has type 'any' because no interface 'JSX.IntrinsicElements' exists.
vendor/pi-desktop/apps/desktop/src/components/ReleaseNotesDialog.tsx(97,13): error TS7026: JSX element implicitly has type 'any' because no interface 'JSX.IntrinsicElements' exists.
vendor/pi-desktop/apps/desktop/src/components/ReleaseNotesDialog.tsx(99,13): error TS7026: JSX element implicitly has type 'any' because no interface 'JSX.IntrinsicElements' exists.
vendor/pi-desktop/apps/desktop/src/components/ReleaseNotesDialog.tsx(100,11): error TS7026: JSX element implicitly has type 'any' because no interface 'JSX.IntrinsicElements' exists.
vendor/pi-desktop/apps/desktop/src/components/ReleaseNotesDialog.tsx(101,11): error TS7026: JSX element implicitly has type 'any' because no interface 'JSX.IntrinsicElements' exists.
vendor/pi-desktop/apps/desktop/src/components/ReleaseNotesDialog.tsx(110,11): error TS7026: JSX element implicitly has type 'any' because no interface 'JSX.IntrinsicElements' exists.
vendor/pi-desktop/apps/desktop/src/components/ReleaseNotesDialog.tsx(111,9): error TS7026: JSX element implicitly has type 'any' because no interface 'JSX.IntrinsicElements' exists.
vendor/pi-desktop/apps/desktop/src/components/ReleaseNotesDialog.tsx(113,9): error TS7026: JSX element implicitly has type 'any' because no interface 'JSX.IntrinsicElements' exists.
vendor/pi-desktop/apps/desktop/src/components/ReleaseNotesDialog.tsx(118,15): error TS7026: JSX element implicitly has type 'any' because no interface 'JSX.IntrinsicElements' exists.
vendor/pi-desktop/apps/desktop/src/components/ReleaseNotesDialog.tsx(126,17): error TS7026: JSX element implicitly has type 'any' because no interface 'JSX.IntrinsicElements' exists.
vendor/pi-desktop/apps/desktop/src/components/ReleaseNotesDialog.tsx(127,19): error TS7026: JSX element implicitly has type 'any' because no interface 'JSX.IntrinsicElements' exists.
vendor/pi-desktop/apps/desktop/src/components/ReleaseNotesDialog.tsx(128,21): error TS7026: JSX element implicitly has type 'any' because no interface 'JSX.IntrinsicElements' exists.
vendor/pi-desktop/apps/desktop/src/components/ReleaseNotesDialog.tsx(130,21): error TS7026: JSX element implicitly has type 'any' because no interface 'JSX.IntrinsicElements' exists.
vendor/pi-desktop/apps/desktop/src/components/ReleaseNotesDialog.tsx(132,23): error TS7026: JSX element implicitly has type 'any' because no interface 'JSX.IntrinsicElements' exists.
vendor/pi-desktop/apps/desktop/src/components/ReleaseNotesDialog.tsx(136,23): error TS7026: JSX element implicitly has type 'any' because no interface 'JSX.IntrinsicElements' exists.
vendor/pi-desktop/apps/desktop/src/components/ReleaseNotesDialog.tsx(138,19): error TS7026: JSX element implicitly has type 'any' because no interface 'JSX.IntrinsicElements' exists.
vendor/pi-desktop/apps/desktop/src/components/ReleaseNotesDialog.tsx(139,19): error TS7026: JSX element implicitly has type 'any' because no interface 'JSX.IntrinsicElements' exists.
vendor/pi-desktop/apps/desktop/src/components/ReleaseNotesDialog.tsx(146,19): error TS7026: JSX element implicitly has type 'any' because no interface 'JSX.IntrinsicElements' exists.
vendor/pi-desktop/apps/desktop/src/components/ReleaseNotesDialog.tsx(147,17): error TS7026: JSX element implicitly has type 'any' because no interface 'JSX.IntrinsicElements' exists.
vendor/pi-desktop/apps/desktop/src/components/ReleaseNotesDialog.tsx(148,17): error TS7026: JSX element implicitly has type 'any' because no interface 'JSX.IntrinsicElements' exists.
vendor/pi-desktop/apps/desktop/src/components/ReleaseNotesDialog.tsx(150,21): error TS7026: JSX element implicitly has type 'any' because no interface 'JSX.IntrinsicElements' exists.
vendor/pi-desktop/apps/desktop/src/components/ReleaseNotesDialog.tsx(150,52): error TS7026: JSX element implicitly has type 'any' because no interface 'JSX.IntrinsicElements' exists.
vendor/pi-desktop/apps/desktop/src/components/ReleaseNotesDialog.tsx(152,17): error TS7026: JSX element implicitly has type 'any' because no interface 'JSX.IntrinsicElements' exists.
vendor/pi-desktop/apps/desktop/src/components/ReleaseNotesDialog.tsx(153,15): error TS7026: JSX element implicitly has type 'any' because no interface 'JSX.IntrinsicElements' exists.
vendor/pi-desktop/apps/desktop/src/components/ReleaseNotesDialog.tsx(156,9): error TS7026: JSX element implicitly has type 'any' because no interface 'JSX.IntrinsicElements' exists.
vendor/pi-desktop/apps/desktop/src/components/ReleaseNotesDialog.tsx(157,7): error TS7026: JSX element implicitly has type 'any' because no interface 'JSX.IntrinsicElements' exists.
vendor/pi-desktop/apps/desktop/src/components/ReleaseNotesDialog.tsx(158,5): error TS7026: JSX element implicitly has type 'any' because no interface 'JSX.IntrinsicElements' exists.
vendor/pi-desktop/apps/desktop/src/components/ReviewChangeCard.tsx(1,39): error TS7016: Could not find a declaration file for module 'react'. 'C:/cm-plan-next-20260910/vendor/pi-desktop/node_modules/.pnpm/react@19.2.8/node_modules/react/index.js' implicitly has an 'any' type.
  Try `npm i --save-dev @types/react` if it exists or add a new declaration (.d.ts) file containing `declare module 'react';`
vendor/pi-desktop/apps/desktop/src/components/ReviewChangeCard.tsx(42,5): error TS7026: JSX element implicitly has type 'any' because no interface 'JSX.IntrinsicElements' exists.
vendor/pi-desktop/apps/desktop/src/components/ReviewChangeCard.tsx(42,5): error TS7016: Could not find a declaration file for module 'react/jsx-runtime'. 'C:/cm-plan-next-20260910/vendor/pi-desktop/node_modules/.pnpm/react@19.2.8/node_modules/react/jsx-runtime.js' implicitly has an 'any' type.
  Try `npm i --save-dev @types/react` if it exists or add a new declaration (.d.ts) file containing `declare module 'react/jsx-runtime';`
vendor/pi-desktop/apps/desktop/src/components/ReviewChangeCard.tsx(44,9): error TS7026: JSX element implicitly has type 'any' because no interface 'JSX.IntrinsicElements' exists.
vendor/pi-desktop/apps/desktop/src/components/ReviewChangeCard.tsx(44,71): error TS7026: JSX element implicitly has type 'any' because no interface 'JSX.IntrinsicElements' exists.
vendor/pi-desktop/apps/desktop/src/components/ReviewChangeCard.tsx(46,9): error TS7026: JSX element implicitly has type 'any' because no interface 'JSX.IntrinsicElements' exists.
vendor/pi-desktop/apps/desktop/src/components/ReviewChangeCard.tsx(46,73): error TS7026: JSX element implicitly has type 'any' because no interface 'JSX.IntrinsicElements' exists.
vendor/pi-desktop/apps/desktop/src/components/ReviewChangeCard.tsx(48,9): error TS7026: JSX element implicitly has type 'any' because no interface 'JSX.IntrinsicElements' exists.
vendor/pi-desktop/apps/desktop/src/components/ReviewChangeCard.tsx(50,13): error TS7026: JSX element implicitly has type 'any' because no interface 'JSX.IntrinsicElements' exists.
vendor/pi-desktop/apps/desktop/src/components/ReviewChangeCard.tsx(51,15): error TS7026: JSX element implicitly has type 'any' because no interface 'JSX.IntrinsicElements' exists.
vendor/pi-desktop/apps/desktop/src/components/ReviewChangeCard.tsx(52,17): error TS7026: JSX element implicitly has type 'any' because no interface 'JSX.IntrinsicElements' exists.
vendor/pi-desktop/apps/desktop/src/components/ReviewChangeCard.tsx(52,63): error TS7026: JSX element implicitly has type 'any' because no interface 'JSX.IntrinsicElements' exists.
vendor/pi-desktop/apps/desktop/src/components/ReviewChangeCard.tsx(53,15): error TS7026: JSX element implicitly has type 'any' because no interface 'JSX.IntrinsicElements' exists.
vendor/pi-desktop/apps/desktop/src/components/ReviewChangeCard.tsx(55,17): error TS7026: JSX element implicitly has type 'any' because no interface 'JSX.IntrinsicElements' exists.
vendor/pi-desktop/apps/desktop/src/components/ReviewChangeCard.tsx(56,19): error TS7026: JSX element implicitly has type 'any' because no interface 'JSX.IntrinsicElements' exists.
vendor/pi-desktop/apps/desktop/src/components/ReviewChangeCard.tsx(58,19): error TS7026: JSX element implicitly has type 'any' because no interface 'JSX.IntrinsicElements' exists.
vendor/pi-desktop/apps/desktop/src/components/ReviewChangeCard.tsx(59,19): error TS7026: JSX element implicitly has type 'any' because no interface 'JSX.IntrinsicElements' exists.
vendor/pi-desktop/apps/desktop/src/components/ReviewChangeCard.tsx(59,63): error TS7026: JSX element implicitly has type 'any' because no interface 'JSX.IntrinsicElements' exists.
vendor/pi-desktop/apps/desktop/src/components/ReviewChangeCard.tsx(60,17): error TS7026: JSX element implicitly has type 'any' because no interface 'JSX.IntrinsicElements' exists.
vendor/pi-desktop/apps/desktop/src/components/ReviewChangeCard.tsx(62,13): error TS7026: JSX element implicitly has type 'any' because no interface 'JSX.IntrinsicElements' exists.
vendor/pi-desktop/apps/desktop/src/components/ReviewChangeCard.tsx(64,9): error TS7026: JSX element implicitly has type 'any' because no interface 'JSX.IntrinsicElements' exists.
vendor/pi-desktop/apps/desktop/src/components/ReviewChangeCard.tsx(66,9): error TS7026: JSX element implicitly has type 'any' because no interface 'JSX.IntrinsicElements' exists.
vendor/pi-desktop/apps/desktop/src/components/ReviewChangeCard.tsx(66,78): error TS7026: JSX element implicitly has type 'any' because no interface 'JSX.IntrinsicElements' exists.
vendor/pi-desktop/apps/desktop/src/components/ReviewChangeCard.tsx(69,7): error TS7026: JSX element implicitly has type 'any' because no interface 'JSX.IntrinsicElements' exists.
vendor/pi-desktop/apps/desktop/src/components/ReviewChangeCard.tsx(71,11): error TS7026: JSX element implicitly has type 'any' because no interface 'JSX.IntrinsicElements' exists.
vendor/pi-desktop/apps/desktop/src/components/ReviewChangeCard.tsx(73,11): error TS7026: JSX element implicitly has type 'any' because no interface 'JSX.IntrinsicElements' exists.
vendor/pi-desktop/apps/desktop/src/components/ReviewChangeCard.tsx(75,11): error TS7026: JSX element implicitly has type 'any' because no interface 'JSX.IntrinsicElements' exists.
vendor/pi-desktop/apps/desktop/src/components/ReviewChangeCard.tsx(77,11): error TS7026: JSX element implicitly has type 'any' because no interface 'JSX.IntrinsicElements' exists.
vendor/pi-desktop/apps/desktop/src/components/ReviewChangeCard.tsx(80,11): error TS7026: JSX element implicitly has type 'any' because no interface 'JSX.IntrinsicElements' exists.
vendor/pi-desktop/apps/desktop/src/components/ReviewChangeCard.tsx(83,11): error TS7026: JSX element implicitly has type 'any' because no interface 'JSX.IntrinsicElements' exists.
vendor/pi-desktop/apps/desktop/src/components/ReviewChangeCard.tsx(85,11): error TS7026: JSX element implicitly has type 'any' because no interface 'JSX.IntrinsicElements' exists.
vendor/pi-desktop/apps/desktop/src/components/ReviewChangeCard.tsx(95,11): error TS7026: JSX element implicitly has type 'any' because no interface 'JSX.IntrinsicElements' exists.
vendor/pi-desktop/apps/desktop/src/components/ReviewChangeCard.tsx(97,11): error TS7026: JSX element implicitly has type 'any' because no interface 'JSX.IntrinsicElements' exists.
vendor/pi-desktop/apps/desktop/src/components/ReviewChangeCard.tsx(99,11): error TS7026: JSX element implicitly has type 'any' because no interface 'JSX.IntrinsicElements' exists.
vendor/pi-desktop/apps/desktop/src/components/ReviewChangeCard.tsx(101,7): error TS7026: JSX element implicitly has type 'any' because no interface 'JSX.IntrinsicElements' exists.
vendor/pi-desktop/apps/desktop/src/components/ReviewChangeCard.tsx(102,5): error TS7026: JSX element implicitly has type 'any' because no interface 'JSX.IntrinsicElements' exists.
vendor/pi-desktop/apps/desktop/src/components/ReviewChangeCard.tsx(135,5): error TS7026: JSX element implicitly has type 'any' because no interface 'JSX.IntrinsicElements' exists.
vendor/pi-desktop/apps/desktop/src/components/ReviewChangeCard.tsx(140,7): error TS7026: JSX element implicitly has type 'any' because no interface 'JSX.IntrinsicElements' exists.
vendor/pi-desktop/apps/desktop/src/components/ReviewChangeCard.tsx(147,33): error TS7006: Parameter 'value' implicitly has an 'any' type.
vendor/pi-desktop/apps/desktop/src/components/ReviewChangeCard.tsx(149,9): error TS7026: JSX element implicitly has type 'any' because no interface 'JSX.IntrinsicElements' exists.
vendor/pi-desktop/apps/desktop/src/components/ReviewChangeCard.tsx(151,9): error TS7026: JSX element implicitly has type 'any' because no interface 'JSX.IntrinsicElements' exists.
vendor/pi-desktop/apps/desktop/src/components/ReviewChangeCard.tsx(152,9): error TS7026: JSX element implicitly has type 'any' because no interface 'JSX.IntrinsicElements' exists.
vendor/pi-desktop/apps/desktop/src/components/ReviewChangeCard.tsx(157,9): error TS7026: JSX element implicitly has type 'any' because no interface 'JSX.IntrinsicElements' exists.
vendor/pi-desktop/apps/desktop/src/components/ReviewChangeCard.tsx(158,9): error TS7026: JSX element implicitly has type 'any' because no interface 'JSX.IntrinsicElements' exists.
vendor/pi-desktop/apps/desktop/src/components/ReviewChangeCard.tsx(160,9): error TS7026: JSX element implicitly has type 'any' because no interface 'JSX.IntrinsicElements' exists.
vendor/pi-desktop/apps/desktop/src/components/ReviewChangeCard.tsx(161,9): error TS7026: JSX element implicitly has type 'any' because no interface 'JSX.IntrinsicElements' exists.
vendor/pi-desktop/apps/desktop/src/components/ReviewChangeCard.tsx(166,13): error TS7026: JSX element implicitly has type 'any' because no interface 'JSX.IntrinsicElements' exists.
vendor/pi-desktop/apps/desktop/src/components/ReviewChangeCard.tsx(166,65): error TS7026: JSX element implicitly has type 'any' because no interface 'JSX.IntrinsicElements' exists.
vendor/pi-desktop/apps/desktop/src/components/ReviewChangeCard.tsx(169,13): error TS7026: JSX element implicitly has type 'any' because no interface 'JSX.IntrinsicElements' exists.
vendor/pi-desktop/apps/desktop/src/components/ReviewChangeCard.tsx(169,65): error TS7026: JSX element implicitly has type 'any' because no interface 'JSX.IntrinsicElements' exists.
vendor/pi-desktop/apps/desktop/src/components/ReviewChangeCard.tsx(171,9): error TS7026: JSX element implicitly has type 'any' because no interface 'JSX.IntrinsicElements' exists.
vendor/pi-desktop/apps/desktop/src/components/ReviewChangeCard.tsx(172,7): error TS7026: JSX element implicitly has type 'any' because no interface 'JSX.IntrinsicElements' exists.
vendor/pi-desktop/apps/desktop/src/components/ReviewChangeCard.tsx(174,9): error TS7026: JSX element implicitly has type 'any' because no interface 'JSX.IntrinsicElements' exists.
vendor/pi-desktop/apps/desktop/src/components/ReviewChangeCard.tsx(176,9): error TS7026: JSX element implicitly has type 'any' because no interface 'JSX.IntrinsicElements' exists.
vendor/pi-desktop/apps/desktop/src/components/ReviewChangeCard.tsx(178,5): error TS7026: JSX element implicitly has type 'any' because no interface 'JSX.IntrinsicElements' exists.
vendor/pi-desktop/apps/desktop/src/components/SearchDialog.tsx(6,8): error TS7016: Could not find a declaration file for module 'react'. 'C:/cm-plan-next-20260910/vendor/pi-desktop/node_modules/.pnpm/react@19.2.8/node_modules/react/index.js' implicitly has an 'any' type.
  Try `npm i --save-dev @types/react` if it exists or add a new declaration (.d.ts) file containing `declare module 'react';`
vendor/pi-desktop/apps/desktop/src/components/SearchDialog.tsx(90,5): error TS7016: Could not find a declaration file for module 'react/jsx-runtime'. 'C:/cm-plan-next-20260910/vendor/pi-desktop/node_modules/.pnpm/react@19.2.8/node_modules/react/jsx-runtime.js' implicitly has an 'any' type.
  Try `npm i --save-dev @types/react` if it exists or add a new declaration (.d.ts) file containing `declare module 'react/jsx-runtime';`
vendor/pi-desktop/apps/desktop/src/components/SearchDialog.tsx(92,7): error TS7026: JSX element implicitly has type 'any' because no interface 'JSX.IntrinsicElements' exists.
vendor/pi-desktop/apps/desktop/src/components/SearchDialog.tsx(92,74): error TS7026: JSX element implicitly has type 'any' because no interface 'JSX.IntrinsicElements' exists.
vendor/pi-desktop/apps/desktop/src/components/SearchDialog.tsx(297,5): error TS7026: JSX element implicitly has type 'any' because no interface 'JSX.IntrinsicElements' exists.
vendor/pi-desktop/apps/desktop/src/components/SearchDialog.tsx(298,7): error TS7026: JSX element implicitly has type 'any' because no interface 'JSX.IntrinsicElements' exists.
vendor/pi-desktop/apps/desktop/src/components/SearchDialog.tsx(303,19): error TS7006: Parameter 'event' implicitly has an 'any' type.
vendor/pi-desktop/apps/desktop/src/components/SearchDialog.tsx(304,21): error TS7006: Parameter 'event' implicitly has an 'any' type.
vendor/pi-desktop/apps/desktop/src/components/SearchDialog.tsx(312,9): error TS7026: JSX element implicitly has type 'any' because no interface 'JSX.IntrinsicElements' exists.
vendor/pi-desktop/apps/desktop/src/components/SearchDialog.tsx(314,11): error TS7026: JSX element implicitly has type 'any' because no interface 'JSX.IntrinsicElements' exists.
vendor/pi-desktop/apps/desktop/src/components/SearchDialog.tsx(327,24): error TS7006: Parameter 'event' implicitly has an 'any' type.
vendor/pi-desktop/apps/desktop/src/components/SearchDialog.tsx(328,25): error TS7006: Parameter 'event' implicitly has an 'any' type.
vendor/pi-desktop/apps/desktop/src/components/SearchDialog.tsx(335,28): error TS7006: Parameter 'value' implicitly has an 'any' type.
vendor/pi-desktop/apps/desktop/src/components/SearchDialog.tsx(339,28): error TS7006: Parameter 'value' implicitly has an 'any' type.
vendor/pi-desktop/apps/desktop/src/components/SearchDialog.tsx(347,9): error TS7026: JSX element implicitly has type 'any' because no interface 'JSX.IntrinsicElements' exists.
vendor/pi-desktop/apps/desktop/src/components/SearchDialog.tsx(348,9): error TS7026: JSX element implicitly has type 'any' because no interface 'JSX.IntrinsicElements' exists.
vendor/pi-desktop/apps/desktop/src/components/SearchDialog.tsx(354,11): error TS7026: JSX element implicitly has type 'any' because no interface 'JSX.IntrinsicElements' exists.
vendor/pi-desktop/apps/desktop/src/components/SearchDialog.tsx(363,39): error TS2322: Type '{ size: number; className: string; }' is not assignable to type 'LucideProps'.
  Property 'className' does not exist on type 'LucideProps'.
vendor/pi-desktop/apps/desktop/src/components/SearchDialog.tsx(364,13): error TS7026: JSX element implicitly has type 'any' because no interface 'JSX.IntrinsicElements' exists.
vendor/pi-desktop/apps/desktop/src/components/SearchDialog.tsx(364,67): error TS7026: JSX element implicitly has type 'any' because no interface 'JSX.IntrinsicElements' exists.
vendor/pi-desktop/apps/desktop/src/components/SearchDialog.tsx(365,11): error TS7026: JSX element implicitly has type 'any' because no interface 'JSX.IntrinsicElements' exists.
vendor/pi-desktop/apps/desktop/src/components/SearchDialog.tsx(367,27): error TS7006: Parameter 'group' implicitly has an 'any' type.
vendor/pi-desktop/apps/desktop/src/components/SearchDialog.tsx(368,17): error TS7026: JSX element implicitly has type 'any' because no interface 'JSX.IntrinsicElements' exists.
vendor/pi-desktop/apps/desktop/src/components/SearchDialog.tsx(369,19): error TS7026: JSX element implicitly has type 'any' because no interface 'JSX.IntrinsicElements' exists.
vendor/pi-desktop/apps/desktop/src/components/SearchDialog.tsx(371,19): error TS7026: JSX element implicitly has type 'any' because no interface 'JSX.IntrinsicElements' exists.
vendor/pi-desktop/apps/desktop/src/components/SearchDialog.tsx(372,36): error TS7006: Parameter 'row' implicitly has an 'any' type.
vendor/pi-desktop/apps/desktop/src/components/SearchDialog.tsx(373,21): error TS7026: JSX element implicitly has type 'any' because no interface 'JSX.IntrinsicElements' exists.
vendor/pi-desktop/apps/desktop/src/components/SearchDialog.tsx(384,43): error TS2322: Type '{ size: number; className: string; }' is not assignable to type 'LucideProps'.
  Property 'className' does not exist on type 'LucideProps'.
vendor/pi-desktop/apps/desktop/src/components/SearchDialog.tsx(385,23): error TS7026: JSX element implicitly has type 'any' because no interface 'JSX.IntrinsicElements' exists.
vendor/pi-desktop/apps/desktop/src/components/SearchDialog.tsx(387,23): error TS7026: JSX element implicitly has type 'any' because no interface 'JSX.IntrinsicElements' exists.
vendor/pi-desktop/apps/desktop/src/components/SearchDialog.tsx(388,23): error TS7026: JSX element implicitly has type 'any' because no interface 'JSX.IntrinsicElements' exists.
vendor/pi-desktop/apps/desktop/src/components/SearchDialog.tsx(390,27): error TS7026: JSX element implicitly has type 'any' because no interface 'JSX.IntrinsicElements' exists.
vendor/pi-desktop/apps/desktop/src/components/SearchDialog.tsx(398,27): error TS7026: JSX element implicitly has type 'any' because no interface 'JSX.IntrinsicElements' exists.
vendor/pi-desktop/apps/desktop/src/components/SearchDialog.tsx(400,27): error TS7026: JSX element implicitly has type 'any' because no interface 'JSX.IntrinsicElements' exists.
vendor/pi-desktop/apps/desktop/src/components/SearchDialog.tsx(402,25): error TS7026: JSX element implicitly has type 'any' because no interface 'JSX.IntrinsicElements' exists.
vendor/pi-desktop/apps/desktop/src/components/SearchDialog.tsx(404,25): error TS7026: JSX element implicitly has type 'any' because no interface 'JSX.IntrinsicElements' exists.
vendor/pi-desktop/apps/desktop/src/components/SearchDialog.tsx(405,23): error TS7026: JSX element implicitly has type 'any' because no interface 'JSX.IntrinsicElements' exists.
vendor/pi-desktop/apps/desktop/src/components/SearchDialog.tsx(406,21): error TS7026: JSX element implicitly has type 'any' because no interface 'JSX.IntrinsicElements' exists.
vendor/pi-desktop/apps/desktop/src/components/SearchDialog.tsx(408,17): error TS7026: JSX element implicitly has type 'any' because no interface 'JSX.IntrinsicElements' exists.
vendor/pi-desktop/apps/desktop/src/components/SearchDialog.tsx(412,13): error TS7026: JSX element implicitly has type 'any' because no interface 'JSX.IntrinsicElements' exists.
vendor/pi-desktop/apps/desktop/src/components/SearchDialog.tsx(413,15): error TS7026: JSX element implicitly has type 'any' because no interface 'JSX.IntrinsicElements' exists.
vendor/pi-desktop/apps/desktop/src/components/SearchDialog.tsx(415,15): error TS7026: JSX element implicitly has type 'any' because no interface 'JSX.IntrinsicElements' exists.
vendor/pi-desktop/apps/desktop/src/components/SearchDialog.tsx(416,30): error TS7006: Parameter 'entry' implicitly has an 'any' type.
vendor/pi-desktop/apps/desktop/src/components/SearchDialog.tsx(416,37): error TS7006: Parameter 'index' implicitly has an 'any' type.
vendor/pi-desktop/apps/desktop/src/components/SearchDialog.tsx(420,19): error TS7026: JSX element implicitly has type 'any' because no interface 'JSX.IntrinsicElements' exists.
vendor/pi-desktop/apps/desktop/src/components/SearchDialog.tsx(431,21): error TS7026: JSX element implicitly has type 'any' because no interface 'JSX.IntrinsicElements' exists.
vendor/pi-desktop/apps/desktop/src/components/SearchDialog.tsx(433,21): error TS7026: JSX element implicitly has type 'any' because no interface 'JSX.IntrinsicElements' exists.
vendor/pi-desktop/apps/desktop/src/components/SearchDialog.tsx(434,19): error TS7026: JSX element implicitly has type 'any' because no interface 'JSX.IntrinsicElements' exists.
vendor/pi-desktop/apps/desktop/src/components/SearchDialog.tsx(437,13): error TS7026: JSX element implicitly has type 'any' because no interface 'JSX.IntrinsicElements' exists.
vendor/pi-desktop/apps/desktop/src/components/SearchDialog.tsx(440,13): error TS7026: JSX element implicitly has type 'any' because no interface 'JSX.IntrinsicElements' exists.
vendor/pi-desktop/apps/desktop/src/components/SearchDialog.tsx(441,15): error TS7026: JSX element implicitly has type 'any' because no interface 'JSX.IntrinsicElements' exists.
vendor/pi-desktop/apps/desktop/src/components/SearchDialog.tsx(443,15): error TS7026: JSX element implicitly has type 'any' because no interface 'JSX.IntrinsicElements' exists.
vendor/pi-desktop/apps/desktop/src/components/SearchDialog.tsx(444,34): error TS7006: Parameter 'hit' implicitly has an 'any' type.
vendor/pi-desktop/apps/desktop/src/components/SearchDialog.tsx(444,39): error TS7006: Parameter 'index' implicitly has an 'any' type.
vendor/pi-desktop/apps/desktop/src/components/SearchDialog.tsx(447,19): error TS7026: JSX element implicitly has type 'any' because no interface 'JSX.IntrinsicElements' exists.
vendor/pi-desktop/apps/desktop/src/components/SearchDialog.tsx(457,45): error TS2322: Type '{ size: number; className: string; }' is not assignable to type 'LucideProps'.
  Property 'className' does not exist on type 'LucideProps'.
vendor/pi-desktop/apps/desktop/src/components/SearchDialog.tsx(458,21): error TS7026: JSX element implicitly has type 'any' because no interface 'JSX.IntrinsicElements' exists.
vendor/pi-desktop/apps/desktop/src/components/SearchDialog.tsx(460,21): error TS7026: JSX element implicitly has type 'any' because no interface 'JSX.IntrinsicElements' exists.
vendor/pi-desktop/apps/desktop/src/components/SearchDialog.tsx(462,23): error TS7026: JSX element implicitly has type 'any' because no interface 'JSX.IntrinsicElements' exists.
vendor/pi-desktop/apps/desktop/src/components/SearchDialog.tsx(463,25): error TS7026: JSX element implicitly has type 'any' because no interface 'JSX.IntrinsicElements' exists.
vendor/pi-desktop/apps/desktop/src/components/SearchDialog.tsx(465,25): error TS7026: JSX element implicitly has type 'any' because no interface 'JSX.IntrinsicElements' exists.
vendor/pi-desktop/apps/desktop/src/components/SearchDialog.tsx(466,23): error TS7026: JSX element implicitly has type 'any' because no interface 'JSX.IntrinsicElements' exists.
vendor/pi-desktop/apps/desktop/src/components/SearchDialog.tsx(468,19): error TS7026: JSX element implicitly has type 'any' because no interface 'JSX.IntrinsicElements' exists.
vendor/pi-desktop/apps/desktop/src/components/SearchDialog.tsx(471,13): error TS7026: JSX element implicitly has type 'any' because no interface 'JSX.IntrinsicElements' exists.
vendor/pi-desktop/apps/desktop/src/components/SearchDialog.tsx(474,13): error TS7026: JSX element implicitly has type 'any' because no interface 'JSX.IntrinsicElements' exists.
vendor/pi-desktop/apps/desktop/src/components/SearchDialog.tsx(475,15): error TS7026: JSX element implicitly has type 'any' because no interface 'JSX.IntrinsicElements' exists.
vendor/pi-desktop/apps/desktop/src/components/SearchDialog.tsx(477,15): error TS7026: JSX element implicitly has type 'any' because no interface 'JSX.IntrinsicElements' exists.
vendor/pi-desktop/apps/desktop/src/components/SearchDialog.tsx(478,33): error TS7006: Parameter 'command' implicitly has an 'any' type.
vendor/pi-desktop/apps/desktop/src/components/SearchDialog.tsx(478,42): error TS7006: Parameter 'index' implicitly has an 'any' type.
vendor/pi-desktop/apps/desktop/src/components/SearchDialog.tsx(481,19): error TS7026: JSX element implicitly has type 'any' because no interface 'JSX.IntrinsicElements' exists.
vendor/pi-desktop/apps/desktop/src/components/SearchDialog.tsx(491,44): error TS2322: Type '{ size: number; className: string; }' is not assignable to type 'LucideProps'.
  Property 'className' does not exist on type 'LucideProps'.
vendor/pi-desktop/apps/desktop/src/components/SearchDialog.tsx(492,21): error TS7026: JSX element implicitly has type 'any' because no interface 'JSX.IntrinsicElements' exists.
vendor/pi-desktop/apps/desktop/src/components/SearchDialog.tsx(494,21): error TS7026: JSX element implicitly has type 'any' because no interface 'JSX.IntrinsicElements' exists.
vendor/pi-desktop/apps/desktop/src/components/SearchDialog.tsx(496,23): error TS7026: JSX element implicitly has type 'any' because no interface 'JSX.IntrinsicElements' exists.
vendor/pi-desktop/apps/desktop/src/components/SearchDialog.tsx(498,23): error TS7026: JSX element implicitly has type 'any' because no interface 'JSX.IntrinsicElements' exists.
vendor/pi-desktop/apps/desktop/src/components/SearchDialog.tsx(500,19): error TS7026: JSX element implicitly has type 'any' because no interface 'JSX.IntrinsicElements' exists.
vendor/pi-desktop/apps/desktop/src/components/SearchDialog.tsx(503,13): error TS7026: JSX element implicitly has type 'any' because no interface 'JSX.IntrinsicElements' exists.
vendor/pi-desktop/apps/desktop/src/components/SearchDialog.tsx(510,13): error TS7026: JSX element implicitly has type 'any' because no interface 'JSX.IntrinsicElements' exists.
vendor/pi-desktop/apps/desktop/src/components/SearchDialog.tsx(510,62): error TS7026: JSX element implicitly has type 'any' because no interface 'JSX.IntrinsicElements' exists.
vendor/pi-desktop/apps/desktop/src/components/SearchDialog.tsx(512,9): error TS7026: JSX element implicitly has type 'any' because no interface 'JSX.IntrinsicElements' exists.
vendor/pi-desktop/apps/desktop/src/components/SearchDialog.tsx(513,7): error TS7026: JSX element implicitly has type 'any' because no interface 'JSX.IntrinsicElements' exists.
vendor/pi-desktop/apps/desktop/src/components/SearchDialog.tsx(514,5): error TS7026: JSX element implicitly has type 'any' because no interface 'JSX.IntrinsicElements' exists.
vendor/pi-desktop/apps/desktop/src/components/SessionPane.tsx(1,22): error TS7016: Could not find a declaration file for module 'react'. 'C:/cm-plan-next-20260910/vendor/pi-desktop/node_modules/.pnpm/react@19.2.8/node_modules/react/index.js' implicitly has an 'any' type.
  Try `npm i --save-dev @types/react` if it exists or add a new declaration (.d.ts) file containing `declare module 'react';`
vendor/pi-desktop/apps/desktop/src/components/SessionPane.tsx(52,5): error TS7026: JSX element implicitly has type 'any' because no interface 'JSX.IntrinsicElements' exists.
vendor/pi-desktop/apps/desktop/src/components/SessionPane.tsx(52,5): error TS7016: Could not find a declaration file for module 'react/jsx-runtime'. 'C:/cm-plan-next-20260910/vendor/pi-desktop/node_modules/.pnpm/react@19.2.8/node_modules/react/jsx-runtime.js' implicitly has an 'any' type.
  Try `npm i --save-dev @types/react` if it exists or add a new declaration (.d.ts) file containing `declare module 'react/jsx-runtime';`
vendor/pi-desktop/apps/desktop/src/components/SessionPane.tsx(74,5): error TS7026: JSX element implicitly has type 'any' because no interface 'JSX.IntrinsicElements' exists.
vendor/pi-desktop/apps/desktop/src/components/SessionRenameDialog.tsx(1,61): error TS7016: Could not find a declaration file for module 'react'. 'C:/cm-plan-next-20260910/vendor/pi-desktop/node_modules/.pnpm/react@19.2.8/node_modules/react/index.js' implicitly has an 'any' type.
  Try `npm i --save-dev @types/react` if it exists or add a new declaration (.d.ts) file containing `declare module 'react';`
vendor/pi-desktop/apps/desktop/src/components/SessionRenameDialog.tsx(2,30): error TS7016: Could not find a declaration file for module 'react-dom'. 'C:/cm-plan-next-20260910/vendor/pi-desktop/node_modules/.pnpm/react-dom@19.2.8_react@19.2.8/node_modules/react-dom/index.js' implicitly has an 'any' type.
  Try `npm i --save-dev @types/react-dom` if it exists or add a new declaration (.d.ts) file containing `declare module 'react-dom';`
vendor/pi-desktop/apps/desktop/src/components/SessionRenameDialog.tsx(106,5): error TS7026: JSX element implicitly has type 'any' because no interface 'JSX.IntrinsicElements' exists.
vendor/pi-desktop/apps/desktop/src/components/SessionRenameDialog.tsx(106,5): error TS7016: Could not find a declaration file for module 'react/jsx-runtime'. 'C:/cm-plan-next-20260910/vendor/pi-desktop/node_modules/.pnpm/react@19.2.8/node_modules/react/jsx-runtime.js' implicitly has an 'any' type.
  Try `npm i --save-dev @types/react` if it exists or add a new declaration (.d.ts) file containing `declare module 'react/jsx-runtime';`
vendor/pi-desktop/apps/desktop/src/components/SessionRenameDialog.tsx(109,17): error TS7006: Parameter 'event' implicitly has an 'any' type.
vendor/pi-desktop/apps/desktop/src/components/SessionRenameDialog.tsx(113,7): error TS7026: JSX element implicitly has type 'any' because no interface 'JSX.IntrinsicElements' exists.
vendor/pi-desktop/apps/desktop/src/components/SessionRenameDialog.tsx(120,19): error TS7006: Parameter 'event' implicitly has an 'any' type.
vendor/pi-desktop/apps/desktop/src/components/SessionRenameDialog.tsx(122,9): error TS7026: JSX element implicitly has type 'any' because no interface 'JSX.IntrinsicElements' exists.
vendor/pi-desktop/apps/desktop/src/components/SessionRenameDialog.tsx(123,11): error TS7026: JSX element implicitly has type 'any' because no interface 'JSX.IntrinsicElements' exists.
vendor/pi-desktop/apps/desktop/src/components/SessionRenameDialog.tsx(124,13): error TS7026: JSX element implicitly has type 'any' because no interface 'JSX.IntrinsicElements' exists.
vendor/pi-desktop/apps/desktop/src/components/SessionRenameDialog.tsx(127,13): error TS7026: JSX element implicitly has type 'any' because no interface 'JSX.IntrinsicElements' exists.
vendor/pi-desktop/apps/desktop/src/components/SessionRenameDialog.tsx(128,13): error TS7026: JSX element implicitly has type 'any' because no interface 'JSX.IntrinsicElements' exists.
vendor/pi-desktop/apps/desktop/src/components/SessionRenameDialog.tsx(130,13): error TS7026: JSX element implicitly has type 'any' because no interface 'JSX.IntrinsicElements' exists.
vendor/pi-desktop/apps/desktop/src/components/SessionRenameDialog.tsx(131,11): error TS7026: JSX element implicitly has type 'any' because no interface 'JSX.IntrinsicElements' exists.
vendor/pi-desktop/apps/desktop/src/components/SessionRenameDialog.tsx(132,11): error TS7026: JSX element implicitly has type 'any' because no interface 'JSX.IntrinsicElements' exists.
vendor/pi-desktop/apps/desktop/src/components/SessionRenameDialog.tsx(141,11): error TS7026: JSX element implicitly has type 'any' because no interface 'JSX.IntrinsicElements' exists.
vendor/pi-desktop/apps/desktop/src/components/SessionRenameDialog.tsx(142,9): error TS7026: JSX element implicitly has type 'any' because no interface 'JSX.IntrinsicElements' exists.
vendor/pi-desktop/apps/desktop/src/components/SessionRenameDialog.tsx(143,9): error TS7026: JSX element implicitly has type 'any' because no interface 'JSX.IntrinsicElements' exists.
vendor/pi-desktop/apps/desktop/src/components/SessionRenameDialog.tsx(143,26): error TS7006: Parameter 'event' implicitly has an 'any' type.
vendor/pi-desktop/apps/desktop/src/components/SessionRenameDialog.tsx(144,11): error TS7026: JSX element implicitly has type 'any' because no interface 'JSX.IntrinsicElements' exists.
vendor/pi-desktop/apps/desktop/src/components/SessionRenameDialog.tsx(146,11): error TS7026: JSX element implicitly has type 'any' because no interface 'JSX.IntrinsicElements' exists.
vendor/pi-desktop/apps/desktop/src/components/SessionRenameDialog.tsx(147,11): error TS7026: JSX element implicitly has type 'any' because no interface 'JSX.IntrinsicElements' exists.
vendor/pi-desktop/apps/desktop/src/components/SessionRenameDialog.tsx(152,24): error TS7006: Parameter 'event' implicitly has an 'any' type.
vendor/pi-desktop/apps/desktop/src/components/SessionRenameDialog.tsx(161,11): error TS7026: JSX element implicitly has type 'any' because no interface 'JSX.IntrinsicElements' exists.
vendor/pi-desktop/apps/desktop/src/components/SessionRenameDialog.tsx(162,13): error TS7026: JSX element implicitly has type 'any' because no interface 'JSX.IntrinsicElements' exists.
vendor/pi-desktop/apps/desktop/src/components/SessionRenameDialog.tsx(162,25): error TS7026: JSX element implicitly has type 'any' because no interface 'JSX.IntrinsicElements' exists.
vendor/pi-desktop/apps/desktop/src/components/SessionRenameDialog.tsx(163,13): error TS7026: JSX element implicitly has type 'any' because no interface 'JSX.IntrinsicElements' exists.
vendor/pi-desktop/apps/desktop/src/components/SessionRenameDialog.tsx(165,13): error TS7026: JSX element implicitly has type 'any' because no interface 'JSX.IntrinsicElements' exists.
vendor/pi-desktop/apps/desktop/src/components/SessionRenameDialog.tsx(166,11): error TS7026: JSX element implicitly has type 'any' because no interface 'JSX.IntrinsicElements' exists.
vendor/pi-desktop/apps/desktop/src/components/SessionRenameDialog.tsx(167,11): error TS7026: JSX element implicitly has type 'any' because no interface 'JSX.IntrinsicElements' exists.
vendor/pi-desktop/apps/desktop/src/components/SessionRenameDialog.tsx(174,11): error TS7026: JSX element implicitly has type 'any' because no interface 'JSX.IntrinsicElements' exists.
vendor/pi-desktop/apps/desktop/src/components/SessionRenameDialog.tsx(175,9): error TS7026: JSX element implicitly has type 'any' because no interface 'JSX.IntrinsicElements' exists.
vendor/pi-desktop/apps/desktop/src/components/SessionRenameDialog.tsx(176,7): error TS7026: JSX element implicitly has type 'any' because no interface 'JSX.IntrinsicElements' exists.
vendor/pi-desktop/apps/desktop/src/components/SessionRenameDialog.tsx(177,5): error TS7026: JSX element implicitly has type 'any' because no interface 'JSX.IntrinsicElements' exists.
vendor/pi-desktop/apps/desktop/src/components/settings/AgentCapabilityLayout.tsx(7,8): error TS7016: Could not find a declaration file for module 'react'. 'C:/cm-plan-next-20260910/vendor/pi-desktop/node_modules/.pnpm/react@19.2.8/node_modules/react/index.js' implicitly has an 'any' type.
  Try `npm i --save-dev @types/react` if it exists or add a new declaration (.d.ts) file containing `declare module 'react';`
vendor/pi-desktop/apps/desktop/src/components/settings/AgentCapabilityLayout.tsx(90,22): error TS7006: Parameter 'project' implicitly has an 'any' type.
vendor/pi-desktop/apps/desktop/src/components/settings/AgentCapabilityLayout.tsx(145,5): error TS7026: JSX element implicitly has type 'any' because no interface 'JSX.IntrinsicElements' exists.
vendor/pi-desktop/apps/desktop/src/components/settings/AgentCapabilityLayout.tsx(145,5): error TS7016: Could not find a declaration file for module 'react/jsx-runtime'. 'C:/cm-plan-next-20260910/vendor/pi-desktop/node_modules/.pnpm/react@19.2.8/node_modules/react/jsx-runtime.js' implicitly has an 'any' type.
  Try `npm i --save-dev @types/react` if it exists or add a new declaration (.d.ts) file containing `declare module 'react/jsx-runtime';`
vendor/pi-desktop/apps/desktop/src/components/settings/AgentCapabilityLayout.tsx(146,7): error TS7026: JSX element implicitly has type 'any' because no interface 'JSX.IntrinsicElements' exists.
vendor/pi-desktop/apps/desktop/src/components/settings/AgentCapabilityLayout.tsx(146,40): error TS7026: JSX element implicitly has type 'any' because no interface 'JSX.IntrinsicElements' exists.
vendor/pi-desktop/apps/desktop/src/components/settings/AgentCapabilityLayout.tsx(152,20): error TS7006: Parameter 'event' implicitly has an 'any' type.
vendor/pi-desktop/apps/desktop/src/components/settings/AgentCapabilityLayout.tsx(155,11): error TS7026: JSX element implicitly has type 'any' because no interface 'JSX.IntrinsicElements' exists.
vendor/pi-desktop/apps/desktop/src/components/settings/AgentCapabilityLayout.tsx(155,54): error TS7026: JSX element implicitly has type 'any' because no interface 'JSX.IntrinsicElements' exists.
vendor/pi-desktop/apps/desktop/src/components/settings/AgentCapabilityLayout.tsx(158,13): error TS7026: JSX element implicitly has type 'any' because no interface 'JSX.IntrinsicElements' exists.
vendor/pi-desktop/apps/desktop/src/components/settings/AgentCapabilityLayout.tsx(160,13): error TS7026: JSX element implicitly has type 'any' because no interface 'JSX.IntrinsicElements' exists.
vendor/pi-desktop/apps/desktop/src/components/settings/AgentCapabilityLayout.tsx(165,5): error TS7026: JSX element implicitly has type 'any' because no interface 'JSX.IntrinsicElements' exists.
vendor/pi-desktop/apps/desktop/src/components/settings/AgentCapabilityLayout.tsx(183,5): error TS7026: JSX element implicitly has type 'any' because no interface 'JSX.IntrinsicElements' exists.
vendor/pi-desktop/apps/desktop/src/components/settings/AgentCapabilityLayout.tsx(193,7): error TS7026: JSX element implicitly has type 'any' because no interface 'JSX.IntrinsicElements' exists.
vendor/pi-desktop/apps/desktop/src/components/settings/AgentCapabilityLayout.tsx(194,5): error TS7026: JSX element implicitly has type 'any' because no interface 'JSX.IntrinsicElements' exists.
vendor/pi-desktop/apps/desktop/src/components/settings/AgentCapabilityLayout.tsx(216,5): error TS7026: JSX element implicitly has type 'any' because no interface 'JSX.IntrinsicElements' exists.
vendor/pi-desktop/apps/desktop/src/components/settings/AgentCapabilityLayout.tsx(219,5): error TS7026: JSX element implicitly has type 'any' because no interface 'JSX.IntrinsicElements' exists.
vendor/pi-desktop/apps/desktop/src/components/settings/AgentCapabilityLayout.tsx(266,5): error TS7026: JSX element implicitly has type 'any' because no interface 'JSX.IntrinsicElements' exists.
vendor/pi-desktop/apps/desktop/src/components/settings/AgentCapabilityLayout.tsx(268,9): error TS7026: JSX element implicitly has type 'any' because no interface 'JSX.IntrinsicElements' exists.
vendor/pi-desktop/apps/desktop/src/components/settings/AgentCapabilityLayout.tsx(274,13): error TS7026: JSX element implicitly has type 'any' because no interface 'JSX.IntrinsicElements' exists.
vendor/pi-desktop/apps/desktop/src/components/settings/AgentCapabilityLayout.tsx(287,15): error TS7026: JSX element implicitly has type 'any' because no interface 'JSX.IntrinsicElements' exists.
vendor/pi-desktop/apps/desktop/src/components/settings/AgentCapabilityLayout.tsx(287,79): error TS7026: JSX element implicitly has type 'any' because no interface 'JSX.IntrinsicElements' exists.
vendor/pi-desktop/apps/desktop/src/components/settings/AgentCapabilityLayout.tsx(288,13): error TS7026: JSX element implicitly has type 'any' because no interface 'JSX.IntrinsicElements' exists.
vendor/pi-desktop/apps/desktop/src/components/settings/AgentCapabilityLayout.tsx(290,9): error TS7026: JSX element implicitly has type 'any' because no interface 'JSX.IntrinsicElements' exists.
vendor/pi-desktop/apps/desktop/src/components/settings/AgentCapabilityLayout.tsx(292,7): error TS7026: JSX element implicitly has type 'any' because no interface 'JSX.IntrinsicElements' exists.
vendor/pi-desktop/apps/desktop/src/components/settings/AgentCapabilityLayout.tsx(294,9): error TS7026: JSX element implicitly has type 'any' because no interface 'JSX.IntrinsicElements' exists.
vendor/pi-desktop/apps/desktop/src/components/settings/AgentCapabilityLayout.tsx(300,22): error TS7006: Parameter 'event' implicitly has an 'any' type.
vendor/pi-desktop/apps/desktop/src/components/settings/AgentCapabilityLayout.tsx(303,11): error TS7026: JSX element implicitly has type 'any' because no interface 'JSX.IntrinsicElements' exists.
vendor/pi-desktop/apps/desktop/src/components/settings/AgentCapabilityLayout.tsx(310,11): error TS7026: JSX element implicitly has type 'any' because no interface 'JSX.IntrinsicElements' exists.
vendor/pi-desktop/apps/desktop/src/components/settings/AgentCapabilityLayout.tsx(312,7): error TS7026: JSX element implicitly has type 'any' because no interface 'JSX.IntrinsicElements' exists.
vendor/pi-desktop/apps/desktop/src/components/settings/AgentCapabilityLayout.tsx(314,18): error TS7026: JSX element implicitly has type 'any' because no interface 'JSX.IntrinsicElements' exists.
vendor/pi-desktop/apps/desktop/src/components/settings/AgentCapabilityLayout.tsx(314,77): error TS7026: JSX element implicitly has type 'any' because no interface 'JSX.IntrinsicElements' exists.
vendor/pi-desktop/apps/desktop/src/components/settings/AgentCapabilityLayout.tsx(315,5): error TS7026: JSX element implicitly has type 'any' because no interface 'JSX.IntrinsicElements' exists.
vendor/pi-desktop/apps/desktop/src/components/settings/AgentCapabilityLayout.tsx(337,5): error TS7026: JSX element implicitly has type 'any' because no interface 'JSX.IntrinsicElements' exists.
vendor/pi-desktop/apps/desktop/src/components/settings/AgentCapabilityLayout.tsx(345,9): error TS7026: JSX element implicitly has type 'any' because no interface 'JSX.IntrinsicElements' exists.
vendor/pi-desktop/apps/desktop/src/components/settings/AgentCapabilityLayout.tsx(347,9): error TS7026: JSX element implicitly has type 'any' because no interface 'JSX.IntrinsicElements' exists.
vendor/pi-desktop/apps/desktop/src/components/settings/AgentCapabilityLayout.tsx(349,7): error TS7026: JSX element implicitly has type 'any' because no interface 'JSX.IntrinsicElements' exists.
vendor/pi-desktop/apps/desktop/src/components/settings/AgentCapabilityLayout.tsx(351,7): error TS7026: JSX element implicitly has type 'any' because no interface 'JSX.IntrinsicElements' exists.
vendor/pi-desktop/apps/desktop/src/components/settings/AgentCapabilityLayout.tsx(352,5): error TS7026: JSX element implicitly has type 'any' because no interface 'JSX.IntrinsicElements' exists.
vendor/pi-desktop/apps/desktop/src/components/settings/AgentCapabilityLayout.tsx(370,5): error TS7026: JSX element implicitly has type 'any' because no interface 'JSX.IntrinsicElements' exists.
vendor/pi-desktop/apps/desktop/src/components/settings/AgentCapabilityLayout.tsx(371,7): error TS7026: JSX element implicitly has type 'any' because no interface 'JSX.IntrinsicElements' exists.
vendor/pi-desktop/apps/desktop/src/components/settings/AgentCapabilityLayout.tsx(371,61): error TS7026: JSX element implicitly has type 'any' because no interface 'JSX.IntrinsicElements' exists.
vendor/pi-desktop/apps/desktop/src/components/settings/AgentCapabilityLayout.tsx(372,7): error TS7026: JSX element implicitly has type 'any' because no interface 'JSX.IntrinsicElements' exists.
vendor/pi-desktop/apps/desktop/src/components/settings/AgentCapabilityLayout.tsx(374,7): error TS7026: JSX element implicitly has type 'any' because no interface 'JSX.IntrinsicElements' exists.
vendor/pi-desktop/apps/desktop/src/components/settings/AgentCapabilityLayout.tsx(375,7): error TS7026: JSX element implicitly has type 'any' because no interface 'JSX.IntrinsicElements' exists.
vendor/pi-desktop/apps/desktop/src/components/settings/AgentCapabilityLayout.tsx(380,7): error TS7026: JSX element implicitly has type 'any' because no interface 'JSX.IntrinsicElements' exists.
vendor/pi-desktop/apps/desktop/src/components/settings/AgentCapabilityLayout.tsx(381,17): error TS7026: JSX element implicitly has type 'any' because no interface 'JSX.IntrinsicElements' exists.
vendor/pi-desktop/apps/desktop/src/components/settings/AgentCapabilityLayout.tsx(381,73): error TS7026: JSX element implicitly has type 'any' because no interface 'JSX.IntrinsicElements' exists.
vendor/pi-desktop/apps/desktop/src/components/settings/AgentCapabilityLayout.tsx(382,5): error TS7026: JSX element implicitly has type 'any' because no interface 'JSX.IntrinsicElements' exists.
vendor/pi-desktop/apps/desktop/src/components/settings/AgentCapabilityLayout.tsx(415,5): error TS7026: JSX element implicitly has type 'any' because no interface 'JSX.IntrinsicElements' exists.
vendor/pi-desktop/apps/desktop/src/components/settings/AgentCapabilityLayout.tsx(423,7): error TS7026: JSX element implicitly has type 'any' because no interface 'JSX.IntrinsicElements' exists.
vendor/pi-desktop/apps/desktop/src/components/settings/AgentCapabilityLayout.tsx(428,7): error TS7026: JSX element implicitly has type 'any' because no interface 'JSX.IntrinsicElements' exists.
vendor/pi-desktop/apps/desktop/src/components/settings/AgentCapabilityLayout.tsx(429,7): error TS7026: JSX element implicitly has type 'any' because no interface 'JSX.IntrinsicElements' exists.
vendor/pi-desktop/apps/desktop/src/components/settings/AgentCapabilityLayout.tsx(430,9): error TS7026: JSX element implicitly has type 'any' because no interface 'JSX.IntrinsicElements' exists.
vendor/pi-desktop/apps/desktop/src/components/settings/AgentCapabilityLayout.tsx(431,11): error TS7026: JSX element implicitly has type 'any' because no interface 'JSX.IntrinsicElements' exists.
vendor/pi-desktop/apps/desktop/src/components/settings/AgentCapabilityLayout.tsx(431,57): error TS7026: JSX element implicitly has type 'any' because no interface 'JSX.IntrinsicElements' exists.
vendor/pi-desktop/apps/desktop/src/components/settings/AgentCapabilityLayout.tsx(433,9): error TS7026: JSX element implicitly has type 'any' because no interface 'JSX.IntrinsicElements' exists.
vendor/pi-desktop/apps/desktop/src/components/settings/AgentCapabilityLayout.tsx(435,11): error TS7026: JSX element implicitly has type 'any' because no interface 'JSX.IntrinsicElements' exists.
vendor/pi-desktop/apps/desktop/src/components/settings/AgentCapabilityLayout.tsx(437,11): error TS7026: JSX element implicitly has type 'any' because no interface 'JSX.IntrinsicElements' exists.
vendor/pi-desktop/apps/desktop/src/components/settings/AgentCapabilityLayout.tsx(439,9): error TS7026: JSX element implicitly has type 'any' because no interface 'JSX.IntrinsicElements' exists.
vendor/pi-desktop/apps/desktop/src/components/settings/AgentCapabilityLayout.tsx(441,9): error TS7026: JSX element implicitly has type 'any' because no interface 'JSX.IntrinsicElements' exists.
vendor/pi-desktop/apps/desktop/src/components/settings/AgentCapabilityLayout.tsx(442,17): error TS7026: JSX element implicitly has type 'any' because no interface 'JSX.IntrinsicElements' exists.
vendor/pi-desktop/apps/desktop/src/components/settings/AgentCapabilityLayout.tsx(442,62): error TS7026: JSX element implicitly has type 'any' because no interface 'JSX.IntrinsicElements' exists.
vendor/pi-desktop/apps/desktop/src/components/settings/AgentCapabilityLayout.tsx(443,7): error TS7026: JSX element implicitly has type 'any' because no interface 'JSX.IntrinsicElements' exists.
vendor/pi-desktop/apps/desktop/src/components/settings/AgentCapabilityLayout.tsx(444,7): error TS7026: JSX element implicitly has type 'any' because no interface 'JSX.IntrinsicElements' exists.
vendor/pi-desktop/apps/desktop/src/components/settings/AgentCapabilityLayout.tsx(444,62): error TS7026: JSX element implicitly has type 'any' because no interface 'JSX.IntrinsicElements' exists.
vendor/pi-desktop/apps/desktop/src/components/settings/AgentCapabilityLayout.tsx(445,5): error TS7026: JSX element implicitly has type 'any' because no interface 'JSX.IntrinsicElements' exists.
vendor/pi-desktop/apps/desktop/src/components/settings/AgentCapabilityLayout.tsx(494,5): error TS7026: JSX element implicitly has type 'any' because no interface 'JSX.IntrinsicElements' exists.
vendor/pi-desktop/apps/desktop/src/components/settings/AgentCapabilityLayout.tsx(495,7): error TS7026: JSX element implicitly has type 'any' because no interface 'JSX.IntrinsicElements' exists.
vendor/pi-desktop/apps/desktop/src/components/settings/AgentCapabilityLayout.tsx(506,7): error TS7026: JSX element implicitly has type 'any' because no interface 'JSX.IntrinsicElements' exists.
vendor/pi-desktop/apps/desktop/src/components/settings/AgentCapabilityLayout.tsx(508,9): error TS7026: JSX element implicitly has type 'any' because no interface 'JSX.IntrinsicElements' exists.
vendor/pi-desktop/apps/desktop/src/components/settings/AgentCapabilityLayout.tsx(510,13): error TS7026: JSX element implicitly has type 'any' because no interface 'JSX.IntrinsicElements' exists.
vendor/pi-desktop/apps/desktop/src/components/settings/AgentCapabilityLayout.tsx(520,13): error TS7026: JSX element implicitly has type 'any' because no interface 'JSX.IntrinsicElements' exists.
vendor/pi-desktop/apps/desktop/src/components/settings/AgentCapabilityLayout.tsx(522,9): error TS7026: JSX element implicitly has type 'any' because no interface 'JSX.IntrinsicElements' exists.
vendor/pi-desktop/apps/desktop/src/components/settings/AgentCapabilityLayout.tsx(524,5): error TS7026: JSX element implicitly has type 'any' because no interface 'JSX.IntrinsicElements' exists.
vendor/pi-desktop/apps/desktop/src/components/settings/AgentCapabilityLayout.tsx(531,5): error TS7026: JSX element implicitly has type 'any' because no interface 'JSX.IntrinsicElements' exists.
vendor/pi-desktop/apps/desktop/src/components/settings/AgentCapabilityLayout.tsx(532,7): error TS7026: JSX element implicitly has type 'any' because no interface 'JSX.IntrinsicElements' exists.
vendor/pi-desktop/apps/desktop/src/components/settings/AgentCapabilityLayout.tsx(532,40): error TS7026: JSX element implicitly has type 'any' because no interface 'JSX.IntrinsicElements' exists.
vendor/pi-desktop/apps/desktop/src/components/settings/AgentCapabilityLayout.tsx(534,9): error TS7026: JSX element implicitly has type 'any' because no interface 'JSX.IntrinsicElements' exists.
vendor/pi-desktop/apps/desktop/src/components/settings/AgentCapabilityLayout.tsx(535,11): error TS7026: JSX element implicitly has type 'any' because no interface 'JSX.IntrinsicElements' exists.
vendor/pi-desktop/apps/desktop/src/components/settings/AgentCapabilityLayout.tsx(536,11): error TS7026: JSX element implicitly has type 'any' because no interface 'JSX.IntrinsicElements' exists.
vendor/pi-desktop/apps/desktop/src/components/settings/AgentCapabilityLayout.tsx(537,13): error TS7026: JSX element implicitly has type 'any' because no interface 'JSX.IntrinsicElements' exists.
vendor/pi-desktop/apps/desktop/src/components/settings/AgentCapabilityLayout.tsx(538,13): error TS7026: JSX element implicitly has type 'any' because no interface 'JSX.IntrinsicElements' exists.
vendor/pi-desktop/apps/desktop/src/components/settings/AgentCapabilityLayout.tsx(539,11): error TS7026: JSX element implicitly has type 'any' because no interface 'JSX.IntrinsicElements' exists.
vendor/pi-desktop/apps/desktop/src/components/settings/AgentCapabilityLayout.tsx(540,9): error TS7026: JSX element implicitly has type 'any' because no interface 'JSX.IntrinsicElements' exists.
vendor/pi-desktop/apps/desktop/src/components/settings/AgentCapabilityLayout.tsx(542,5): error TS7026: JSX element implicitly has type 'any' because no interface 'JSX.IntrinsicElements' exists.
vendor/pi-desktop/apps/desktop/src/components/settings/AgentCapabilityLayout.tsx(559,5): error TS7026: JSX element implicitly has type 'any' because no interface 'JSX.IntrinsicElements' exists.
vendor/pi-desktop/apps/desktop/src/components/settings/AgentCapabilityLayout.tsx(561,7): error TS7026: JSX element implicitly has type 'any' because no interface 'JSX.IntrinsicElements' exists.
vendor/pi-desktop/apps/desktop/src/components/settings/AgentCapabilityLayout.tsx(561,65): error TS7026: JSX element implicitly has type 'any' because no interface 'JSX.IntrinsicElements' exists.
vendor/pi-desktop/apps/desktop/src/components/settings/AgentCapabilityLayout.tsx(562,15): error TS7026: JSX element implicitly has type 'any' because no interface 'JSX.IntrinsicElements' exists.
vendor/pi-desktop/apps/desktop/src/components/settings/AgentCapabilityLayout.tsx(562,67): error TS7026: JSX element implicitly has type 'any' because no interface 'JSX.IntrinsicElements' exists.
vendor/pi-desktop/apps/desktop/src/components/settings/AgentCapabilityLayout.tsx(563,17): error TS7026: JSX element implicitly has type 'any' because no interface 'JSX.IntrinsicElements' exists.
vendor/pi-desktop/apps/desktop/src/components/settings/AgentCapabilityLayout.tsx(563,72): error TS7026: JSX element implicitly has type 'any' because no interface 'JSX.IntrinsicElements' exists.
vendor/pi-desktop/apps/desktop/src/components/settings/AgentCapabilityLayout.tsx(564,5): error TS7026: JSX element implicitly has type 'any' because no interface 'JSX.IntrinsicElements' exists.
vendor/pi-desktop/apps/desktop/src/components/settings/AgentMcpPage.tsx(1,67): error TS7016: Could not find a declaration file for module 'react'. 'C:/cm-plan-next-20260910/vendor/pi-desktop/node_modules/.pnpm/react@19.2.8/node_modules/react/index.js' implicitly has an 'any' type.
  Try `npm i --save-dev @types/react` if it exists or add a new declaration (.d.ts) file containing `declare module 'react';`
vendor/pi-desktop/apps/desktop/src/components/settings/AgentMcpPage.tsx(134,13): error TS7006: Parameter 'rows' implicitly has an 'any' type.
vendor/pi-desktop/apps/desktop/src/components/settings/AgentMcpPage.tsx(134,32): error TS7006: Parameter 'row' implicitly has an 'any' type.
vendor/pi-desktop/apps/desktop/src/components/settings/AgentMcpPage.tsx(169,8): error TS7006: Parameter 'server' implicitly has an 'any' type.
vendor/pi-desktop/apps/desktop/src/components/settings/AgentMcpPage.tsx(230,20): error TS7006: Parameter 'current' implicitly has an 'any' type.
vendor/pi-desktop/apps/desktop/src/components/settings/AgentMcpPage.tsx(231,28): error TS7006: Parameter 'status' implicitly has an 'any' type.
vendor/pi-desktop/apps/desktop/src/components/settings/AgentMcpPage.tsx(288,21): error TS7006: Parameter 'project' implicitly has an 'any' type.
vendor/pi-desktop/apps/desktop/src/components/settings/AgentMcpPage.tsx(328,9): error TS2322: Type '{ key: string; glyph: any; glyphState: McpConnectionState | undefined; name: string; off: boolean; menuOpen: boolean; command: string | undefined; badges: any; description: string; actions: any; }' is not assignable to type '{ glyph: ReactNode; glyphState?: string | undefined; name: string; badges?: any; command?: string | undefined; description: string; meta?: any; actions: ReactNode; off?: boolean | undefined; menuOpen?: boolean | undefined; }'.
  Property 'key' does not exist on type '{ glyph: ReactNode; glyphState?: string | undefined; name: string; badges?: any; command?: string | undefined; description: string; meta?: any; actions: ReactNode; off?: boolean | undefined; menuOpen?: boolean | undefined; }'.
vendor/pi-desktop/apps/desktop/src/components/settings/AgentMcpPage.tsx(337,13): error TS7026: JSX element implicitly has type 'any' because no interface 'JSX.IntrinsicElements' exists.
vendor/pi-desktop/apps/desktop/src/components/settings/AgentMcpPage.tsx(341,13): error TS7026: JSX element implicitly has type 'any' because no interface 'JSX.IntrinsicElements' exists.
vendor/pi-desktop/apps/desktop/src/components/settings/AgentMcpPage.tsx(342,13): error TS7026: JSX element implicitly has type 'any' because no interface 'JSX.IntrinsicElements' exists.
vendor/pi-desktop/apps/desktop/src/components/settings/AgentMcpPage.tsx(346,13): error TS7026: JSX element implicitly has type 'any' because no interface 'JSX.IntrinsicElements' exists.
vendor/pi-desktop/apps/desktop/src/components/settings/AgentMcpPage.tsx(348,15): error TS7026: JSX element implicitly has type 'any' because no interface 'JSX.IntrinsicElements' exists.
vendor/pi-desktop/apps/desktop/src/components/settings/AgentMcpPage.tsx(349,17): error TS7026: JSX element implicitly has type 'any' because no interface 'JSX.IntrinsicElements' exists.
vendor/pi-desktop/apps/desktop/src/components/settings/AgentMcpPage.tsx(353,15): error TS7026: JSX element implicitly has type 'any' because no interface 'JSX.IntrinsicElements' exists.
vendor/pi-desktop/apps/desktop/src/components/settings/AgentMcpPage.tsx(360,13): error TS7026: JSX element implicitly has type 'any' because no interface 'JSX.IntrinsicElements' exists.
vendor/pi-desktop/apps/desktop/src/components/settings/AgentMcpPage.tsx(369,13): error TS7026: JSX element implicitly has type 'any' because no interface 'JSX.IntrinsicElements' exists.
vendor/pi-desktop/apps/desktop/src/components/settings/AgentMcpPage.tsx(395,5): error TS7016: Could not find a declaration file for module 'react/jsx-runtime'. 'C:/cm-plan-next-20260910/vendor/pi-desktop/node_modules/.pnpm/react@19.2.8/node_modules/react/jsx-runtime.js' implicitly has an 'any' type.
  Try `npm i --save-dev @types/react` if it exists or add a new declaration (.d.ts) file containing `declare module 'react/jsx-runtime';`
vendor/pi-desktop/apps/desktop/src/components/settings/AgentMcpPage.tsx(460,39): error TS7006: Parameter 'server' implicitly has an 'any' type.
vendor/pi-desktop/apps/desktop/src/components/settings/AgentMcpPage.tsx(479,40): error TS7006: Parameter 'server' implicitly has an 'any' type.
vendor/pi-desktop/apps/desktop/src/components/settings/AgentMcpPage.tsx(490,43): error TS7006: Parameter 'current' implicitly has an 'any' type.
vendor/pi-desktop/apps/desktop/src/components/settings/AgentSkillsPage.tsx(1,67): error TS7016: Could not find a declaration file for module 'react'. 'C:/cm-plan-next-20260910/vendor/pi-desktop/node_modules/.pnpm/react@19.2.8/node_modules/react/index.js' implicitly has an 'any' type.
  Try `npm i --save-dev @types/react` if it exists or add a new declaration (.d.ts) file containing `declare module 'react';`
vendor/pi-desktop/apps/desktop/src/components/settings/AgentSkillsPage.tsx(293,21): error TS7006: Parameter 'project' implicitly has an 'any' type.
vendor/pi-desktop/apps/desktop/src/components/settings/AgentSkillsPage.tsx(330,9): error TS2322: Type '{ key: string; glyph: any; name: string; off: boolean; menuOpen: boolean; badges: any; description: string; actions: any; }' is not assignable to type '{ glyph: ReactNode; glyphState?: string | undefined; name: string; badges?: any; command?: string | undefined; description: string; meta?: any; actions: ReactNode; off?: boolean | undefined; menuOpen?: boolean | undefined; }'.
  Property 'key' does not exist on type '{ glyph: ReactNode; glyphState?: string | undefined; name: string; badges?: any; command?: string | undefined; description: string; meta?: any; actions: ReactNode; off?: boolean | undefined; menuOpen?: boolean | undefined; }'.
vendor/pi-desktop/apps/desktop/src/components/settings/AgentSkillsPage.tsx(337,13): error TS7026: JSX element implicitly has type 'any' because no interface 'JSX.IntrinsicElements' exists.
vendor/pi-desktop/apps/desktop/src/components/settings/AgentSkillsPage.tsx(341,13): error TS7026: JSX element implicitly has type 'any' because no interface 'JSX.IntrinsicElements' exists.
vendor/pi-desktop/apps/desktop/src/components/settings/AgentSkillsPage.tsx(343,15): error TS7026: JSX element implicitly has type 'any' because no interface 'JSX.IntrinsicElements' exists.
vendor/pi-desktop/apps/desktop/src/components/settings/AgentSkillsPage.tsx(343,80): error TS7026: JSX element implicitly has type 'any' because no interface 'JSX.IntrinsicElements' exists.
vendor/pi-desktop/apps/desktop/src/components/settings/AgentSkillsPage.tsx(350,13): error TS7026: JSX element implicitly has type 'any' because no interface 'JSX.IntrinsicElements' exists.
vendor/pi-desktop/apps/desktop/src/components/settings/AgentSkillsPage.tsx(359,13): error TS7026: JSX element implicitly has type 'any' because no interface 'JSX.IntrinsicElements' exists.
vendor/pi-desktop/apps/desktop/src/components/settings/AgentSkillsPage.tsx(404,5): error TS7016: Could not find a declaration file for module 'react/jsx-runtime'. 'C:/cm-plan-next-20260910/vendor/pi-desktop/node_modules/.pnpm/react@19.2.8/node_modules/react/jsx-runtime.js' implicitly has an 'any' type.
  Try `npm i --save-dev @types/react` if it exists or add a new declaration (.d.ts) file containing `declare module 'react/jsx-runtime';`
vendor/pi-desktop/apps/desktop/src/components/settings/AgentSkillsPage.tsx(465,39): error TS7006: Parameter 'skill' implicitly has an 'any' type.
vendor/pi-desktop/apps/desktop/src/components/settings/AgentSkillsPage.tsx(485,40): error TS7006: Parameter 'skill' implicitly has an 'any' type.
vendor/pi-desktop/apps/desktop/src/components/settings/AgentSkillsPage.tsx(496,43): error TS7006: Parameter 'current' implicitly has an 'any' type.
vendor/pi-desktop/apps/desktop/src/components/settings/AgentSubagentsPage.tsx(1,67): error TS7016: Could not find a declaration file for module 'react'. 'C:/cm-plan-next-20260910/vendor/pi-desktop/node_modules/.pnpm/react@19.2.8/node_modules/react/index.js' implicitly has an 'any' type.
  Try `npm i --save-dev @types/react` if it exists or add a new declaration (.d.ts) file containing `declare module 'react';`
vendor/pi-desktop/apps/desktop/src/components/settings/AgentSubagentsPage.tsx(86,19): error TS7006: Parameter 'rows' implicitly has an 'any' type.
vendor/pi-desktop/apps/desktop/src/components/settings/AgentSubagentsPage.tsx(87,17): error TS7006: Parameter 'row' implicitly has an 'any' type.
vendor/pi-desktop/apps/desktop/src/components/settings/AgentSubagentsPage.tsx(98,21): error TS7006: Parameter 'rows' implicitly has an 'any' type.
vendor/pi-desktop/apps/desktop/src/components/settings/AgentSubagentsPage.tsx(99,19): error TS7006: Parameter 'row' implicitly has an 'any' type.
vendor/pi-desktop/apps/desktop/src/components/settings/AgentSubagentsPage.tsx(184,25): error TS7006: Parameter 'subagent' implicitly has an 'any' type.
vendor/pi-desktop/apps/desktop/src/components/settings/AgentSubagentsPage.tsx(225,9): error TS2322: Type '{ key: string; glyph: any; name: string; off: boolean; menuOpen: boolean; badges: any; description: string; meta: any; actions: any; }' is not assignable to type '{ glyph: ReactNode; glyphState?: string | undefined; name: string; badges?: any; command?: string | undefined; description: string; meta?: any; actions: ReactNode; off?: boolean | undefined; menuOpen?: boolean | undefined; }'.
  Property 'key' does not exist on type '{ glyph: ReactNode; glyphState?: string | undefined; name: string; badges?: any; command?: string | undefined; description: string; meta?: any; actions: ReactNode; off?: boolean | undefined; menuOpen?: boolean | undefined; }'.
vendor/pi-desktop/apps/desktop/src/components/settings/AgentSubagentsPage.tsx(230,17): error TS7026: JSX element implicitly has type 'any' because no interface 'JSX.IntrinsicElements' exists.
vendor/pi-desktop/apps/desktop/src/components/settings/AgentSubagentsPage.tsx(230,84): error TS7026: JSX element implicitly has type 'any' because no interface 'JSX.IntrinsicElements' exists.
vendor/pi-desktop/apps/desktop/src/components/settings/AgentSubagentsPage.tsx(236,17): error TS7026: JSX element implicitly has type 'any' because no interface 'JSX.IntrinsicElements' exists.
vendor/pi-desktop/apps/desktop/src/components/settings/AgentSubagentsPage.tsx(236,40): error TS7026: JSX element implicitly has type 'any' because no interface 'JSX.IntrinsicElements' exists.
vendor/pi-desktop/apps/desktop/src/components/settings/AgentSubagentsPage.tsx(243,13): error TS7026: JSX element implicitly has type 'any' because no interface 'JSX.IntrinsicElements' exists.
vendor/pi-desktop/apps/desktop/src/components/settings/AgentSubagentsPage.tsx(252,13): error TS7026: JSX element implicitly has type 'any' because no interface 'JSX.IntrinsicElements' exists.
vendor/pi-desktop/apps/desktop/src/components/settings/AgentSubagentsPage.tsx(276,5): error TS7016: Could not find a declaration file for module 'react/jsx-runtime'. 'C:/cm-plan-next-20260910/vendor/pi-desktop/node_modules/.pnpm/react@19.2.8/node_modules/react/jsx-runtime.js' implicitly has an 'any' type.
  Try `npm i --save-dev @types/react` if it exists or add a new declaration (.d.ts) file containing `declare module 'react/jsx-runtime';`
vendor/pi-desktop/apps/desktop/src/components/settings/AgentSubagentsPage.tsx(328,43): error TS7006: Parameter 'current' implicitly has an 'any' type.
vendor/pi-desktop/apps/desktop/src/components/settings/AnchoredMenu.tsx(21,8): error TS7016: Could not find a declaration file for module 'react'. 'C:/cm-plan-next-20260910/vendor/pi-desktop/node_modules/.pnpm/react@19.2.8/node_modules/react/index.js' implicitly has an 'any' type.
  Try `npm i --save-dev @types/react` if it exists or add a new declaration (.d.ts) file containing `declare module 'react';`
vendor/pi-desktop/apps/desktop/src/components/settings/AnchoredMenu.tsx(22,30): error TS7016: Could not find a declaration file for module 'react-dom'. 'C:/cm-plan-next-20260910/vendor/pi-desktop/node_modules/.pnpm/react-dom@19.2.8_react@19.2.8/node_modules/react-dom/index.js' implicitly has an 'any' type.
  Try `npm i --save-dev @types/react-dom` if it exists or add a new declaration (.d.ts) file containing `declare module 'react-dom';`
vendor/pi-desktop/apps/desktop/src/components/settings/AnchoredMenu.tsx(31,18): error TS2503: Cannot find namespace 'React'.
vendor/pi-desktop/apps/desktop/src/components/settings/AnchoredMenu.tsx(140,18): error TS7006: Parameter 'previous' implicitly has an 'any' type.
vendor/pi-desktop/apps/desktop/src/components/settings/AnchoredMenu.tsx(197,5): error TS7026: JSX element implicitly has type 'any' because no interface 'JSX.IntrinsicElements' exists.
vendor/pi-desktop/apps/desktop/src/components/settings/AnchoredMenu.tsx(197,5): error TS7016: Could not find a declaration file for module 'react/jsx-runtime'. 'C:/cm-plan-next-20260910/vendor/pi-desktop/node_modules/.pnpm/react@19.2.8/node_modules/react/jsx-runtime.js' implicitly has an 'any' type.
  Try `npm i --save-dev @types/react` if it exists or add a new declaration (.d.ts) file containing `declare module 'react/jsx-runtime';`
vendor/pi-desktop/apps/desktop/src/components/settings/AnchoredMenu.tsx(201,13): error TS7026: JSX element implicitly has type 'any' because no interface 'JSX.IntrinsicElements' exists.
vendor/pi-desktop/apps/desktop/src/components/settings/AnchoredMenu.tsx(213,13): error TS7026: JSX element implicitly has type 'any' because no interface 'JSX.IntrinsicElements' exists.
vendor/pi-desktop/apps/desktop/src/components/settings/AnchoredMenu.tsx(217,5): error TS7026: JSX element implicitly has type 'any' because no interface 'JSX.IntrinsicElements' exists.
vendor/pi-desktop/apps/desktop/src/components/settings/FontFamilyRow.tsx(8,8): error TS7016: Could not find a declaration file for module 'react'. 'C:/cm-plan-next-20260910/vendor/pi-desktop/node_modules/.pnpm/react@19.2.8/node_modules/react/index.js' implicitly has an 'any' type.
  Try `npm i --save-dev @types/react` if it exists or add a new declaration (.d.ts) file containing `declare module 'react';`
vendor/pi-desktop/apps/desktop/src/components/settings/FontFamilyRow.tsx(9,30): error TS7016: Could not find a declaration file for module 'react-dom'. 'C:/cm-plan-next-20260910/vendor/pi-desktop/node_modules/.pnpm/react-dom@19.2.8_react@19.2.8/node_modules/react-dom/index.js' implicitly has an 'any' type.
  Try `npm i --save-dev @types/react-dom` if it exists or add a new declaration (.d.ts) file containing `declare module 'react-dom';`
vendor/pi-desktop/apps/desktop/src/components/settings/FontFamilyRow.tsx(142,22): error TS7006: Parameter 'previous' implicitly has an 'any' type.
vendor/pi-desktop/apps/desktop/src/components/settings/FontFamilyRow.tsx(155,19): error TS7006: Parameter 'option' implicitly has an 'any' type.
vendor/pi-desktop/apps/desktop/src/components/settings/FontFamilyRow.tsx(163,28): error TS7006: Parameter 'option' implicitly has an 'any' type.
vendor/pi-desktop/apps/desktop/src/components/settings/FontFamilyRow.tsx(209,39): error TS7006: Parameter 'option' implicitly has an 'any' type.
vendor/pi-desktop/apps/desktop/src/components/settings/FontFamilyRow.tsx(272,29): error TS2503: Cannot find namespace 'React'.
vendor/pi-desktop/apps/desktop/src/components/settings/FontFamilyRow.tsx(278,21): error TS7006: Parameter 'current' implicitly has an 'any' type.
vendor/pi-desktop/apps/desktop/src/components/settings/FontFamilyRow.tsx(294,5): error TS7026: JSX element implicitly has type 'any' because no interface 'JSX.IntrinsicElements' exists.
vendor/pi-desktop/apps/desktop/src/components/settings/FontFamilyRow.tsx(294,5): error TS7016: Could not find a declaration file for module 'react/jsx-runtime'. 'C:/cm-plan-next-20260910/vendor/pi-desktop/node_modules/.pnpm/react@19.2.8/node_modules/react/jsx-runtime.js' implicitly has an 'any' type.
  Try `npm i --save-dev @types/react` if it exists or add a new declaration (.d.ts) file containing `declare module 'react/jsx-runtime';`
vendor/pi-desktop/apps/desktop/src/components/settings/FontFamilyRow.tsx(295,7): error TS7026: JSX element implicitly has type 'any' because no interface 'JSX.IntrinsicElements' exists.
vendor/pi-desktop/apps/desktop/src/components/settings/FontFamilyRow.tsx(296,9): error TS7026: JSX element implicitly has type 'any' because no interface 'JSX.IntrinsicElements' exists.
vendor/pi-desktop/apps/desktop/src/components/settings/FontFamilyRow.tsx(296,65): error TS7026: JSX element implicitly has type 'any' because no interface 'JSX.IntrinsicElements' exists.
vendor/pi-desktop/apps/desktop/src/components/settings/FontFamilyRow.tsx(297,9): error TS7026: JSX element implicitly has type 'any' because no interface 'JSX.IntrinsicElements' exists.
vendor/pi-desktop/apps/desktop/src/components/settings/FontFamilyRow.tsx(297,68): error TS7026: JSX element implicitly has type 'any' because no interface 'JSX.IntrinsicElements' exists.
vendor/pi-desktop/apps/desktop/src/components/settings/FontFamilyRow.tsx(298,7): error TS7026: JSX element implicitly has type 'any' because no interface 'JSX.IntrinsicElements' exists.
vendor/pi-desktop/apps/desktop/src/components/settings/FontFamilyRow.tsx(299,7): error TS7026: JSX element implicitly has type 'any' because no interface 'JSX.IntrinsicElements' exists.
vendor/pi-desktop/apps/desktop/src/components/settings/FontFamilyRow.tsx(300,9): error TS7026: JSX element implicitly has type 'any' because no interface 'JSX.IntrinsicElements' exists.
vendor/pi-desktop/apps/desktop/src/components/settings/FontFamilyRow.tsx(301,11): error TS7026: JSX element implicitly has type 'any' because no interface 'JSX.IntrinsicElements' exists.
vendor/pi-desktop/apps/desktop/src/components/settings/FontFamilyRow.tsx(307,37): error TS7006: Parameter 'value' implicitly has an 'any' type.
vendor/pi-desktop/apps/desktop/src/components/settings/FontFamilyRow.tsx(309,13): error TS7026: JSX element implicitly has type 'any' because no interface 'JSX.IntrinsicElements' exists.
vendor/pi-desktop/apps/desktop/src/components/settings/FontFamilyRow.tsx(311,13): error TS7026: JSX element implicitly has type 'any' because no interface 'JSX.IntrinsicElements' exists.
vendor/pi-desktop/apps/desktop/src/components/settings/FontFamilyRow.tsx(313,11): error TS7026: JSX element implicitly has type 'any' because no interface 'JSX.IntrinsicElements' exists.
vendor/pi-desktop/apps/desktop/src/components/settings/FontFamilyRow.tsx(317,15): error TS7026: JSX element implicitly has type 'any' because no interface 'JSX.IntrinsicElements' exists.
vendor/pi-desktop/apps/desktop/src/components/settings/FontFamilyRow.tsx(334,17): error TS7026: JSX element implicitly has type 'any' because no interface 'JSX.IntrinsicElements' exists.
vendor/pi-desktop/apps/desktop/src/components/settings/FontFamilyRow.tsx(336,19): error TS7026: JSX element implicitly has type 'any' because no interface 'JSX.IntrinsicElements' exists.
vendor/pi-desktop/apps/desktop/src/components/settings/FontFamilyRow.tsx(344,32): error TS7006: Parameter 'event' implicitly has an 'any' type.
vendor/pi-desktop/apps/desktop/src/components/settings/FontFamilyRow.tsx(346,17): error TS7026: JSX element implicitly has type 'any' because no interface 'JSX.IntrinsicElements' exists.
vendor/pi-desktop/apps/desktop/src/components/settings/FontFamilyRow.tsx(348,19): error TS7026: JSX element implicitly has type 'any' because no interface 'JSX.IntrinsicElements' exists.
vendor/pi-desktop/apps/desktop/src/components/settings/FontFamilyRow.tsx(350,19): error TS7026: JSX element implicitly has type 'any' because no interface 'JSX.IntrinsicElements' exists.
vendor/pi-desktop/apps/desktop/src/components/settings/FontFamilyRow.tsx(352,19): error TS7026: JSX element implicitly has type 'any' because no interface 'JSX.IntrinsicElements' exists.
vendor/pi-desktop/apps/desktop/src/components/settings/FontFamilyRow.tsx(354,19): error TS7026: JSX element implicitly has type 'any' because no interface 'JSX.IntrinsicElements' exists.
vendor/pi-desktop/apps/desktop/src/components/settings/FontFamilyRow.tsx(356,19): error TS7026: JSX element implicitly has type 'any' because no interface 'JSX.IntrinsicElements' exists.
vendor/pi-desktop/apps/desktop/src/components/settings/FontFamilyRow.tsx(361,21): error TS7026: JSX element implicitly has type 'any' because no interface 'JSX.IntrinsicElements' exists.
vendor/pi-desktop/apps/desktop/src/components/settings/FontFamilyRow.tsx(365,59): error TS7006: Parameter 'row' implicitly has an 'any' type.
vendor/pi-desktop/apps/desktop/src/components/settings/FontFamilyRow.tsx(367,27): error TS7026: JSX element implicitly has type 'any' because no interface 'JSX.IntrinsicElements' exists.
vendor/pi-desktop/apps/desktop/src/components/settings/FontFamilyRow.tsx(379,27): error TS7026: JSX element implicitly has type 'any' because no interface 'JSX.IntrinsicElements' exists.
vendor/pi-desktop/apps/desktop/src/components/settings/FontFamilyRow.tsx(381,27): error TS7026: JSX element implicitly has type 'any' because no interface 'JSX.IntrinsicElements' exists.
vendor/pi-desktop/apps/desktop/src/components/settings/FontFamilyRow.tsx(403,29): error TS7026: JSX element implicitly has type 'any' because no interface 'JSX.IntrinsicElements' exists.
vendor/pi-desktop/apps/desktop/src/components/settings/FontFamilyRow.tsx(407,29): error TS7026: JSX element implicitly has type 'any' because no interface 'JSX.IntrinsicElements' exists.
vendor/pi-desktop/apps/desktop/src/components/settings/FontFamilyRow.tsx(409,31): error TS7026: JSX element implicitly has type 'any' because no interface 'JSX.IntrinsicElements' exists.
vendor/pi-desktop/apps/desktop/src/components/settings/FontFamilyRow.tsx(411,31): error TS7026: JSX element implicitly has type 'any' because no interface 'JSX.IntrinsicElements' exists.
vendor/pi-desktop/apps/desktop/src/components/settings/FontFamilyRow.tsx(416,33): error TS2322: Type '{ size: number; className: string; }' is not assignable to type 'LucideProps'.
  Property 'className' does not exist on type 'LucideProps'.
vendor/pi-desktop/apps/desktop/src/components/settings/FontFamilyRow.tsx(419,27): error TS7026: JSX element implicitly has type 'any' because no interface 'JSX.IntrinsicElements' exists.
vendor/pi-desktop/apps/desktop/src/components/settings/FontFamilyRow.tsx(422,21): error TS7026: JSX element implicitly has type 'any' because no interface 'JSX.IntrinsicElements' exists.
vendor/pi-desktop/apps/desktop/src/components/settings/FontFamilyRow.tsx(423,19): error TS7026: JSX element implicitly has type 'any' because no interface 'JSX.IntrinsicElements' exists.
vendor/pi-desktop/apps/desktop/src/components/settings/FontFamilyRow.tsx(425,15): error TS7026: JSX element implicitly has type 'any' because no interface 'JSX.IntrinsicElements' exists.
vendor/pi-desktop/apps/desktop/src/components/settings/FontFamilyRow.tsx(428,9): error TS7026: JSX element implicitly has type 'any' because no interface 'JSX.IntrinsicElements' exists.
vendor/pi-desktop/apps/desktop/src/components/settings/FontFamilyRow.tsx(429,7): error TS7026: JSX element implicitly has type 'any' because no interface 'JSX.IntrinsicElements' exists.
vendor/pi-desktop/apps/desktop/src/components/settings/FontFamilyRow.tsx(430,5): error TS7026: JSX element implicitly has type 'any' because no interface 'JSX.IntrinsicElements' exists.
vendor/pi-desktop/apps/desktop/src/components/settings/FontSizeRow.tsx(41,5): error TS7026: JSX element implicitly has type 'any' because no interface 'JSX.IntrinsicElements' exists.
vendor/pi-desktop/apps/desktop/src/components/settings/FontSizeRow.tsx(41,5): error TS7016: Could not find a declaration file for module 'react/jsx-runtime'. 'C:/cm-plan-next-20260910/vendor/pi-desktop/node_modules/.pnpm/react@19.2.8/node_modules/react/jsx-runtime.js' implicitly has an 'any' type.
  Try `npm i --save-dev @types/react` if it exists or add a new declaration (.d.ts) file containing `declare module 'react/jsx-runtime';`
vendor/pi-desktop/apps/desktop/src/components/settings/FontSizeRow.tsx(42,7): error TS7026: JSX element implicitly has type 'any' because no interface 'JSX.IntrinsicElements' exists.
vendor/pi-desktop/apps/desktop/src/components/settings/FontSizeRow.tsx(43,9): error TS7026: JSX element implicitly has type 'any' because no interface 'JSX.IntrinsicElements' exists.
vendor/pi-desktop/apps/desktop/src/components/settings/FontSizeRow.tsx(43,69): error TS7026: JSX element implicitly has type 'any' because no interface 'JSX.IntrinsicElements' exists.
vendor/pi-desktop/apps/desktop/src/components/settings/FontSizeRow.tsx(44,9): error TS7026: JSX element implicitly has type 'any' because no interface 'JSX.IntrinsicElements' exists.
vendor/pi-desktop/apps/desktop/src/components/settings/FontSizeRow.tsx(44,72): error TS7026: JSX element implicitly has type 'any' because no interface 'JSX.IntrinsicElements' exists.
vendor/pi-desktop/apps/desktop/src/components/settings/FontSizeRow.tsx(45,7): error TS7026: JSX element implicitly has type 'any' because no interface 'JSX.IntrinsicElements' exists.
vendor/pi-desktop/apps/desktop/src/components/settings/FontSizeRow.tsx(46,7): error TS7026: JSX element implicitly has type 'any' because no interface 'JSX.IntrinsicElements' exists.
vendor/pi-desktop/apps/desktop/src/components/settings/FontSizeRow.tsx(47,9): error TS7026: JSX element implicitly has type 'any' because no interface 'JSX.IntrinsicElements' exists.
vendor/pi-desktop/apps/desktop/src/components/settings/FontSizeRow.tsx(48,11): error TS7026: JSX element implicitly has type 'any' because no interface 'JSX.IntrinsicElements' exists.
vendor/pi-desktop/apps/desktop/src/components/settings/FontSizeRow.tsx(54,15): error TS7026: JSX element implicitly has type 'any' because no interface 'JSX.IntrinsicElements' exists.
vendor/pi-desktop/apps/desktop/src/components/settings/FontSizeRow.tsx(66,15): error TS7026: JSX element implicitly has type 'any' because no interface 'JSX.IntrinsicElements' exists.
vendor/pi-desktop/apps/desktop/src/components/settings/FontSizeRow.tsx(68,11): error TS7026: JSX element implicitly has type 'any' because no interface 'JSX.IntrinsicElements' exists.
vendor/pi-desktop/apps/desktop/src/components/settings/FontSizeRow.tsx(69,11): error TS7026: JSX element implicitly has type 'any' because no interface 'JSX.IntrinsicElements' exists.
vendor/pi-desktop/apps/desktop/src/components/settings/FontSizeRow.tsx(70,13): error TS7026: JSX element implicitly has type 'any' because no interface 'JSX.IntrinsicElements' exists.
vendor/pi-desktop/apps/desktop/src/components/settings/FontSizeRow.tsx(80,26): error TS7006: Parameter 'event' implicitly has an 'any' type.
vendor/pi-desktop/apps/desktop/src/components/settings/FontSizeRow.tsx(82,13): error TS7026: JSX element implicitly has type 'any' because no interface 'JSX.IntrinsicElements' exists.
vendor/pi-desktop/apps/desktop/src/components/settings/FontSizeRow.tsx(86,13): error TS7026: JSX element implicitly has type 'any' because no interface 'JSX.IntrinsicElements' exists.
vendor/pi-desktop/apps/desktop/src/components/settings/FontSizeRow.tsx(87,11): error TS7026: JSX element implicitly has type 'any' because no interface 'JSX.IntrinsicElements' exists.
vendor/pi-desktop/apps/desktop/src/components/settings/FontSizeRow.tsx(88,9): error TS7026: JSX element implicitly has type 'any' because no interface 'JSX.IntrinsicElements' exists.
vendor/pi-desktop/apps/desktop/src/components/settings/FontSizeRow.tsx(89,7): error TS7026: JSX element implicitly has type 'any' because no interface 'JSX.IntrinsicElements' exists.
vendor/pi-desktop/apps/desktop/src/components/settings/FontSizeRow.tsx(90,5): error TS7026: JSX element implicitly has type 'any' because no interface 'JSX.IntrinsicElements' exists.
vendor/pi-desktop/apps/desktop/src/components/settings/KeyboardShortcutsSection.tsx(1,77): error TS7016: Could not find a declaration file for module 'react'. 'C:/cm-plan-next-20260910/vendor/pi-desktop/node_modules/.pnpm/react@19.2.8/node_modules/react/index.js' implicitly has an 'any' type.
  Try `npm i --save-dev @types/react` if it exists or add a new declaration (.d.ts) file containing `declare module 'react';`
vendor/pi-desktop/apps/desktop/src/components/settings/KeyboardShortcutsSection.tsx(47,7): error TS7026: JSX element implicitly has type 'any' because no interface 'JSX.IntrinsicElements' exists.
vendor/pi-desktop/apps/desktop/src/components/settings/KeyboardShortcutsSection.tsx(47,7): error TS7016: Could not find a declaration file for module 'react/jsx-runtime'. 'C:/cm-plan-next-20260910/vendor/pi-desktop/node_modules/.pnpm/react@19.2.8/node_modules/react/jsx-runtime.js' implicitly has an 'any' type.
  Try `npm i --save-dev @types/react` if it exists or add a new declaration (.d.ts) file containing `declare module 'react/jsx-runtime';`
vendor/pi-desktop/apps/desktop/src/components/settings/KeyboardShortcutsSection.tsx(49,7): error TS7026: JSX element implicitly has type 'any' because no interface 'JSX.IntrinsicElements' exists.
vendor/pi-desktop/apps/desktop/src/components/settings/KeyboardShortcutsSection.tsx(54,5): error TS7026: JSX element implicitly has type 'any' because no interface 'JSX.IntrinsicElements' exists.
vendor/pi-desktop/apps/desktop/src/components/settings/KeyboardShortcutsSection.tsx(56,9): error TS7026: JSX element implicitly has type 'any' because no interface 'JSX.IntrinsicElements' exists.
vendor/pi-desktop/apps/desktop/src/components/settings/KeyboardShortcutsSection.tsx(57,24): error TS7026: JSX element implicitly has type 'any' because no interface 'JSX.IntrinsicElements' exists.
vendor/pi-desktop/apps/desktop/src/components/settings/KeyboardShortcutsSection.tsx(57,61): error TS7026: JSX element implicitly has type 'any' because no interface 'JSX.IntrinsicElements' exists.
vendor/pi-desktop/apps/desktop/src/components/settings/KeyboardShortcutsSection.tsx(58,11): error TS7026: JSX element implicitly has type 'any' because no interface 'JSX.IntrinsicElements' exists.
vendor/pi-desktop/apps/desktop/src/components/settings/KeyboardShortcutsSection.tsx(58,22): error TS7026: JSX element implicitly has type 'any' because no interface 'JSX.IntrinsicElements' exists.
vendor/pi-desktop/apps/desktop/src/components/settings/KeyboardShortcutsSection.tsx(59,9): error TS7026: JSX element implicitly has type 'any' because no interface 'JSX.IntrinsicElements' exists.
vendor/pi-desktop/apps/desktop/src/components/settings/KeyboardShortcutsSection.tsx(61,5): error TS7026: JSX element implicitly has type 'any' because no interface 'JSX.IntrinsicElements' exists.
vendor/pi-desktop/apps/desktop/src/components/settings/KeyboardShortcutsSection.tsx(155,5): error TS7026: JSX element implicitly has type 'any' because no interface 'JSX.IntrinsicElements' exists.
vendor/pi-desktop/apps/desktop/src/components/settings/KeyboardShortcutsSection.tsx(156,7): error TS7026: JSX element implicitly has type 'any' because no interface 'JSX.IntrinsicElements' exists.
vendor/pi-desktop/apps/desktop/src/components/settings/KeyboardShortcutsSection.tsx(157,9): error TS7026: JSX element implicitly has type 'any' because no interface 'JSX.IntrinsicElements' exists.
vendor/pi-desktop/apps/desktop/src/components/settings/KeyboardShortcutsSection.tsx(158,11): error TS7026: JSX element implicitly has type 'any' because no interface 'JSX.IntrinsicElements' exists.
vendor/pi-desktop/apps/desktop/src/components/settings/KeyboardShortcutsSection.tsx(158,73): error TS7026: JSX element implicitly has type 'any' because no interface 'JSX.IntrinsicElements' exists.
vendor/pi-desktop/apps/desktop/src/components/settings/KeyboardShortcutsSection.tsx(159,11): error TS7026: JSX element implicitly has type 'any' because no interface 'JSX.IntrinsicElements' exists.
vendor/pi-desktop/apps/desktop/src/components/settings/KeyboardShortcutsSection.tsx(159,87): error TS7026: JSX element implicitly has type 'any' because no interface 'JSX.IntrinsicElements' exists.
vendor/pi-desktop/apps/desktop/src/components/settings/KeyboardShortcutsSection.tsx(160,9): error TS7026: JSX element implicitly has type 'any' because no interface 'JSX.IntrinsicElements' exists.
vendor/pi-desktop/apps/desktop/src/components/settings/KeyboardShortcutsSection.tsx(161,9): error TS7026: JSX element implicitly has type 'any' because no interface 'JSX.IntrinsicElements' exists.
vendor/pi-desktop/apps/desktop/src/components/settings/KeyboardShortcutsSection.tsx(172,11): error TS7026: JSX element implicitly has type 'any' because no interface 'JSX.IntrinsicElements' exists.
vendor/pi-desktop/apps/desktop/src/components/settings/KeyboardShortcutsSection.tsx(172,49): error TS7026: JSX element implicitly has type 'any' because no interface 'JSX.IntrinsicElements' exists.
vendor/pi-desktop/apps/desktop/src/components/settings/KeyboardShortcutsSection.tsx(173,9): error TS7026: JSX element implicitly has type 'any' because no interface 'JSX.IntrinsicElements' exists.
vendor/pi-desktop/apps/desktop/src/components/settings/KeyboardShortcutsSection.tsx(174,7): error TS7026: JSX element implicitly has type 'any' because no interface 'JSX.IntrinsicElements' exists.
vendor/pi-desktop/apps/desktop/src/components/settings/KeyboardShortcutsSection.tsx(175,7): error TS7026: JSX element implicitly has type 'any' because no interface 'JSX.IntrinsicElements' exists.
vendor/pi-desktop/apps/desktop/src/components/settings/KeyboardShortcutsSection.tsx(176,24): error TS7031: Binding element 'group' implicitly has an 'any' type.
vendor/pi-desktop/apps/desktop/src/components/settings/KeyboardShortcutsSection.tsx(176,31): error TS7031: Binding element 'shortcuts' implicitly has an 'any' type.
vendor/pi-desktop/apps/desktop/src/components/settings/KeyboardShortcutsSection.tsx(177,11): error TS7026: JSX element implicitly has type 'any' because no interface 'JSX.IntrinsicElements' exists.
vendor/pi-desktop/apps/desktop/src/components/settings/KeyboardShortcutsSection.tsx(178,13): error TS7026: JSX element implicitly has type 'any' because no interface 'JSX.IntrinsicElements' exists.
vendor/pi-desktop/apps/desktop/src/components/settings/KeyboardShortcutsSection.tsx(180,13): error TS7026: JSX element implicitly has type 'any' because no interface 'JSX.IntrinsicElements' exists.
vendor/pi-desktop/apps/desktop/src/components/settings/KeyboardShortcutsSection.tsx(181,29): error TS7006: Parameter 'shortcut' implicitly has an 'any' type.
vendor/pi-desktop/apps/desktop/src/components/settings/KeyboardShortcutsSection.tsx(187,46): error TS7053: Element implicitly has an 'any' type because expression of type 'any' can't be used to index type 'Partial<Record<"zoomIn" | "zoomOut" | "resetZoom" | "toggleFullScreen" | "newTask" | "openProject" | "openSettings" | "openSearch" | "openCommandPalette" | "toggleSidebar" | "abort" | ... 4 more ... | "closeWindow", string | null>>'.
vendor/pi-desktop/apps/desktop/src/components/settings/KeyboardShortcutsSection.tsx(191,17): error TS7026: JSX element implicitly has type 'any' because no interface 'JSX.IntrinsicElements' exists.
vendor/pi-desktop/apps/desktop/src/components/settings/KeyboardShortcutsSection.tsx(192,19): error TS7026: JSX element implicitly has type 'any' because no interface 'JSX.IntrinsicElements' exists.
vendor/pi-desktop/apps/desktop/src/components/settings/KeyboardShortcutsSection.tsx(193,21): error TS7026: JSX element implicitly has type 'any' because no interface 'JSX.IntrinsicElements' exists.
vendor/pi-desktop/apps/desktop/src/components/settings/KeyboardShortcutsSection.tsx(195,21): error TS7026: JSX element implicitly has type 'any' because no interface 'JSX.IntrinsicElements' exists.
vendor/pi-desktop/apps/desktop/src/components/settings/KeyboardShortcutsSection.tsx(197,23): error TS7026: JSX element implicitly has type 'any' because no interface 'JSX.IntrinsicElements' exists.
vendor/pi-desktop/apps/desktop/src/components/settings/KeyboardShortcutsSection.tsx(199,23): error TS7026: JSX element implicitly has type 'any' because no interface 'JSX.IntrinsicElements' exists.
vendor/pi-desktop/apps/desktop/src/components/settings/KeyboardShortcutsSection.tsx(201,19): error TS7026: JSX element implicitly has type 'any' because no interface 'JSX.IntrinsicElements' exists.
vendor/pi-desktop/apps/desktop/src/components/settings/KeyboardShortcutsSection.tsx(202,19): error TS7026: JSX element implicitly has type 'any' because no interface 'JSX.IntrinsicElements' exists.
vendor/pi-desktop/apps/desktop/src/components/settings/KeyboardShortcutsSection.tsx(203,21): error TS7026: JSX element implicitly has type 'any' because no interface 'JSX.IntrinsicElements' exists.
vendor/pi-desktop/apps/desktop/src/components/settings/KeyboardShortcutsSection.tsx(215,53): error TS7006: Parameter 'current' implicitly has an 'any' type.
vendor/pi-desktop/apps/desktop/src/components/settings/KeyboardShortcutsSection.tsx(220,30): error TS7006: Parameter 'event' implicitly has an 'any' type.
vendor/pi-desktop/apps/desktop/src/components/settings/KeyboardShortcutsSection.tsx(225,25): error TS7026: JSX element implicitly has type 'any' because no interface 'JSX.IntrinsicElements' exists.
vendor/pi-desktop/apps/desktop/src/components/settings/KeyboardShortcutsSection.tsx(227,25): error TS7026: JSX element implicitly has type 'any' because no interface 'JSX.IntrinsicElements' exists.
vendor/pi-desktop/apps/desktop/src/components/settings/KeyboardShortcutsSection.tsx(235,21): error TS7026: JSX element implicitly has type 'any' because no interface 'JSX.IntrinsicElements' exists.
vendor/pi-desktop/apps/desktop/src/components/settings/KeyboardShortcutsSection.tsx(236,21): error TS7026: JSX element implicitly has type 'any' because no interface 'JSX.IntrinsicElements' exists.
vendor/pi-desktop/apps/desktop/src/components/settings/KeyboardShortcutsSection.tsx(249,21): error TS7026: JSX element implicitly has type 'any' because no interface 'JSX.IntrinsicElements' exists.
vendor/pi-desktop/apps/desktop/src/components/settings/KeyboardShortcutsSection.tsx(250,21): error TS7026: JSX element implicitly has type 'any' because no interface 'JSX.IntrinsicElements' exists.
vendor/pi-desktop/apps/desktop/src/components/settings/KeyboardShortcutsSection.tsx(263,21): error TS7026: JSX element implicitly has type 'any' because no interface 'JSX.IntrinsicElements' exists.
vendor/pi-desktop/apps/desktop/src/components/settings/KeyboardShortcutsSection.tsx(264,19): error TS7026: JSX element implicitly has type 'any' because no interface 'JSX.IntrinsicElements' exists.
vendor/pi-desktop/apps/desktop/src/components/settings/KeyboardShortcutsSection.tsx(265,17): error TS7026: JSX element implicitly has type 'any' because no interface 'JSX.IntrinsicElements' exists.
vendor/pi-desktop/apps/desktop/src/components/settings/KeyboardShortcutsSection.tsx(268,11): error TS7026: JSX element implicitly has type 'any' because no interface 'JSX.IntrinsicElements' exists.
vendor/pi-desktop/apps/desktop/src/components/settings/KeyboardShortcutsSection.tsx(270,7): error TS7026: JSX element implicitly has type 'any' because no interface 'JSX.IntrinsicElements' exists.
vendor/pi-desktop/apps/desktop/src/components/settings/KeyboardShortcutsSection.tsx(271,5): error TS7026: JSX element implicitly has type 'any' because no interface 'JSX.IntrinsicElements' exists.
vendor/pi-desktop/apps/desktop/src/components/settings/LanguageRow.tsx(9,54): error TS7016: Could not find a declaration file for module 'react'. 'C:/cm-plan-next-20260910/vendor/pi-desktop/node_modules/.pnpm/react@19.2.8/node_modules/react/index.js' implicitly has an 'any' type.
  Try `npm i --save-dev @types/react` if it exists or add a new declaration (.d.ts) file containing `declare module 'react';`
vendor/pi-desktop/apps/desktop/src/components/settings/LanguageRow.tsx(73,28): error TS7006: Parameter 'option' implicitly has an 'any' type.
vendor/pi-desktop/apps/desktop/src/components/settings/LanguageRow.tsx(76,49): error TS7006: Parameter 'option' implicitly has an 'any' type.
vendor/pi-desktop/apps/desktop/src/components/settings/LanguageRow.tsx(79,18): error TS7006: Parameter 'current' implicitly has an 'any' type.
vendor/pi-desktop/apps/desktop/src/components/settings/LanguageRow.tsx(89,34): error TS7006: Parameter 'option' implicitly has an 'any' type.
vendor/pi-desktop/apps/desktop/src/components/settings/LanguageRow.tsx(119,5): error TS7026: JSX element implicitly has type 'any' because no interface 'JSX.IntrinsicElements' exists.
vendor/pi-desktop/apps/desktop/src/components/settings/LanguageRow.tsx(119,5): error TS7016: Could not find a declaration file for module 'react/jsx-runtime'. 'C:/cm-plan-next-20260910/vendor/pi-desktop/node_modules/.pnpm/react@19.2.8/node_modules/react/jsx-runtime.js' implicitly has an 'any' type.
  Try `npm i --save-dev @types/react` if it exists or add a new declaration (.d.ts) file containing `declare module 'react/jsx-runtime';`
vendor/pi-desktop/apps/desktop/src/components/settings/LanguageRow.tsx(120,7): error TS7026: JSX element implicitly has type 'any' because no interface 'JSX.IntrinsicElements' exists.
vendor/pi-desktop/apps/desktop/src/components/settings/LanguageRow.tsx(121,9): error TS7026: JSX element implicitly has type 'any' because no interface 'JSX.IntrinsicElements' exists.
vendor/pi-desktop/apps/desktop/src/components/settings/LanguageRow.tsx(121,69): error TS7026: JSX element implicitly has type 'any' because no interface 'JSX.IntrinsicElements' exists.
vendor/pi-desktop/apps/desktop/src/components/settings/LanguageRow.tsx(122,9): error TS7026: JSX element implicitly has type 'any' because no interface 'JSX.IntrinsicElements' exists.
vendor/pi-desktop/apps/desktop/src/components/settings/LanguageRow.tsx(122,72): error TS7026: JSX element implicitly has type 'any' because no interface 'JSX.IntrinsicElements' exists.
vendor/pi-desktop/apps/desktop/src/components/settings/LanguageRow.tsx(123,7): error TS7026: JSX element implicitly has type 'any' because no interface 'JSX.IntrinsicElements' exists.
vendor/pi-desktop/apps/desktop/src/components/settings/LanguageRow.tsx(124,7): error TS7026: JSX element implicitly has type 'any' because no interface 'JSX.IntrinsicElements' exists.
vendor/pi-desktop/apps/desktop/src/components/settings/LanguageRow.tsx(134,13): error TS7026: JSX element implicitly has type 'any' because no interface 'JSX.IntrinsicElements' exists.
vendor/pi-desktop/apps/desktop/src/components/settings/LanguageRow.tsx(144,26): error TS7006: Parameter 'current' implicitly has an 'any' type.
vendor/pi-desktop/apps/desktop/src/components/settings/LanguageRow.tsx(147,15): error TS7026: JSX element implicitly has type 'any' because no interface 'JSX.IntrinsicElements' exists.
vendor/pi-desktop/apps/desktop/src/components/settings/LanguageRow.tsx(147,79): error TS7026: JSX element implicitly has type 'any' because no interface 'JSX.IntrinsicElements' exists.
vendor/pi-desktop/apps/desktop/src/components/settings/LanguageRow.tsx(149,13): error TS7026: JSX element implicitly has type 'any' because no interface 'JSX.IntrinsicElements' exists.
vendor/pi-desktop/apps/desktop/src/components/settings/LanguageRow.tsx(152,11): error TS7026: JSX element implicitly has type 'any' because no interface 'JSX.IntrinsicElements' exists.
vendor/pi-desktop/apps/desktop/src/components/settings/LanguageRow.tsx(154,13): error TS7026: JSX element implicitly has type 'any' because no interface 'JSX.IntrinsicElements' exists.
vendor/pi-desktop/apps/desktop/src/components/settings/LanguageRow.tsx(163,26): error TS7006: Parameter 'event' implicitly has an 'any' type.
vendor/pi-desktop/apps/desktop/src/components/settings/LanguageRow.tsx(164,27): error TS7006: Parameter 'event' implicitly has an 'any' type.
vendor/pi-desktop/apps/desktop/src/components/settings/LanguageRow.tsx(177,11): error TS7026: JSX element implicitly has type 'any' because no interface 'JSX.IntrinsicElements' exists.
vendor/pi-desktop/apps/desktop/src/components/settings/LanguageRow.tsx(178,11): error TS7026: JSX element implicitly has type 'any' because no interface 'JSX.IntrinsicElements' exists.
vendor/pi-desktop/apps/desktop/src/components/settings/LanguageRow.tsx(180,15): error TS7026: JSX element implicitly has type 'any' because no interface 'JSX.IntrinsicElements' exists.
vendor/pi-desktop/apps/desktop/src/components/settings/LanguageRow.tsx(180,81): error TS7026: JSX element implicitly has type 'any' because no interface 'JSX.IntrinsicElements' exists.
vendor/pi-desktop/apps/desktop/src/components/settings/LanguageRow.tsx(182,15): error TS7026: JSX element implicitly has type 'any' because no interface 'JSX.IntrinsicElements' exists.
vendor/pi-desktop/apps/desktop/src/components/settings/LanguageRow.tsx(183,31): error TS7006: Parameter 'option' implicitly has an 'any' type.
vendor/pi-desktop/apps/desktop/src/components/settings/LanguageRow.tsx(183,39): error TS7006: Parameter 'index' implicitly has an 'any' type.
vendor/pi-desktop/apps/desktop/src/components/settings/LanguageRow.tsx(188,35): error TS7006: Parameter 'candidate' implicitly has an 'any' type.
vendor/pi-desktop/apps/desktop/src/components/settings/LanguageRow.tsx(190,21): error TS7026: JSX element implicitly has type 'any' because no interface 'JSX.IntrinsicElements' exists.
vendor/pi-desktop/apps/desktop/src/components/settings/LanguageRow.tsx(194,23): error TS7026: JSX element implicitly has type 'any' because no interface 'JSX.IntrinsicElements' exists.
vendor/pi-desktop/apps/desktop/src/components/settings/LanguageRow.tsx(195,31): error TS7006: Parameter 'node' implicitly has an 'any' type.
vendor/pi-desktop/apps/desktop/src/components/settings/LanguageRow.tsx(211,25): error TS7026: JSX element implicitly has type 'any' because no interface 'JSX.IntrinsicElements' exists.
vendor/pi-desktop/apps/desktop/src/components/settings/LanguageRow.tsx(212,27): error TS7026: JSX element implicitly has type 'any' because no interface 'JSX.IntrinsicElements' exists.
vendor/pi-desktop/apps/desktop/src/components/settings/LanguageRow.tsx(214,27): error TS7026: JSX element implicitly has type 'any' because no interface 'JSX.IntrinsicElements' exists.
vendor/pi-desktop/apps/desktop/src/components/settings/LanguageRow.tsx(216,29): error TS7026: JSX element implicitly has type 'any' because no interface 'JSX.IntrinsicElements' exists.
vendor/pi-desktop/apps/desktop/src/components/settings/LanguageRow.tsx(218,29): error TS7026: JSX element implicitly has type 'any' because no interface 'JSX.IntrinsicElements' exists.
vendor/pi-desktop/apps/desktop/src/components/settings/LanguageRow.tsx(220,25): error TS7026: JSX element implicitly has type 'any' because no interface 'JSX.IntrinsicElements' exists.
vendor/pi-desktop/apps/desktop/src/components/settings/LanguageRow.tsx(224,29): error TS2322: Type '{ size: number; className: string; "aria-hidden": true; }' is not assignable to type 'LucideProps'.
  Property 'className' does not exist on type 'LucideProps'.
vendor/pi-desktop/apps/desktop/src/components/settings/LanguageRow.tsx(228,23): error TS7026: JSX element implicitly has type 'any' because no interface 'JSX.IntrinsicElements' exists.
vendor/pi-desktop/apps/desktop/src/components/settings/LanguageRow.tsx(230,25): error TS7026: JSX element implicitly has type 'any' because no interface 'JSX.IntrinsicElements' exists.
vendor/pi-desktop/apps/desktop/src/components/settings/LanguageRow.tsx(232,21): error TS7026: JSX element implicitly has type 'any' because no interface 'JSX.IntrinsicElements' exists.
vendor/pi-desktop/apps/desktop/src/components/settings/LanguageRow.tsx(235,15): error TS7026: JSX element implicitly has type 'any' because no interface 'JSX.IntrinsicElements' exists.
vendor/pi-desktop/apps/desktop/src/components/settings/LanguageRow.tsx(237,11): error TS7026: JSX element implicitly has type 'any' because no interface 'JSX.IntrinsicElements' exists.
vendor/pi-desktop/apps/desktop/src/components/settings/LanguageRow.tsx(239,7): error TS7026: JSX element implicitly has type 'any' because no interface 'JSX.IntrinsicElements' exists.
vendor/pi-desktop/apps/desktop/src/components/settings/LanguageRow.tsx(240,5): error TS7026: JSX element implicitly has type 'any' because no interface 'JSX.IntrinsicElements' exists.
vendor/pi-desktop/apps/desktop/src/components/settings/ModelConfigPage.tsx(9,54): error TS7016: Could not find a declaration file for module 'react'. 'C:/cm-plan-next-20260910/vendor/pi-desktop/node_modules/.pnpm/react@19.2.8/node_modules/react/index.js' implicitly has an 'any' type.
  Try `npm i --save-dev @types/react` if it exists or add a new declaration (.d.ts) file containing `declare module 'react';`
vendor/pi-desktop/apps/desktop/src/components/settings/ModelConfigPage.tsx(272,5): error TS7026: JSX element implicitly has type 'any' because no interface 'JSX.IntrinsicElements' exists.
vendor/pi-desktop/apps/desktop/src/components/settings/ModelConfigPage.tsx(272,5): error TS7016: Could not find a declaration file for module 'react/jsx-runtime'. 'C:/cm-plan-next-20260910/vendor/pi-desktop/node_modules/.pnpm/react@19.2.8/node_modules/react/jsx-runtime.js' implicitly has an 'any' type.
  Try `npm i --save-dev @types/react` if it exists or add a new declaration (.d.ts) file containing `declare module 'react/jsx-runtime';`
vendor/pi-desktop/apps/desktop/src/components/settings/ModelConfigPage.tsx(273,7): error TS7026: JSX element implicitly has type 'any' because no interface 'JSX.IntrinsicElements' exists.
vendor/pi-desktop/apps/desktop/src/components/settings/ModelConfigPage.tsx(274,9): error TS7026: JSX element implicitly has type 'any' because no interface 'JSX.IntrinsicElements' exists.
vendor/pi-desktop/apps/desktop/src/components/settings/ModelConfigPage.tsx(275,11): error TS7026: JSX element implicitly has type 'any' because no interface 'JSX.IntrinsicElements' exists.
vendor/pi-desktop/apps/desktop/src/components/settings/ModelConfigPage.tsx(275,78): error TS7026: JSX element implicitly has type 'any' because no interface 'JSX.IntrinsicElements' exists.
vendor/pi-desktop/apps/desktop/src/components/settings/ModelConfigPage.tsx(276,9): error TS7026: JSX element implicitly has type 'any' because no interface 'JSX.IntrinsicElements' exists.
vendor/pi-desktop/apps/desktop/src/components/settings/ModelConfigPage.tsx(277,9): error TS7026: JSX element implicitly has type 'any' because no interface 'JSX.IntrinsicElements' exists.
vendor/pi-desktop/apps/desktop/src/components/settings/ModelConfigPage.tsx(278,11): error TS7026: JSX element implicitly has type 'any' because no interface 'JSX.IntrinsicElements' exists.
vendor/pi-desktop/apps/desktop/src/components/settings/ModelConfigPage.tsx(279,13): error TS7026: JSX element implicitly has type 'any' because no interface 'JSX.IntrinsicElements' exists.
vendor/pi-desktop/apps/desktop/src/components/settings/ModelConfigPage.tsx(280,15): error TS7026: JSX element implicitly has type 'any' because no interface 'JSX.IntrinsicElements' exists.
vendor/pi-desktop/apps/desktop/src/components/settings/ModelConfigPage.tsx(282,15): error TS7026: JSX element implicitly has type 'any' because no interface 'JSX.IntrinsicElements' exists.
vendor/pi-desktop/apps/desktop/src/components/settings/ModelConfigPage.tsx(284,17): error TS7026: JSX element implicitly has type 'any' because no interface 'JSX.IntrinsicElements' exists.
vendor/pi-desktop/apps/desktop/src/components/settings/ModelConfigPage.tsx(285,19): error TS7026: JSX element implicitly has type 'any' because no interface 'JSX.IntrinsicElements' exists.
vendor/pi-desktop/apps/desktop/src/components/settings/ModelConfigPage.tsx(285,82): error TS7026: JSX element implicitly has type 'any' because no interface 'JSX.IntrinsicElements' exists.
vendor/pi-desktop/apps/desktop/src/components/settings/ModelConfigPage.tsx(286,19): error TS7026: JSX element implicitly has type 'any' because no interface 'JSX.IntrinsicElements' exists.
vendor/pi-desktop/apps/desktop/src/components/settings/ModelConfigPage.tsx(288,19): error TS7026: JSX element implicitly has type 'any' because no interface 'JSX.IntrinsicElements' exists.
vendor/pi-desktop/apps/desktop/src/components/settings/ModelConfigPage.tsx(289,19): error TS7026: JSX element implicitly has type 'any' because no interface 'JSX.IntrinsicElements' exists.
vendor/pi-desktop/apps/desktop/src/components/settings/ModelConfigPage.tsx(292,19): error TS7026: JSX element implicitly has type 'any' because no interface 'JSX.IntrinsicElements' exists.
vendor/pi-desktop/apps/desktop/src/components/settings/ModelConfigPage.tsx(293,17): error TS7026: JSX element implicitly has type 'any' because no interface 'JSX.IntrinsicElements' exists.
vendor/pi-desktop/apps/desktop/src/components/settings/ModelConfigPage.tsx(295,17): error TS7026: JSX element implicitly has type 'any' because no interface 'JSX.IntrinsicElements' exists.
vendor/pi-desktop/apps/desktop/src/components/settings/ModelConfigPage.tsx(296,19): error TS7026: JSX element implicitly has type 'any' because no interface 'JSX.IntrinsicElements' exists.
vendor/pi-desktop/apps/desktop/src/components/settings/ModelConfigPage.tsx(300,19): error TS7026: JSX element implicitly has type 'any' because no interface 'JSX.IntrinsicElements' exists.
vendor/pi-desktop/apps/desktop/src/components/settings/ModelConfigPage.tsx(301,17): error TS7026: JSX element implicitly has type 'any' because no interface 'JSX.IntrinsicElements' exists.
vendor/pi-desktop/apps/desktop/src/components/settings/ModelConfigPage.tsx(303,13): error TS7026: JSX element implicitly has type 'any' because no interface 'JSX.IntrinsicElements' exists.
vendor/pi-desktop/apps/desktop/src/components/settings/ModelConfigPage.tsx(319,40): error TS7006: Parameter 'current' implicitly has an 'any' type.
vendor/pi-desktop/apps/desktop/src/components/settings/ModelConfigPage.tsx(325,36): error TS2322: Type '{ className: string; size: number; "aria-hidden": true; }' is not assignable to type 'LucideProps'.
  Property 'className' does not exist on type 'LucideProps'.
vendor/pi-desktop/apps/desktop/src/components/settings/ModelConfigPage.tsx(329,15): error TS7026: JSX element implicitly has type 'any' because no interface 'JSX.IntrinsicElements' exists.
vendor/pi-desktop/apps/desktop/src/components/settings/ModelConfigPage.tsx(333,30): error TS7006: Parameter 'event' implicitly has an 'any' type.
vendor/pi-desktop/apps/desktop/src/components/settings/ModelConfigPage.tsx(338,15): error TS7026: JSX element implicitly has type 'any' because no interface 'JSX.IntrinsicElements' exists.
vendor/pi-desktop/apps/desktop/src/components/settings/ModelConfigPage.tsx(339,15): error TS7026: JSX element implicitly has type 'any' because no interface 'JSX.IntrinsicElements' exists.
vendor/pi-desktop/apps/desktop/src/components/settings/ModelConfigPage.tsx(341,19): error TS7026: JSX element implicitly has type 'any' because no interface 'JSX.IntrinsicElements' exists.
vendor/pi-desktop/apps/desktop/src/components/settings/ModelConfigPage.tsx(341,91): error TS7026: JSX element implicitly has type 'any' because no interface 'JSX.IntrinsicElements' exists.
vendor/pi-desktop/apps/desktop/src/components/settings/ModelConfigPage.tsx(343,17): error TS7026: JSX element implicitly has type 'any' because no interface 'JSX.IntrinsicElements' exists.
vendor/pi-desktop/apps/desktop/src/components/settings/ModelConfigPage.tsx(344,54): error TS7031: Binding element 'provider' implicitly has an 'any' type.
vendor/pi-desktop/apps/desktop/src/components/settings/ModelConfigPage.tsx(344,64): error TS7031: Binding element 'modelId' implicitly has an 'any' type.
vendor/pi-desktop/apps/desktop/src/components/settings/ModelConfigPage.tsx(344,75): error TS7006: Parameter 'index' implicitly has an 'any' type.
vendor/pi-desktop/apps/desktop/src/components/settings/ModelConfigPage.tsx(351,23): error TS7026: JSX element implicitly has type 'any' because no interface 'JSX.IntrinsicElements' exists.
vendor/pi-desktop/apps/desktop/src/components/settings/ModelConfigPage.tsx(353,27): error TS7026: JSX element implicitly has type 'any' because no interface 'JSX.IntrinsicElements' exists.
vendor/pi-desktop/apps/desktop/src/components/settings/ModelConfigPage.tsx(360,27): error TS7026: JSX element implicitly has type 'any' because no interface 'JSX.IntrinsicElements' exists.
vendor/pi-desktop/apps/desktop/src/components/settings/ModelConfigPage.tsx(362,25): error TS7026: JSX element implicitly has type 'any' because no interface 'JSX.IntrinsicElements' exists.
vendor/pi-desktop/apps/desktop/src/components/settings/ModelConfigPage.tsx(371,27): error TS7026: JSX element implicitly has type 'any' because no interface 'JSX.IntrinsicElements' exists.
vendor/pi-desktop/apps/desktop/src/components/settings/ModelConfigPage.tsx(373,27): error TS7026: JSX element implicitly has type 'any' because no interface 'JSX.IntrinsicElements' exists.
vendor/pi-desktop/apps/desktop/src/components/settings/ModelConfigPage.tsx(374,27): error TS7026: JSX element implicitly has type 'any' because no interface 'JSX.IntrinsicElements' exists.
vendor/pi-desktop/apps/desktop/src/components/settings/ModelConfigPage.tsx(374,91): error TS7026: JSX element implicitly has type 'any' because no interface 'JSX.IntrinsicElements' exists.
vendor/pi-desktop/apps/desktop/src/components/settings/ModelConfigPage.tsx(375,25): error TS7026: JSX element implicitly has type 'any' because no interface 'JSX.IntrinsicElements' exists.
vendor/pi-desktop/apps/desktop/src/components/settings/ModelConfigPage.tsx(376,23): error TS7026: JSX element implicitly has type 'any' because no interface 'JSX.IntrinsicElements' exists.
vendor/pi-desktop/apps/desktop/src/components/settings/ModelConfigPage.tsx(379,17): error TS7026: JSX element implicitly has type 'any' because no interface 'JSX.IntrinsicElements' exists.
vendor/pi-desktop/apps/desktop/src/components/settings/ModelConfigPage.tsx(380,15): error TS7026: JSX element implicitly has type 'any' because no interface 'JSX.IntrinsicElements' exists.
vendor/pi-desktop/apps/desktop/src/components/settings/ModelConfigPage.tsx(382,11): error TS7026: JSX element implicitly has type 'any' because no interface 'JSX.IntrinsicElements' exists.
vendor/pi-desktop/apps/desktop/src/components/settings/ModelConfigPage.tsx(383,9): error TS7026: JSX element implicitly has type 'any' because no interface 'JSX.IntrinsicElements' exists.
vendor/pi-desktop/apps/desktop/src/components/settings/ModelConfigPage.tsx(384,7): error TS7026: JSX element implicitly has type 'any' because no interface 'JSX.IntrinsicElements' exists.
vendor/pi-desktop/apps/desktop/src/components/settings/ModelConfigPage.tsx(386,7): error TS7026: JSX element implicitly has type 'any' because no interface 'JSX.IntrinsicElements' exists.
vendor/pi-desktop/apps/desktop/src/components/settings/ModelConfigPage.tsx(387,9): error TS7026: JSX element implicitly has type 'any' because no interface 'JSX.IntrinsicElements' exists.
vendor/pi-desktop/apps/desktop/src/components/settings/ModelConfigPage.tsx(388,11): error TS7026: JSX element implicitly has type 'any' because no interface 'JSX.IntrinsicElements' exists.
vendor/pi-desktop/apps/desktop/src/components/settings/ModelConfigPage.tsx(389,13): error TS7026: JSX element implicitly has type 'any' because no interface 'JSX.IntrinsicElements' exists.
vendor/pi-desktop/apps/desktop/src/components/settings/ModelConfigPage.tsx(389,76): error TS7026: JSX element implicitly has type 'any' because no interface 'JSX.IntrinsicElements' exists.
vendor/pi-desktop/apps/desktop/src/components/settings/ModelConfigPage.tsx(391,15): error TS7026: JSX element implicitly has type 'any' because no interface 'JSX.IntrinsicElements' exists.
vendor/pi-desktop/apps/desktop/src/components/settings/ModelConfigPage.tsx(391,76): error TS7026: JSX element implicitly has type 'any' because no interface 'JSX.IntrinsicElements' exists.
vendor/pi-desktop/apps/desktop/src/components/settings/ModelConfigPage.tsx(393,11): error TS7026: JSX element implicitly has type 'any' because no interface 'JSX.IntrinsicElements' exists.
vendor/pi-desktop/apps/desktop/src/components/settings/ModelConfigPage.tsx(395,13): error TS7026: JSX element implicitly has type 'any' because no interface 'JSX.IntrinsicElements' exists.
vendor/pi-desktop/apps/desktop/src/components/settings/ModelConfigPage.tsx(397,15): error TS7026: JSX element implicitly has type 'any' because no interface 'JSX.IntrinsicElements' exists.
vendor/pi-desktop/apps/desktop/src/components/settings/ModelConfigPage.tsx(397,48): error TS7026: JSX element implicitly has type 'any' because no interface 'JSX.IntrinsicElements' exists.
vendor/pi-desktop/apps/desktop/src/components/settings/ModelConfigPage.tsx(398,13): error TS7026: JSX element implicitly has type 'any' because no interface 'JSX.IntrinsicElements' exists.
vendor/pi-desktop/apps/desktop/src/components/settings/ModelConfigPage.tsx(400,9): error TS7026: JSX element implicitly has type 'any' because no interface 'JSX.IntrinsicElements' exists.
vendor/pi-desktop/apps/desktop/src/components/settings/ModelConfigPage.tsx(402,9): error TS7026: JSX element implicitly has type 'any' because no interface 'JSX.IntrinsicElements' exists.
vendor/pi-desktop/apps/desktop/src/components/settings/ModelConfigPage.tsx(404,13): error TS7026: JSX element implicitly has type 'any' because no interface 'JSX.IntrinsicElements' exists.
vendor/pi-desktop/apps/desktop/src/components/settings/ModelConfigPage.tsx(405,15): error TS7026: JSX element implicitly has type 'any' because no interface 'JSX.IntrinsicElements' exists.
vendor/pi-desktop/apps/desktop/src/components/settings/ModelConfigPage.tsx(407,15): error TS7026: JSX element implicitly has type 'any' because no interface 'JSX.IntrinsicElements' exists.
vendor/pi-desktop/apps/desktop/src/components/settings/ModelConfigPage.tsx(408,15): error TS7026: JSX element implicitly has type 'any' because no interface 'JSX.IntrinsicElements' exists.
vendor/pi-desktop/apps/desktop/src/components/settings/ModelConfigPage.tsx(408,86): error TS7026: JSX element implicitly has type 'any' because no interface 'JSX.IntrinsicElements' exists.
vendor/pi-desktop/apps/desktop/src/components/settings/ModelConfigPage.tsx(409,15): error TS7026: JSX element implicitly has type 'any' because no interface 'JSX.IntrinsicElements' exists.
vendor/pi-desktop/apps/desktop/src/components/settings/ModelConfigPage.tsx(409,89): error TS7026: JSX element implicitly has type 'any' because no interface 'JSX.IntrinsicElements' exists.
vendor/pi-desktop/apps/desktop/src/components/settings/ModelConfigPage.tsx(411,17): error TS7026: JSX element implicitly has type 'any' because no interface 'JSX.IntrinsicElements' exists.
vendor/pi-desktop/apps/desktop/src/components/settings/ModelConfigPage.tsx(413,19): error TS7026: JSX element implicitly has type 'any' because no interface 'JSX.IntrinsicElements' exists.
vendor/pi-desktop/apps/desktop/src/components/settings/ModelConfigPage.tsx(413,52): error TS7026: JSX element implicitly has type 'any' because no interface 'JSX.IntrinsicElements' exists.
vendor/pi-desktop/apps/desktop/src/components/settings/ModelConfigPage.tsx(414,17): error TS7026: JSX element implicitly has type 'any' because no interface 'JSX.IntrinsicElements' exists.
vendor/pi-desktop/apps/desktop/src/components/settings/ModelConfigPage.tsx(416,13): error TS7026: JSX element implicitly has type 'any' because no interface 'JSX.IntrinsicElements' exists.
vendor/pi-desktop/apps/desktop/src/components/settings/ModelConfigPage.tsx(418,13): error TS7026: JSX element implicitly has type 'any' because no interface 'JSX.IntrinsicElements' exists.
vendor/pi-desktop/apps/desktop/src/components/settings/ModelConfigPage.tsx(419,33): error TS7006: Parameter 'provider' implicitly has an 'any' type.
vendor/pi-desktop/apps/desktop/src/components/settings/ModelConfigPage.tsx(425,19): error TS7026: JSX element implicitly has type 'any' because no interface 'JSX.IntrinsicElements' exists.
vendor/pi-desktop/apps/desktop/src/components/settings/ModelConfigPage.tsx(429,21): error TS7026: JSX element implicitly has type 'any' because no interface 'JSX.IntrinsicElements' exists.
vendor/pi-desktop/apps/desktop/src/components/settings/ModelConfigPage.tsx(430,23): error TS7026: JSX element implicitly has type 'any' because no interface 'JSX.IntrinsicElements' exists.
vendor/pi-desktop/apps/desktop/src/components/settings/ModelConfigPage.tsx(431,25): error TS7026: JSX element implicitly has type 'any' because no interface 'JSX.IntrinsicElements' exists.
vendor/pi-desktop/apps/desktop/src/components/settings/ModelConfigPage.tsx(431,82): error TS7026: JSX element implicitly has type 'any' because no interface 'JSX.IntrinsicElements' exists.
vendor/pi-desktop/apps/desktop/src/components/settings/ModelConfigPage.tsx(441,23): error TS7026: JSX element implicitly has type 'any' because no interface 'JSX.IntrinsicElements' exists.
vendor/pi-desktop/apps/desktop/src/components/settings/ModelConfigPage.tsx(442,23): error TS7026: JSX element implicitly has type 'any' because no interface 'JSX.IntrinsicElements' exists.
vendor/pi-desktop/apps/desktop/src/components/settings/ModelConfigPage.tsx(443,25): error TS7026: JSX element implicitly has type 'any' because no interface 'JSX.IntrinsicElements' exists.
vendor/pi-desktop/apps/desktop/src/components/settings/ModelConfigPage.tsx(443,66): error TS7026: JSX element implicitly has type 'any' because no interface 'JSX.IntrinsicElements' exists.
vendor/pi-desktop/apps/desktop/src/components/settings/ModelConfigPage.tsx(444,25): error TS7026: JSX element implicitly has type 'any' because no interface 'JSX.IntrinsicElements' exists.
vendor/pi-desktop/apps/desktop/src/components/settings/ModelConfigPage.tsx(446,25): error TS7026: JSX element implicitly has type 'any' because no interface 'JSX.IntrinsicElements' exists.
vendor/pi-desktop/apps/desktop/src/components/settings/ModelConfigPage.tsx(447,25): error TS7026: JSX element implicitly has type 'any' because no interface 'JSX.IntrinsicElements' exists.
vendor/pi-desktop/apps/desktop/src/components/settings/ModelConfigPage.tsx(447,88): error TS7026: JSX element implicitly has type 'any' because no interface 'JSX.IntrinsicElements' exists.
vendor/pi-desktop/apps/desktop/src/components/settings/ModelConfigPage.tsx(448,23): error TS7026: JSX element implicitly has type 'any' because no interface 'JSX.IntrinsicElements' exists.
vendor/pi-desktop/apps/desktop/src/components/settings/ModelConfigPage.tsx(449,21): error TS7026: JSX element implicitly has type 'any' because no interface 'JSX.IntrinsicElements' exists.
vendor/pi-desktop/apps/desktop/src/components/settings/ModelConfigPage.tsx(451,21): error TS7026: JSX element implicitly has type 'any' because no interface 'JSX.IntrinsicElements' exists.
vendor/pi-desktop/apps/desktop/src/components/settings/ModelConfigPage.tsx(464,23): error TS7026: JSX element implicitly has type 'any' because no interface 'JSX.IntrinsicElements' exists.
vendor/pi-desktop/apps/desktop/src/components/settings/ModelConfigPage.tsx(473,23): error TS7026: JSX element implicitly has type 'any' because no interface 'JSX.IntrinsicElements' exists.
vendor/pi-desktop/apps/desktop/src/components/settings/ModelConfigPage.tsx(474,23): error TS7026: JSX element implicitly has type 'any' because no interface 'JSX.IntrinsicElements' exists.
vendor/pi-desktop/apps/desktop/src/components/settings/ModelConfigPage.tsx(486,23): error TS7026: JSX element implicitly has type 'any' because no interface 'JSX.IntrinsicElements' exists.
vendor/pi-desktop/apps/desktop/src/components/settings/ModelConfigPage.tsx(488,25): error TS7026: JSX element implicitly has type 'any' because no interface 'JSX.IntrinsicElements' exists.
vendor/pi-desktop/apps/desktop/src/components/settings/ModelConfigPage.tsx(496,25): error TS7026: JSX element implicitly has type 'any' because no interface 'JSX.IntrinsicElements' exists.
vendor/pi-desktop/apps/desktop/src/components/settings/ModelConfigPage.tsx(498,25): error TS7026: JSX element implicitly has type 'any' because no interface 'JSX.IntrinsicElements' exists.
vendor/pi-desktop/apps/desktop/src/components/settings/ModelConfigPage.tsx(507,25): error TS7026: JSX element implicitly has type 'any' because no interface 'JSX.IntrinsicElements' exists.
vendor/pi-desktop/apps/desktop/src/components/settings/ModelConfigPage.tsx(509,23): error TS7026: JSX element implicitly has type 'any' because no interface 'JSX.IntrinsicElements' exists.
vendor/pi-desktop/apps/desktop/src/components/settings/ModelConfigPage.tsx(519,25): error TS7026: JSX element implicitly has type 'any' because no interface 'JSX.IntrinsicElements' exists.
vendor/pi-desktop/apps/desktop/src/components/settings/ModelConfigPage.tsx(520,23): error TS7026: JSX element implicitly has type 'any' because no interface 'JSX.IntrinsicElements' exists.
vendor/pi-desktop/apps/desktop/src/components/settings/ModelConfigPage.tsx(521,21): error TS7026: JSX element implicitly has type 'any' because no interface 'JSX.IntrinsicElements' exists.
vendor/pi-desktop/apps/desktop/src/components/settings/ModelConfigPage.tsx(522,19): error TS7026: JSX element implicitly has type 'any' because no interface 'JSX.IntrinsicElements' exists.
vendor/pi-desktop/apps/desktop/src/components/settings/ModelConfigPage.tsx(525,13): error TS7026: JSX element implicitly has type 'any' because no interface 'JSX.IntrinsicElements' exists.
vendor/pi-desktop/apps/desktop/src/components/settings/ModelConfigPage.tsx(527,9): error TS7026: JSX element implicitly has type 'any' because no interface 'JSX.IntrinsicElements' exists.
vendor/pi-desktop/apps/desktop/src/components/settings/ModelConfigPage.tsx(528,7): error TS7026: JSX element implicitly has type 'any' because no interface 'JSX.IntrinsicElements' exists.
vendor/pi-desktop/apps/desktop/src/components/settings/ModelConfigPage.tsx(532,7): error TS7026: JSX element implicitly has type 'any' because no interface 'JSX.IntrinsicElements' exists.
vendor/pi-desktop/apps/desktop/src/components/settings/ModelConfigPage.tsx(533,9): error TS7026: JSX element implicitly has type 'any' because no interface 'JSX.IntrinsicElements' exists.
vendor/pi-desktop/apps/desktop/src/components/settings/ModelConfigPage.tsx(545,9): error TS7026: JSX element implicitly has type 'any' because no interface 'JSX.IntrinsicElements' exists.
vendor/pi-desktop/apps/desktop/src/components/settings/ModelConfigPage.tsx(552,11): error TS7026: JSX element implicitly has type 'any' because no interface 'JSX.IntrinsicElements' exists.
vendor/pi-desktop/apps/desktop/src/components/settings/ModelConfigPage.tsx(554,13): error TS7026: JSX element implicitly has type 'any' because no interface 'JSX.IntrinsicElements' exists.
vendor/pi-desktop/apps/desktop/src/components/settings/ModelConfigPage.tsx(558,13): error TS7026: JSX element implicitly has type 'any' because no interface 'JSX.IntrinsicElements' exists.
vendor/pi-desktop/apps/desktop/src/components/settings/ModelConfigPage.tsx(559,11): error TS7026: JSX element implicitly has type 'any' because no interface 'JSX.IntrinsicElements' exists.
vendor/pi-desktop/apps/desktop/src/components/settings/ModelConfigPage.tsx(561,7): error TS7026: JSX element implicitly has type 'any' because no interface 'JSX.IntrinsicElements' exists.
vendor/pi-desktop/apps/desktop/src/components/settings/ModelConfigPage.tsx(570,5): error TS7026: JSX element implicitly has type 'any' because no interface 'JSX.IntrinsicElements' exists.
vendor/pi-desktop/apps/desktop/src/components/settings/ModelSelectionPanes.tsx(11,35): error TS7016: Could not find a declaration file for module 'react'. 'C:/cm-plan-next-20260910/vendor/pi-desktop/node_modules/.pnpm/react@19.2.8/node_modules/react/index.js' implicitly has an 'any' type.
  Try `npm i --save-dev @types/react` if it exists or add a new declaration (.d.ts) file containing `declare module 'react';`
vendor/pi-desktop/apps/desktop/src/components/settings/ModelSelectionPanes.tsx(216,31): error TS7006: Parameter 'row' implicitly has an 'any' type.
vendor/pi-desktop/apps/desktop/src/components/settings/ModelSelectionPanes.tsx(274,7): error TS7026: JSX element implicitly has type 'any' because no interface 'JSX.IntrinsicElements' exists.
vendor/pi-desktop/apps/desktop/src/components/settings/ModelSelectionPanes.tsx(274,7): error TS7016: Could not find a declaration file for module 'react/jsx-runtime'. 'C:/cm-plan-next-20260910/vendor/pi-desktop/node_modules/.pnpm/react@19.2.8/node_modules/react/jsx-runtime.js' implicitly has an 'any' type.
  Try `npm i --save-dev @types/react` if it exists or add a new declaration (.d.ts) file containing `declare module 'react/jsx-runtime';`
vendor/pi-desktop/apps/desktop/src/components/settings/ModelSelectionPanes.tsx(274,83): error TS7026: JSX element implicitly has type 'any' because no interface 'JSX.IntrinsicElements' exists.
vendor/pi-desktop/apps/desktop/src/components/settings/ModelSelectionPanes.tsx(278,7): error TS7026: JSX element implicitly has type 'any' because no interface 'JSX.IntrinsicElements' exists.
vendor/pi-desktop/apps/desktop/src/components/settings/ModelSelectionPanes.tsx(282,7): error TS7026: JSX element implicitly has type 'any' because no interface 'JSX.IntrinsicElements' exists.
vendor/pi-desktop/apps/desktop/src/components/settings/ModelSelectionPanes.tsx(284,7): error TS7026: JSX element implicitly has type 'any' because no interface 'JSX.IntrinsicElements' exists.
vendor/pi-desktop/apps/desktop/src/components/settings/ModelSelectionPanes.tsx(284,82): error TS7026: JSX element implicitly has type 'any' because no interface 'JSX.IntrinsicElements' exists.
vendor/pi-desktop/apps/desktop/src/components/settings/ModelSelectionPanes.tsx(286,7): error TS7026: JSX element implicitly has type 'any' because no interface 'JSX.IntrinsicElements' exists.
vendor/pi-desktop/apps/desktop/src/components/settings/ModelSelectionPanes.tsx(287,27): error TS7006: Parameter 'row' implicitly has an 'any' type.
vendor/pi-desktop/apps/desktop/src/components/settings/ModelSelectionPanes.tsx(288,11): error TS7026: JSX element implicitly has type 'any' because no interface 'JSX.IntrinsicElements' exists.
vendor/pi-desktop/apps/desktop/src/components/settings/ModelSelectionPanes.tsx(289,13): error TS7026: JSX element implicitly has type 'any' because no interface 'JSX.IntrinsicElements' exists.
vendor/pi-desktop/apps/desktop/src/components/settings/ModelSelectionPanes.tsx(290,15): error TS7026: JSX element implicitly has type 'any' because no interface 'JSX.IntrinsicElements' exists.
vendor/pi-desktop/apps/desktop/src/components/settings/ModelSelectionPanes.tsx(300,15): error TS7026: JSX element implicitly has type 'any' because no interface 'JSX.IntrinsicElements' exists.
vendor/pi-desktop/apps/desktop/src/components/settings/ModelSelectionPanes.tsx(301,17): error TS7026: JSX element implicitly has type 'any' because no interface 'JSX.IntrinsicElements' exists.
vendor/pi-desktop/apps/desktop/src/components/settings/ModelSelectionPanes.tsx(301,76): error TS7026: JSX element implicitly has type 'any' because no interface 'JSX.IntrinsicElements' exists.
vendor/pi-desktop/apps/desktop/src/components/settings/ModelSelectionPanes.tsx(303,19): error TS7026: JSX element implicitly has type 'any' because no interface 'JSX.IntrinsicElements' exists.
vendor/pi-desktop/apps/desktop/src/components/settings/ModelSelectionPanes.tsx(303,79): error TS7026: JSX element implicitly has type 'any' because no interface 'JSX.IntrinsicElements' exists.
vendor/pi-desktop/apps/desktop/src/components/settings/ModelSelectionPanes.tsx(305,15): error TS7026: JSX element implicitly has type 'any' because no interface 'JSX.IntrinsicElements' exists.
vendor/pi-desktop/apps/desktop/src/components/settings/ModelSelectionPanes.tsx(306,15): error TS7026: JSX element implicitly has type 'any' because no interface 'JSX.IntrinsicElements' exists.
vendor/pi-desktop/apps/desktop/src/components/settings/ModelSelectionPanes.tsx(308,15): error TS7026: JSX element implicitly has type 'any' because no interface 'JSX.IntrinsicElements' exists.
vendor/pi-desktop/apps/desktop/src/components/settings/ModelSelectionPanes.tsx(309,13): error TS7026: JSX element implicitly has type 'any' because no interface 'JSX.IntrinsicElements' exists.
vendor/pi-desktop/apps/desktop/src/components/settings/ModelSelectionPanes.tsx(310,11): error TS7026: JSX element implicitly has type 'any' because no interface 'JSX.IntrinsicElements' exists.
vendor/pi-desktop/apps/desktop/src/components/settings/ModelSelectionPanes.tsx(312,7): error TS7026: JSX element implicitly has type 'any' because no interface 'JSX.IntrinsicElements' exists.
vendor/pi-desktop/apps/desktop/src/components/settings/ModelSelectionPanes.tsx(316,5): error TS7026: JSX element implicitly has type 'any' because no interface 'JSX.IntrinsicElements' exists.
vendor/pi-desktop/apps/desktop/src/components/settings/ModelSelectionPanes.tsx(317,7): error TS7026: JSX element implicitly has type 'any' because no interface 'JSX.IntrinsicElements' exists.
vendor/pi-desktop/apps/desktop/src/components/settings/ModelSelectionPanes.tsx(318,9): error TS7026: JSX element implicitly has type 'any' because no interface 'JSX.IntrinsicElements' exists.
vendor/pi-desktop/apps/desktop/src/components/settings/ModelSelectionPanes.tsx(319,11): error TS7026: JSX element implicitly has type 'any' because no interface 'JSX.IntrinsicElements' exists.
vendor/pi-desktop/apps/desktop/src/components/settings/ModelSelectionPanes.tsx(321,15): error TS7026: JSX element implicitly has type 'any' because no interface 'JSX.IntrinsicElements' exists.
vendor/pi-desktop/apps/desktop/src/components/settings/ModelSelectionPanes.tsx(326,23): error TS7006: Parameter 'el' implicitly has an 'any' type.
vendor/pi-desktop/apps/desktop/src/components/settings/ModelSelectionPanes.tsx(339,28): error TS7006: Parameter 'event' implicitly has an 'any' type.
vendor/pi-desktop/apps/desktop/src/components/settings/ModelSelectionPanes.tsx(342,13): error TS7026: JSX element implicitly has type 'any' because no interface 'JSX.IntrinsicElements' exists.
vendor/pi-desktop/apps/desktop/src/components/settings/ModelSelectionPanes.tsx(342,62): error TS7026: JSX element implicitly has type 'any' because no interface 'JSX.IntrinsicElements' exists.
vendor/pi-desktop/apps/desktop/src/components/settings/ModelSelectionPanes.tsx(344,15): error TS7026: JSX element implicitly has type 'any' because no interface 'JSX.IntrinsicElements' exists.
vendor/pi-desktop/apps/desktop/src/components/settings/ModelSelectionPanes.tsx(357,15): error TS7026: JSX element implicitly has type 'any' because no interface 'JSX.IntrinsicElements' exists.
vendor/pi-desktop/apps/desktop/src/components/settings/ModelSelectionPanes.tsx(359,11): error TS7026: JSX element implicitly has type 'any' because no interface 'JSX.IntrinsicElements' exists.
vendor/pi-desktop/apps/desktop/src/components/settings/ModelSelectionPanes.tsx(360,11): error TS7026: JSX element implicitly has type 'any' because no interface 'JSX.IntrinsicElements' exists.
vendor/pi-desktop/apps/desktop/src/components/settings/ModelSelectionPanes.tsx(362,13): error TS7026: JSX element implicitly has type 'any' because no interface 'JSX.IntrinsicElements' exists.
vendor/pi-desktop/apps/desktop/src/components/settings/ModelSelectionPanes.tsx(371,26): error TS7006: Parameter 'event' implicitly has an 'any' type.
vendor/pi-desktop/apps/desktop/src/components/settings/ModelSelectionPanes.tsx(373,11): error TS7026: JSX element implicitly has type 'any' because no interface 'JSX.IntrinsicElements' exists.
vendor/pi-desktop/apps/desktop/src/components/settings/ModelSelectionPanes.tsx(374,9): error TS7026: JSX element implicitly has type 'any' because no interface 'JSX.IntrinsicElements' exists.
vendor/pi-desktop/apps/desktop/src/components/settings/ModelSelectionPanes.tsx(377,11): error TS7026: JSX element implicitly has type 'any' because no interface 'JSX.IntrinsicElements' exists.
vendor/pi-desktop/apps/desktop/src/components/settings/ModelSelectionPanes.tsx(377,86): error TS7026: JSX element implicitly has type 'any' because no interface 'JSX.IntrinsicElements' exists.
vendor/pi-desktop/apps/desktop/src/components/settings/ModelSelectionPanes.tsx(380,11): error TS7026: JSX element implicitly has type 'any' because no interface 'JSX.IntrinsicElements' exists.
vendor/pi-desktop/apps/desktop/src/components/settings/ModelSelectionPanes.tsx(380,83): error TS7026: JSX element implicitly has type 'any' because no interface 'JSX.IntrinsicElements' exists.
vendor/pi-desktop/apps/desktop/src/components/settings/ModelSelectionPanes.tsx(387,7): error TS7026: JSX element implicitly has type 'any' because no interface 'JSX.IntrinsicElements' exists.
vendor/pi-desktop/apps/desktop/src/components/settings/ModelSelectionPanes.tsx(389,7): error TS7026: JSX element implicitly has type 'any' because no interface 'JSX.IntrinsicElements' exists.
vendor/pi-desktop/apps/desktop/src/components/settings/ModelSelectionPanes.tsx(390,9): error TS7026: JSX element implicitly has type 'any' because no interface 'JSX.IntrinsicElements' exists.
vendor/pi-desktop/apps/desktop/src/components/settings/ModelSelectionPanes.tsx(391,11): error TS7026: JSX element implicitly has type 'any' because no interface 'JSX.IntrinsicElements' exists.
vendor/pi-desktop/apps/desktop/src/components/settings/ModelSelectionPanes.tsx(391,84): error TS7026: JSX element implicitly has type 'any' because no interface 'JSX.IntrinsicElements' exists.
vendor/pi-desktop/apps/desktop/src/components/settings/ModelSelectionPanes.tsx(392,11): error TS7026: JSX element implicitly has type 'any' because no interface 'JSX.IntrinsicElements' exists.
vendor/pi-desktop/apps/desktop/src/components/settings/ModelSelectionPanes.tsx(392,66): error TS7026: JSX element implicitly has type 'any' because no interface 'JSX.IntrinsicElements' exists.
vendor/pi-desktop/apps/desktop/src/components/settings/ModelSelectionPanes.tsx(393,9): error TS7026: JSX element implicitly has type 'any' because no interface 'JSX.IntrinsicElements' exists.
vendor/pi-desktop/apps/desktop/src/components/settings/ModelSelectionPanes.tsx(395,11): error TS7026: JSX element implicitly has type 'any' because no interface 'JSX.IntrinsicElements' exists.
vendor/pi-desktop/apps/desktop/src/components/settings/ModelSelectionPanes.tsx(395,80): error TS7026: JSX element implicitly has type 'any' because no interface 'JSX.IntrinsicElements' exists.
vendor/pi-desktop/apps/desktop/src/components/settings/ModelSelectionPanes.tsx(397,11): error TS7026: JSX element implicitly has type 'any' because no interface 'JSX.IntrinsicElements' exists.
vendor/pi-desktop/apps/desktop/src/components/settings/ModelSelectionPanes.tsx(410,17): error TS7026: JSX element implicitly has type 'any' because no interface 'JSX.IntrinsicElements' exists.
vendor/pi-desktop/apps/desktop/src/components/settings/ModelSelectionPanes.tsx(411,19): error TS7026: JSX element implicitly has type 'any' because no interface 'JSX.IntrinsicElements' exists.
vendor/pi-desktop/apps/desktop/src/components/settings/ModelSelectionPanes.tsx(412,21): error TS7026: JSX element implicitly has type 'any' because no interface 'JSX.IntrinsicElements' exists.
vendor/pi-desktop/apps/desktop/src/components/settings/ModelSelectionPanes.tsx(412,84): error TS7026: JSX element implicitly has type 'any' because no interface 'JSX.IntrinsicElements' exists.
vendor/pi-desktop/apps/desktop/src/components/settings/ModelSelectionPanes.tsx(413,21): error TS7026: JSX element implicitly has type 'any' because no interface 'JSX.IntrinsicElements' exists.
vendor/pi-desktop/apps/desktop/src/components/settings/ModelSelectionPanes.tsx(416,21): error TS7026: JSX element implicitly has type 'any' because no interface 'JSX.IntrinsicElements' exists.
vendor/pi-desktop/apps/desktop/src/components/settings/ModelSelectionPanes.tsx(417,21): error TS7026: JSX element implicitly has type 'any' because no interface 'JSX.IntrinsicElements' exists.
vendor/pi-desktop/apps/desktop/src/components/settings/ModelSelectionPanes.tsx(422,45): error TS7006: Parameter 'current' implicitly has an 'any' type.
vendor/pi-desktop/apps/desktop/src/components/settings/ModelSelectionPanes.tsx(428,21): error TS7026: JSX element implicitly has type 'any' because no interface 'JSX.IntrinsicElements' exists.
vendor/pi-desktop/apps/desktop/src/components/settings/ModelSelectionPanes.tsx(429,21): error TS7026: JSX element implicitly has type 'any' because no interface 'JSX.IntrinsicElements' exists.
vendor/pi-desktop/apps/desktop/src/components/settings/ModelSelectionPanes.tsx(442,21): error TS7026: JSX element implicitly has type 'any' because no interface 'JSX.IntrinsicElements' exists.
vendor/pi-desktop/apps/desktop/src/components/settings/ModelSelectionPanes.tsx(443,19): error TS7026: JSX element implicitly has type 'any' because no interface 'JSX.IntrinsicElements' exists.
vendor/pi-desktop/apps/desktop/src/components/settings/ModelSelectionPanes.tsx(444,19): error TS7026: JSX element implicitly has type 'any' because no interface 'JSX.IntrinsicElements' exists.
vendor/pi-desktop/apps/desktop/src/components/settings/ModelSelectionPanes.tsx(448,21): error TS7026: JSX element implicitly has type 'any' because no interface 'JSX.IntrinsicElements' exists.
vendor/pi-desktop/apps/desktop/src/components/settings/ModelSelectionPanes.tsx(454,38): error TS7006: Parameter 'event' implicitly has an 'any' type.
vendor/pi-desktop/apps/desktop/src/components/settings/ModelSelectionPanes.tsx(466,38): error TS7006: Parameter 'event' implicitly has an 'any' type.
vendor/pi-desktop/apps/desktop/src/components/settings/ModelSelectionPanes.tsx(473,21): error TS7026: JSX element implicitly has type 'any' because no interface 'JSX.IntrinsicElements' exists.
vendor/pi-desktop/apps/desktop/src/components/settings/ModelSelectionPanes.tsx(474,21): error TS7026: JSX element implicitly has type 'any' because no interface 'JSX.IntrinsicElements' exists.
vendor/pi-desktop/apps/desktop/src/components/settings/ModelSelectionPanes.tsx(475,23): error TS7026: JSX element implicitly has type 'any' because no interface 'JSX.IntrinsicElements' exists.
vendor/pi-desktop/apps/desktop/src/components/settings/ModelSelectionPanes.tsx(476,25): error TS7026: JSX element implicitly has type 'any' because no interface 'JSX.IntrinsicElements' exists.
vendor/pi-desktop/apps/desktop/src/components/settings/ModelSelectionPanes.tsx(478,25): error TS7026: JSX element implicitly has type 'any' because no interface 'JSX.IntrinsicElements' exists.
vendor/pi-desktop/apps/desktop/src/components/settings/ModelSelectionPanes.tsx(480,27): error TS7026: JSX element implicitly has type 'any' because no interface 'JSX.IntrinsicElements' exists.
vendor/pi-desktop/apps/desktop/src/components/settings/ModelSelectionPanes.tsx(482,27): error TS7026: JSX element implicitly has type 'any' because no interface 'JSX.IntrinsicElements' exists.
vendor/pi-desktop/apps/desktop/src/components/settings/ModelSelectionPanes.tsx(484,23): error TS7026: JSX element implicitly has type 'any' because no interface 'JSX.IntrinsicElements' exists.
vendor/pi-desktop/apps/desktop/src/components/settings/ModelSelectionPanes.tsx(485,23): error TS7026: JSX element implicitly has type 'any' because no interface 'JSX.IntrinsicElements' exists.
vendor/pi-desktop/apps/desktop/src/components/settings/ModelSelectionPanes.tsx(493,29): error TS7026: JSX element implicitly has type 'any' because no interface 'JSX.IntrinsicElements' exists.
vendor/pi-desktop/apps/desktop/src/components/settings/ModelSelectionPanes.tsx(515,29): error TS7026: JSX element implicitly has type 'any' because no interface 'JSX.IntrinsicElements' exists.
vendor/pi-desktop/apps/desktop/src/components/settings/ModelSelectionPanes.tsx(518,23): error TS7026: JSX element implicitly has type 'any' because no interface 'JSX.IntrinsicElements' exists.
vendor/pi-desktop/apps/desktop/src/components/settings/ModelSelectionPanes.tsx(520,25): error TS7026: JSX element implicitly has type 'any' because no interface 'JSX.IntrinsicElements' exists.
vendor/pi-desktop/apps/desktop/src/components/settings/ModelSelectionPanes.tsx(521,27): error TS7026: JSX element implicitly has type 'any' because no interface 'JSX.IntrinsicElements' exists.
vendor/pi-desktop/apps/desktop/src/components/settings/ModelSelectionPanes.tsx(523,27): error TS7026: JSX element implicitly has type 'any' because no interface 'JSX.IntrinsicElements' exists.
vendor/pi-desktop/apps/desktop/src/components/settings/ModelSelectionPanes.tsx(524,27): error TS7026: JSX element implicitly has type 'any' because no interface 'JSX.IntrinsicElements' exists.
vendor/pi-desktop/apps/desktop/src/components/settings/ModelSelectionPanes.tsx(532,40): error TS7006: Parameter 'event' implicitly has an 'any' type.
vendor/pi-desktop/apps/desktop/src/components/settings/ModelSelectionPanes.tsx(540,31): error TS7026: JSX element implicitly has type 'any' because no interface 'JSX.IntrinsicElements' exists.
vendor/pi-desktop/apps/desktop/src/components/settings/ModelSelectionPanes.tsx(542,31): error TS7026: JSX element implicitly has type 'any' because no interface 'JSX.IntrinsicElements' exists.
vendor/pi-desktop/apps/desktop/src/components/settings/ModelSelectionPanes.tsx(544,27): error TS7026: JSX element implicitly has type 'any' because no interface 'JSX.IntrinsicElements' exists.
vendor/pi-desktop/apps/desktop/src/components/settings/ModelSelectionPanes.tsx(545,25): error TS7026: JSX element implicitly has type 'any' because no interface 'JSX.IntrinsicElements' exists.
vendor/pi-desktop/apps/desktop/src/components/settings/ModelSelectionPanes.tsx(547,21): error TS7026: JSX element implicitly has type 'any' because no interface 'JSX.IntrinsicElements' exists.
vendor/pi-desktop/apps/desktop/src/components/settings/ModelSelectionPanes.tsx(548,21): error TS7026: JSX element implicitly has type 'any' because no interface 'JSX.IntrinsicElements' exists.
vendor/pi-desktop/apps/desktop/src/components/settings/ModelSelectionPanes.tsx(549,23): error TS7026: JSX element implicitly has type 'any' because no interface 'JSX.IntrinsicElements' exists.
vendor/pi-desktop/apps/desktop/src/components/settings/ModelSelectionPanes.tsx(551,23): error TS7026: JSX element implicitly has type 'any' because no interface 'JSX.IntrinsicElements' exists.
vendor/pi-desktop/apps/desktop/src/components/settings/ModelSelectionPanes.tsx(552,23): error TS7026: JSX element implicitly has type 'any' because no interface 'JSX.IntrinsicElements' exists.
vendor/pi-desktop/apps/desktop/src/components/settings/ModelSelectionPanes.tsx(569,23): error TS7026: JSX element implicitly has type 'any' because no interface 'JSX.IntrinsicElements' exists.
vendor/pi-desktop/apps/desktop/src/components/settings/ModelSelectionPanes.tsx(570,21): error TS7026: JSX element implicitly has type 'any' because no interface 'JSX.IntrinsicElements' exists.
vendor/pi-desktop/apps/desktop/src/components/settings/ModelSelectionPanes.tsx(571,21): error TS7026: JSX element implicitly has type 'any' because no interface 'JSX.IntrinsicElements' exists.
vendor/pi-desktop/apps/desktop/src/components/settings/ModelSelectionPanes.tsx(572,23): error TS7026: JSX element implicitly has type 'any' because no interface 'JSX.IntrinsicElements' exists.
vendor/pi-desktop/apps/desktop/src/components/settings/ModelSelectionPanes.tsx(573,25): error TS7026: JSX element implicitly has type 'any' because no interface 'JSX.IntrinsicElements' exists.
vendor/pi-desktop/apps/desktop/src/components/settings/ModelSelectionPanes.tsx(576,38): error TS7006: Parameter 'event' implicitly has an 'any' type.
vendor/pi-desktop/apps/desktop/src/components/settings/ModelSelectionPanes.tsx(582,25): error TS7026: JSX element implicitly has type 'any' because no interface 'JSX.IntrinsicElements' exists.
vendor/pi-desktop/apps/desktop/src/components/settings/ModelSelectionPanes.tsx(582,68): error TS7026: JSX element implicitly has type 'any' because no interface 'JSX.IntrinsicElements' exists.
vendor/pi-desktop/apps/desktop/src/components/settings/ModelSelectionPanes.tsx(583,23): error TS7026: JSX element implicitly has type 'any' because no interface 'JSX.IntrinsicElements' exists.
vendor/pi-desktop/apps/desktop/src/components/settings/ModelSelectionPanes.tsx(584,23): error TS7026: JSX element implicitly has type 'any' because no interface 'JSX.IntrinsicElements' exists.
vendor/pi-desktop/apps/desktop/src/components/settings/ModelSelectionPanes.tsx(589,23): error TS7026: JSX element implicitly has type 'any' because no interface 'JSX.IntrinsicElements' exists.
vendor/pi-desktop/apps/desktop/src/components/settings/ModelSelectionPanes.tsx(590,21): error TS7026: JSX element implicitly has type 'any' because no interface 'JSX.IntrinsicElements' exists.
vendor/pi-desktop/apps/desktop/src/components/settings/ModelSelectionPanes.tsx(591,19): error TS7026: JSX element implicitly has type 'any' because no interface 'JSX.IntrinsicElements' exists.
vendor/pi-desktop/apps/desktop/src/components/settings/ModelSelectionPanes.tsx(592,17): error TS7026: JSX element implicitly has type 'any' because no interface 'JSX.IntrinsicElements' exists.
vendor/pi-desktop/apps/desktop/src/components/settings/ModelSelectionPanes.tsx(595,11): error TS7026: JSX element implicitly has type 'any' because no interface 'JSX.IntrinsicElements' exists.
vendor/pi-desktop/apps/desktop/src/components/settings/ModelSelectionPanes.tsx(598,9): error TS7026: JSX element implicitly has type 'any' because no interface 'JSX.IntrinsicElements' exists.
vendor/pi-desktop/apps/desktop/src/components/settings/ModelSelectionPanes.tsx(603,13): error TS7026: JSX element implicitly has type 'any' because no interface 'JSX.IntrinsicElements' exists.
vendor/pi-desktop/apps/desktop/src/components/settings/ModelSelectionPanes.tsx(608,28): error TS7006: Parameter 'event' implicitly has an 'any' type.
vendor/pi-desktop/apps/desktop/src/components/settings/ModelSelectionPanes.tsx(612,29): error TS7006: Parameter 'event' implicitly has an 'any' type.
vendor/pi-desktop/apps/desktop/src/components/settings/ModelSelectionPanes.tsx(622,13): error TS7026: JSX element implicitly has type 'any' because no interface 'JSX.IntrinsicElements' exists.
vendor/pi-desktop/apps/desktop/src/components/settings/ModelSelectionPanes.tsx(624,9): error TS7026: JSX element implicitly has type 'any' because no interface 'JSX.IntrinsicElements' exists.
vendor/pi-desktop/apps/desktop/src/components/settings/ModelSelectionPanes.tsx(625,7): error TS7026: JSX element implicitly has type 'any' because no interface 'JSX.IntrinsicElements' exists.
vendor/pi-desktop/apps/desktop/src/components/settings/ModelSelectionPanes.tsx(626,5): error TS7026: JSX element implicitly has type 'any' because no interface 'JSX.IntrinsicElements' exists.
vendor/pi-desktop/apps/desktop/src/components/settings/ModelSelectionPanes.tsx(670,5): error TS7026: JSX element implicitly has type 'any' because no interface 'JSX.IntrinsicElements' exists.
vendor/pi-desktop/apps/desktop/src/components/settings/ModelSelectionPanes.tsx(671,7): error TS7026: JSX element implicitly has type 'any' because no interface 'JSX.IntrinsicElements' exists.
vendor/pi-desktop/apps/desktop/src/components/settings/ModelSelectionPanes.tsx(671,64): error TS7026: JSX element implicitly has type 'any' because no interface 'JSX.IntrinsicElements' exists.
vendor/pi-desktop/apps/desktop/src/components/settings/ModelSelectionPanes.tsx(673,9): error TS7026: JSX element implicitly has type 'any' because no interface 'JSX.IntrinsicElements' exists.
vendor/pi-desktop/apps/desktop/src/components/settings/ModelSelectionPanes.tsx(673,69): error TS7026: JSX element implicitly has type 'any' because no interface 'JSX.IntrinsicElements' exists.
vendor/pi-desktop/apps/desktop/src/components/settings/ModelSelectionPanes.tsx(676,9): error TS7026: JSX element implicitly has type 'any' because no interface 'JSX.IntrinsicElements' exists.
vendor/pi-desktop/apps/desktop/src/components/settings/ModelSelectionPanes.tsx(676,85): error TS7026: JSX element implicitly has type 'any' because no interface 'JSX.IntrinsicElements' exists.
vendor/pi-desktop/apps/desktop/src/components/settings/ModelSelectionPanes.tsx(678,5): error TS7026: JSX element implicitly has type 'any' because no interface 'JSX.IntrinsicElements' exists.
vendor/pi-desktop/apps/desktop/src/components/settings/ModelSelectionPanes.tsx(703,5): error TS7026: JSX element implicitly has type 'any' because no interface 'JSX.IntrinsicElements' exists.
vendor/pi-desktop/apps/desktop/src/components/settings/ModelSelectionPanes.tsx(704,7): error TS7026: JSX element implicitly has type 'any' because no interface 'JSX.IntrinsicElements' exists.
vendor/pi-desktop/apps/desktop/src/components/settings/ModelSelectionPanes.tsx(707,20): error TS7006: Parameter 'event' implicitly has an 'any' type.
vendor/pi-desktop/apps/desktop/src/components/settings/ModelSelectionPanes.tsx(711,7): error TS7026: JSX element implicitly has type 'any' because no interface 'JSX.IntrinsicElements' exists.
vendor/pi-desktop/apps/desktop/src/components/settings/ModelSelectionPanes.tsx(711,20): error TS7026: JSX element implicitly has type 'any' because no interface 'JSX.IntrinsicElements' exists.
vendor/pi-desktop/apps/desktop/src/components/settings/ModelSelectionPanes.tsx(712,5): error TS7026: JSX element implicitly has type 'any' because no interface 'JSX.IntrinsicElements' exists.
vendor/pi-desktop/apps/desktop/src/components/settings/NetworkProxySection.tsx(1,37): error TS7016: Could not find a declaration file for module 'react'. 'C:/cm-plan-next-20260910/vendor/pi-desktop/node_modules/.pnpm/react@19.2.8/node_modules/react/index.js' implicitly has an 'any' type.
  Try `npm i --save-dev @types/react` if it exists or add a new declaration (.d.ts) file containing `declare module 'react';`
vendor/pi-desktop/apps/desktop/src/components/settings/NetworkProxySection.tsx(19,13): error TS2503: Cannot find namespace 'React'.
vendor/pi-desktop/apps/desktop/src/components/settings/NetworkProxySection.tsx(22,5): error TS7026: JSX element implicitly has type 'any' because no interface 'JSX.IntrinsicElements' exists.
vendor/pi-desktop/apps/desktop/src/components/settings/NetworkProxySection.tsx(22,5): error TS7016: Could not find a declaration file for module 'react/jsx-runtime'. 'C:/cm-plan-next-20260910/vendor/pi-desktop/node_modules/.pnpm/react@19.2.8/node_modules/react/jsx-runtime.js' implicitly has an 'any' type.
  Try `npm i --save-dev @types/react` if it exists or add a new declaration (.d.ts) file containing `declare module 'react/jsx-runtime';`
vendor/pi-desktop/apps/desktop/src/components/settings/NetworkProxySection.tsx(23,7): error TS7026: JSX element implicitly has type 'any' because no interface 'JSX.IntrinsicElements' exists.
vendor/pi-desktop/apps/desktop/src/components/settings/NetworkProxySection.tsx(24,9): error TS7026: JSX element implicitly has type 'any' because no interface 'JSX.IntrinsicElements' exists.
vendor/pi-desktop/apps/desktop/src/components/settings/NetworkProxySection.tsx(24,52): error TS7026: JSX element implicitly has type 'any' because no interface 'JSX.IntrinsicElements' exists.
vendor/pi-desktop/apps/desktop/src/components/settings/NetworkProxySection.tsx(25,24): error TS7026: JSX element implicitly has type 'any' because no interface 'JSX.IntrinsicElements' exists.
vendor/pi-desktop/apps/desktop/src/components/settings/NetworkProxySection.tsx(25,72): error TS7026: JSX element implicitly has type 'any' because no interface 'JSX.IntrinsicElements' exists.
vendor/pi-desktop/apps/desktop/src/components/settings/NetworkProxySection.tsx(26,7): error TS7026: JSX element implicitly has type 'any' because no interface 'JSX.IntrinsicElements' exists.
vendor/pi-desktop/apps/desktop/src/components/settings/NetworkProxySection.tsx(27,7): error TS7026: JSX element implicitly has type 'any' because no interface 'JSX.IntrinsicElements' exists.
vendor/pi-desktop/apps/desktop/src/components/settings/NetworkProxySection.tsx(27,55): error TS7026: JSX element implicitly has type 'any' because no interface 'JSX.IntrinsicElements' exists.
vendor/pi-desktop/apps/desktop/src/components/settings/NetworkProxySection.tsx(28,5): error TS7026: JSX element implicitly has type 'any' because no interface 'JSX.IntrinsicElements' exists.
vendor/pi-desktop/apps/desktop/src/components/settings/NetworkProxySection.tsx(156,5): error TS7026: JSX element implicitly has type 'any' because no interface 'JSX.IntrinsicElements' exists.
vendor/pi-desktop/apps/desktop/src/components/settings/NetworkProxySection.tsx(157,7): error TS7026: JSX element implicitly has type 'any' because no interface 'JSX.IntrinsicElements' exists.
vendor/pi-desktop/apps/desktop/src/components/settings/NetworkProxySection.tsx(157,68): error TS7026: JSX element implicitly has type 'any' because no interface 'JSX.IntrinsicElements' exists.
vendor/pi-desktop/apps/desktop/src/components/settings/NetworkProxySection.tsx(158,7): error TS7026: JSX element implicitly has type 'any' because no interface 'JSX.IntrinsicElements' exists.
vendor/pi-desktop/apps/desktop/src/components/settings/NetworkProxySection.tsx(163,11): error TS7026: JSX element implicitly has type 'any' because no interface 'JSX.IntrinsicElements' exists.
vendor/pi-desktop/apps/desktop/src/components/settings/NetworkProxySection.tsx(169,15): error TS7026: JSX element implicitly has type 'any' because no interface 'JSX.IntrinsicElements' exists.
vendor/pi-desktop/apps/desktop/src/components/settings/NetworkProxySection.tsx(181,15): error TS7026: JSX element implicitly has type 'any' because no interface 'JSX.IntrinsicElements' exists.
vendor/pi-desktop/apps/desktop/src/components/settings/NetworkProxySection.tsx(183,11): error TS7026: JSX element implicitly has type 'any' because no interface 'JSX.IntrinsicElements' exists.
vendor/pi-desktop/apps/desktop/src/components/settings/NetworkProxySection.tsx(189,15): error TS7026: JSX element implicitly has type 'any' because no interface 'JSX.IntrinsicElements' exists.
vendor/pi-desktop/apps/desktop/src/components/settings/NetworkProxySection.tsx(195,30): error TS7006: Parameter 'event' implicitly has an 'any' type.
vendor/pi-desktop/apps/desktop/src/components/settings/NetworkProxySection.tsx(201,31): error TS7006: Parameter 'event' implicitly has an 'any' type.
vendor/pi-desktop/apps/desktop/src/components/settings/NetworkProxySection.tsx(209,19): error TS7026: JSX element implicitly has type 'any' because no interface 'JSX.IntrinsicElements' exists.
vendor/pi-desktop/apps/desktop/src/components/settings/NetworkProxySection.tsx(211,19): error TS7026: JSX element implicitly has type 'any' because no interface 'JSX.IntrinsicElements' exists.
vendor/pi-desktop/apps/desktop/src/components/settings/NetworkProxySection.tsx(213,15): error TS7026: JSX element implicitly has type 'any' because no interface 'JSX.IntrinsicElements' exists.
vendor/pi-desktop/apps/desktop/src/components/settings/NetworkProxySection.tsx(222,28): error TS7006: Parameter 'event' implicitly has an 'any' type.
vendor/pi-desktop/apps/desktop/src/components/settings/NetworkProxySection.tsx(224,29): error TS7006: Parameter 'event' implicitly has an 'any' type.
vendor/pi-desktop/apps/desktop/src/components/settings/NetworkProxySection.tsx(233,15): error TS7026: JSX element implicitly has type 'any' because no interface 'JSX.IntrinsicElements' exists.
vendor/pi-desktop/apps/desktop/src/components/settings/NetworkProxySection.tsx(242,19): error TS7026: JSX element implicitly has type 'any' because no interface 'JSX.IntrinsicElements' exists.
vendor/pi-desktop/apps/desktop/src/components/settings/NetworkProxySection.tsx(250,19): error TS7026: JSX element implicitly has type 'any' because no interface 'JSX.IntrinsicElements' exists.
vendor/pi-desktop/apps/desktop/src/components/settings/NetworkProxySection.tsx(252,15): error TS7026: JSX element implicitly has type 'any' because no interface 'JSX.IntrinsicElements' exists.
vendor/pi-desktop/apps/desktop/src/components/settings/NetworkProxySection.tsx(258,11): error TS7026: JSX element implicitly has type 'any' because no interface 'JSX.IntrinsicElements' exists.
vendor/pi-desktop/apps/desktop/src/components/settings/NetworkProxySection.tsx(260,11): error TS7026: JSX element implicitly has type 'any' because no interface 'JSX.IntrinsicElements' exists.
vendor/pi-desktop/apps/desktop/src/components/settings/NetworkProxySection.tsx(262,7): error TS7026: JSX element implicitly has type 'any' because no interface 'JSX.IntrinsicElements' exists.
vendor/pi-desktop/apps/desktop/src/components/settings/NetworkProxySection.tsx(263,5): error TS7026: JSX element implicitly has type 'any' because no interface 'JSX.IntrinsicElements' exists.
vendor/pi-desktop/apps/desktop/src/components/settings/OAuthLoginDialog.tsx(10,58): error TS7016: Could not find a declaration file for module 'react'. 'C:/cm-plan-next-20260910/vendor/pi-desktop/node_modules/.pnpm/react@19.2.8/node_modules/react/index.js' implicitly has an 'any' type.
  Try `npm i --save-dev @types/react` if it exists or add a new declaration (.d.ts) file containing `declare module 'react';`
vendor/pi-desktop/apps/desktop/src/components/settings/OAuthLoginDialog.tsx(81,22): error TS7006: Parameter 'current' implicitly has an 'any' type.
vendor/pi-desktop/apps/desktop/src/components/settings/OAuthLoginDialog.tsx(131,37): error TS7006: Parameter 'current' implicitly has an 'any' type.
vendor/pi-desktop/apps/desktop/src/components/settings/OAuthLoginDialog.tsx(148,5): error TS7026: JSX element implicitly has type 'any' because no interface 'JSX.IntrinsicElements' exists.
vendor/pi-desktop/apps/desktop/src/components/settings/OAuthLoginDialog.tsx(148,5): error TS7016: Could not find a declaration file for module 'react/jsx-runtime'. 'C:/cm-plan-next-20260910/vendor/pi-desktop/node_modules/.pnpm/react@19.2.8/node_modules/react/jsx-runtime.js' implicitly has an 'any' type.
  Try `npm i --save-dev @types/react` if it exists or add a new declaration (.d.ts) file containing `declare module 'react/jsx-runtime';`
vendor/pi-desktop/apps/desktop/src/components/settings/OAuthLoginDialog.tsx(149,7): error TS7026: JSX element implicitly has type 'any' because no interface 'JSX.IntrinsicElements' exists.
vendor/pi-desktop/apps/desktop/src/components/settings/OAuthLoginDialog.tsx(155,9): error TS7026: JSX element implicitly has type 'any' because no interface 'JSX.IntrinsicElements' exists.
vendor/pi-desktop/apps/desktop/src/components/settings/OAuthLoginDialog.tsx(157,9): error TS7026: JSX element implicitly has type 'any' because no interface 'JSX.IntrinsicElements' exists.
vendor/pi-desktop/apps/desktop/src/components/settings/OAuthLoginDialog.tsx(160,11): error TS7026: JSX element implicitly has type 'any' because no interface 'JSX.IntrinsicElements' exists.
vendor/pi-desktop/apps/desktop/src/components/settings/OAuthLoginDialog.tsx(160,47): error TS7026: JSX element implicitly has type 'any' because no interface 'JSX.IntrinsicElements' exists.
vendor/pi-desktop/apps/desktop/src/components/settings/OAuthLoginDialog.tsx(163,13): error TS7026: JSX element implicitly has type 'any' because no interface 'JSX.IntrinsicElements' exists.
vendor/pi-desktop/apps/desktop/src/components/settings/OAuthLoginDialog.tsx(163,51): error TS7026: JSX element implicitly has type 'any' because no interface 'JSX.IntrinsicElements' exists.
vendor/pi-desktop/apps/desktop/src/components/settings/OAuthLoginDialog.tsx(166,15): error TS7026: JSX element implicitly has type 'any' because no interface 'JSX.IntrinsicElements' exists.
vendor/pi-desktop/apps/desktop/src/components/settings/OAuthLoginDialog.tsx(167,17): error TS7026: JSX element implicitly has type 'any' because no interface 'JSX.IntrinsicElements' exists.
vendor/pi-desktop/apps/desktop/src/components/settings/OAuthLoginDialog.tsx(174,17): error TS7026: JSX element implicitly has type 'any' because no interface 'JSX.IntrinsicElements' exists.
vendor/pi-desktop/apps/desktop/src/components/settings/OAuthLoginDialog.tsx(175,17): error TS7026: JSX element implicitly has type 'any' because no interface 'JSX.IntrinsicElements' exists.
vendor/pi-desktop/apps/desktop/src/components/settings/OAuthLoginDialog.tsx(177,21): error TS7026: JSX element implicitly has type 'any' because no interface 'JSX.IntrinsicElements' exists.
vendor/pi-desktop/apps/desktop/src/components/settings/OAuthLoginDialog.tsx(183,23): error TS7026: JSX element implicitly has type 'any' because no interface 'JSX.IntrinsicElements' exists.
vendor/pi-desktop/apps/desktop/src/components/settings/OAuthLoginDialog.tsx(183,59): error TS7026: JSX element implicitly has type 'any' because no interface 'JSX.IntrinsicElements' exists.
vendor/pi-desktop/apps/desktop/src/components/settings/OAuthLoginDialog.tsx(184,21): error TS7026: JSX element implicitly has type 'any' because no interface 'JSX.IntrinsicElements' exists.
vendor/pi-desktop/apps/desktop/src/components/settings/OAuthLoginDialog.tsx(186,19): error TS7026: JSX element implicitly has type 'any' because no interface 'JSX.IntrinsicElements' exists.
vendor/pi-desktop/apps/desktop/src/components/settings/OAuthLoginDialog.tsx(193,21): error TS7026: JSX element implicitly has type 'any' because no interface 'JSX.IntrinsicElements' exists.
vendor/pi-desktop/apps/desktop/src/components/settings/OAuthLoginDialog.tsx(193,58): error TS7026: JSX element implicitly has type 'any' because no interface 'JSX.IntrinsicElements' exists.
vendor/pi-desktop/apps/desktop/src/components/settings/OAuthLoginDialog.tsx(194,19): error TS7026: JSX element implicitly has type 'any' because no interface 'JSX.IntrinsicElements' exists.
vendor/pi-desktop/apps/desktop/src/components/settings/OAuthLoginDialog.tsx(195,17): error TS7026: JSX element implicitly has type 'any' because no interface 'JSX.IntrinsicElements' exists.
vendor/pi-desktop/apps/desktop/src/components/settings/OAuthLoginDialog.tsx(196,15): error TS7026: JSX element implicitly has type 'any' because no interface 'JSX.IntrinsicElements' exists.
vendor/pi-desktop/apps/desktop/src/components/settings/OAuthLoginDialog.tsx(200,15): error TS7026: JSX element implicitly has type 'any' because no interface 'JSX.IntrinsicElements' exists.
vendor/pi-desktop/apps/desktop/src/components/settings/OAuthLoginDialog.tsx(201,17): error TS7026: JSX element implicitly has type 'any' because no interface 'JSX.IntrinsicElements' exists.
vendor/pi-desktop/apps/desktop/src/components/settings/OAuthLoginDialog.tsx(203,17): error TS7026: JSX element implicitly has type 'any' because no interface 'JSX.IntrinsicElements' exists.
vendor/pi-desktop/apps/desktop/src/components/settings/OAuthLoginDialog.tsx(204,17): error TS7026: JSX element implicitly has type 'any' because no interface 'JSX.IntrinsicElements' exists.
vendor/pi-desktop/apps/desktop/src/components/settings/OAuthLoginDialog.tsx(210,19): error TS7026: JSX element implicitly has type 'any' because no interface 'JSX.IntrinsicElements' exists.
vendor/pi-desktop/apps/desktop/src/components/settings/OAuthLoginDialog.tsx(210,46): error TS7026: JSX element implicitly has type 'any' because no interface 'JSX.IntrinsicElements' exists.
vendor/pi-desktop/apps/desktop/src/components/settings/OAuthLoginDialog.tsx(216,17): error TS7026: JSX element implicitly has type 'any' because no interface 'JSX.IntrinsicElements' exists.
vendor/pi-desktop/apps/desktop/src/components/settings/OAuthLoginDialog.tsx(217,17): error TS7026: JSX element implicitly has type 'any' because no interface 'JSX.IntrinsicElements' exists.
vendor/pi-desktop/apps/desktop/src/components/settings/OAuthLoginDialog.tsx(224,19): error TS7026: JSX element implicitly has type 'any' because no interface 'JSX.IntrinsicElements' exists.
vendor/pi-desktop/apps/desktop/src/components/settings/OAuthLoginDialog.tsx(224,53): error TS7026: JSX element implicitly has type 'any' because no interface 'JSX.IntrinsicElements' exists.
vendor/pi-desktop/apps/desktop/src/components/settings/OAuthLoginDialog.tsx(225,17): error TS7026: JSX element implicitly has type 'any' because no interface 'JSX.IntrinsicElements' exists.
vendor/pi-desktop/apps/desktop/src/components/settings/OAuthLoginDialog.tsx(226,15): error TS7026: JSX element implicitly has type 'any' because no interface 'JSX.IntrinsicElements' exists.
vendor/pi-desktop/apps/desktop/src/components/settings/OAuthLoginDialog.tsx(230,15): error TS7026: JSX element implicitly has type 'any' because no interface 'JSX.IntrinsicElements' exists.
vendor/pi-desktop/apps/desktop/src/components/settings/OAuthLoginDialog.tsx(231,17): error TS7026: JSX element implicitly has type 'any' because no interface 'JSX.IntrinsicElements' exists.
vendor/pi-desktop/apps/desktop/src/components/settings/OAuthLoginDialog.tsx(231,67): error TS7026: JSX element implicitly has type 'any' because no interface 'JSX.IntrinsicElements' exists.
vendor/pi-desktop/apps/desktop/src/components/settings/OAuthLoginDialog.tsx(233,19): error TS7026: JSX element implicitly has type 'any' because no interface 'JSX.IntrinsicElements' exists.
vendor/pi-desktop/apps/desktop/src/components/settings/OAuthLoginDialog.tsx(234,50): error TS7006: Parameter 'option' implicitly has an 'any' type.
vendor/pi-desktop/apps/desktop/src/components/settings/OAuthLoginDialog.tsx(235,23): error TS7026: JSX element implicitly has type 'any' because no interface 'JSX.IntrinsicElements' exists.
vendor/pi-desktop/apps/desktop/src/components/settings/OAuthLoginDialog.tsx(241,25): error TS7026: JSX element implicitly has type 'any' because no interface 'JSX.IntrinsicElements' exists.
vendor/pi-desktop/apps/desktop/src/components/settings/OAuthLoginDialog.tsx(241,76): error TS7026: JSX element implicitly has type 'any' because no interface 'JSX.IntrinsicElements' exists.
vendor/pi-desktop/apps/desktop/src/components/settings/OAuthLoginDialog.tsx(243,27): error TS7026: JSX element implicitly has type 'any' because no interface 'JSX.IntrinsicElements' exists.
vendor/pi-desktop/apps/desktop/src/components/settings/OAuthLoginDialog.tsx(243,83): error TS7026: JSX element implicitly has type 'any' because no interface 'JSX.IntrinsicElements' exists.
vendor/pi-desktop/apps/desktop/src/components/settings/OAuthLoginDialog.tsx(245,23): error TS7026: JSX element implicitly has type 'any' because no interface 'JSX.IntrinsicElements' exists.
vendor/pi-desktop/apps/desktop/src/components/settings/OAuthLoginDialog.tsx(247,19): error TS7026: JSX element implicitly has type 'any' because no interface 'JSX.IntrinsicElements' exists.
vendor/pi-desktop/apps/desktop/src/components/settings/OAuthLoginDialog.tsx(249,19): error TS7026: JSX element implicitly has type 'any' because no interface 'JSX.IntrinsicElements' exists.
vendor/pi-desktop/apps/desktop/src/components/settings/OAuthLoginDialog.tsx(251,32): error TS7006: Parameter 'event' implicitly has an 'any' type.
vendor/pi-desktop/apps/desktop/src/components/settings/OAuthLoginDialog.tsx(259,34): error TS7006: Parameter 'event' implicitly has an 'any' type.
vendor/pi-desktop/apps/desktop/src/components/settings/OAuthLoginDialog.tsx(270,19): error TS7026: JSX element implicitly has type 'any' because no interface 'JSX.IntrinsicElements' exists.
vendor/pi-desktop/apps/desktop/src/components/settings/OAuthLoginDialog.tsx(272,15): error TS7026: JSX element implicitly has type 'any' because no interface 'JSX.IntrinsicElements' exists.
vendor/pi-desktop/apps/desktop/src/components/settings/OAuthLoginDialog.tsx(277,9): error TS7026: JSX element implicitly has type 'any' because no interface 'JSX.IntrinsicElements' exists.
vendor/pi-desktop/apps/desktop/src/components/settings/OAuthLoginDialog.tsx(287,9): error TS7026: JSX element implicitly has type 'any' because no interface 'JSX.IntrinsicElements' exists.
vendor/pi-desktop/apps/desktop/src/components/settings/OAuthLoginDialog.tsx(288,7): error TS7026: JSX element implicitly has type 'any' because no interface 'JSX.IntrinsicElements' exists.
vendor/pi-desktop/apps/desktop/src/components/settings/OAuthLoginDialog.tsx(289,5): error TS7026: JSX element implicitly has type 'any' because no interface 'JSX.IntrinsicElements' exists.
vendor/pi-desktop/apps/desktop/src/components/settings/ProviderHeadersEditor.tsx(1,63): error TS7016: Could not find a declaration file for module 'react'. 'C:/cm-plan-next-20260910/vendor/pi-desktop/node_modules/.pnpm/react@19.2.8/node_modules/react/index.js' implicitly has an 'any' type.
  Try `npm i --save-dev @types/react` if it exists or add a new declaration (.d.ts) file containing `declare module 'react';`
vendor/pi-desktop/apps/desktop/src/components/settings/ProviderHeadersEditor.tsx(104,5): error TS7026: JSX element implicitly has type 'any' because no interface 'JSX.IntrinsicElements' exists.
vendor/pi-desktop/apps/desktop/src/components/settings/ProviderHeadersEditor.tsx(104,5): error TS7016: Could not find a declaration file for module 'react/jsx-runtime'. 'C:/cm-plan-next-20260910/vendor/pi-desktop/node_modules/.pnpm/react@19.2.8/node_modules/react/jsx-runtime.js' implicitly has an 'any' type.
  Try `npm i --save-dev @types/react` if it exists or add a new declaration (.d.ts) file containing `declare module 'react/jsx-runtime';`
vendor/pi-desktop/apps/desktop/src/components/settings/ProviderHeadersEditor.tsx(105,7): error TS7026: JSX element implicitly has type 'any' because no interface 'JSX.IntrinsicElements' exists.
vendor/pi-desktop/apps/desktop/src/components/settings/ProviderHeadersEditor.tsx(106,9): error TS7026: JSX element implicitly has type 'any' because no interface 'JSX.IntrinsicElements' exists.
vendor/pi-desktop/apps/desktop/src/components/settings/ProviderHeadersEditor.tsx(106,78): error TS7026: JSX element implicitly has type 'any' because no interface 'JSX.IntrinsicElements' exists.
vendor/pi-desktop/apps/desktop/src/components/settings/ProviderHeadersEditor.tsx(107,9): error TS7026: JSX element implicitly has type 'any' because no interface 'JSX.IntrinsicElements' exists.
vendor/pi-desktop/apps/desktop/src/components/settings/ProviderHeadersEditor.tsx(112,24): error TS7006: Parameter 'event' implicitly has an 'any' type.
vendor/pi-desktop/apps/desktop/src/components/settings/ProviderHeadersEditor.tsx(114,13): error TS7026: JSX element implicitly has type 'any' because no interface 'JSX.IntrinsicElements' exists.
vendor/pi-desktop/apps/desktop/src/components/settings/ProviderHeadersEditor.tsx(114,61): error TS7026: JSX element implicitly has type 'any' because no interface 'JSX.IntrinsicElements' exists.
vendor/pi-desktop/apps/desktop/src/components/settings/ProviderHeadersEditor.tsx(116,15): error TS7026: JSX element implicitly has type 'any' because no interface 'JSX.IntrinsicElements' exists.
vendor/pi-desktop/apps/desktop/src/components/settings/ProviderHeadersEditor.tsx(118,15): error TS7026: JSX element implicitly has type 'any' because no interface 'JSX.IntrinsicElements' exists.
vendor/pi-desktop/apps/desktop/src/components/settings/ProviderHeadersEditor.tsx(144,11): error TS7026: JSX element implicitly has type 'any' because no interface 'JSX.IntrinsicElements' exists.
vendor/pi-desktop/apps/desktop/src/components/settings/ProviderHeadersEditor.tsx(150,24): error TS7006: Parameter 'event' implicitly has an 'any' type.
vendor/pi-desktop/apps/desktop/src/components/settings/ProviderHeadersEditor.tsx(152,9): error TS7026: JSX element implicitly has type 'any' because no interface 'JSX.IntrinsicElements' exists.
vendor/pi-desktop/apps/desktop/src/components/settings/ProviderHeadersEditor.tsx(153,7): error TS7026: JSX element implicitly has type 'any' because no interface 'JSX.IntrinsicElements' exists.
vendor/pi-desktop/apps/desktop/src/components/settings/ProviderHeadersEditor.tsx(155,9): error TS7026: JSX element implicitly has type 'any' because no interface 'JSX.IntrinsicElements' exists.
vendor/pi-desktop/apps/desktop/src/components/settings/ProviderHeadersEditor.tsx(157,9): error TS7026: JSX element implicitly has type 'any' because no interface 'JSX.IntrinsicElements' exists.
vendor/pi-desktop/apps/desktop/src/components/settings/ProviderHeadersEditor.tsx(159,7): error TS7026: JSX element implicitly has type 'any' because no interface 'JSX.IntrinsicElements' exists.
vendor/pi-desktop/apps/desktop/src/components/settings/ProviderHeadersEditor.tsx(167,7): error TS7026: JSX element implicitly has type 'any' because no interface 'JSX.IntrinsicElements' exists.
vendor/pi-desktop/apps/desktop/src/components/settings/ProviderHeadersEditor.tsx(168,5): error TS7026: JSX element implicitly has type 'any' because no interface 'JSX.IntrinsicElements' exists.
vendor/pi-desktop/apps/desktop/src/components/settings/ProviderSetupDialog.tsx(7,45): error TS7016: Could not find a declaration file for module 'react'. 'C:/cm-plan-next-20260910/vendor/pi-desktop/node_modules/.pnpm/react@19.2.8/node_modules/react/index.js' implicitly has an 'any' type.
  Try `npm i --save-dev @types/react` if it exists or add a new declaration (.d.ts) file containing `declare module 'react';`
vendor/pi-desktop/apps/desktop/src/components/settings/ProviderSetupDialog.tsx(328,5): error TS7026: JSX element implicitly has type 'any' because no interface 'JSX.IntrinsicElements' exists.
vendor/pi-desktop/apps/desktop/src/components/settings/ProviderSetupDialog.tsx(328,5): error TS7016: Could not find a declaration file for module 'react/jsx-runtime'. 'C:/cm-plan-next-20260910/vendor/pi-desktop/node_modules/.pnpm/react@19.2.8/node_modules/react/jsx-runtime.js' implicitly has an 'any' type.
  Try `npm i --save-dev @types/react` if it exists or add a new declaration (.d.ts) file containing `declare module 'react/jsx-runtime';`
vendor/pi-desktop/apps/desktop/src/components/settings/ProviderSetupDialog.tsx(336,7): error TS7026: JSX element implicitly has type 'any' because no interface 'JSX.IntrinsicElements' exists.
vendor/pi-desktop/apps/desktop/src/components/settings/ProviderSetupDialog.tsx(341,19): error TS7006: Parameter 'event' implicitly has an 'any' type.
vendor/pi-desktop/apps/desktop/src/components/settings/ProviderSetupDialog.tsx(343,9): error TS7026: JSX element implicitly has type 'any' because no interface 'JSX.IntrinsicElements' exists.
vendor/pi-desktop/apps/desktop/src/components/settings/ProviderSetupDialog.tsx(344,11): error TS7026: JSX element implicitly has type 'any' because no interface 'JSX.IntrinsicElements' exists.
vendor/pi-desktop/apps/desktop/src/components/settings/ProviderSetupDialog.tsx(346,11): error TS7026: JSX element implicitly has type 'any' because no interface 'JSX.IntrinsicElements' exists.
vendor/pi-desktop/apps/desktop/src/components/settings/ProviderSetupDialog.tsx(347,11): error TS7026: JSX element implicitly has type 'any' because no interface 'JSX.IntrinsicElements' exists.
vendor/pi-desktop/apps/desktop/src/components/settings/ProviderSetupDialog.tsx(379,11): error TS7026: JSX element implicitly has type 'any' because no interface 'JSX.IntrinsicElements' exists.
vendor/pi-desktop/apps/desktop/src/components/settings/ProviderSetupDialog.tsx(380,9): error TS7026: JSX element implicitly has type 'any' because no interface 'JSX.IntrinsicElements' exists.
vendor/pi-desktop/apps/desktop/src/components/settings/ProviderSetupDialog.tsx(382,9): error TS7026: JSX element implicitly has type 'any' because no interface 'JSX.IntrinsicElements' exists.
vendor/pi-desktop/apps/desktop/src/components/settings/ProviderSetupDialog.tsx(383,20): error TS7026: JSX element implicitly has type 'any' because no interface 'JSX.IntrinsicElements' exists.
vendor/pi-desktop/apps/desktop/src/components/settings/ProviderSetupDialog.tsx(383,65): error TS7026: JSX element implicitly has type 'any' because no interface 'JSX.IntrinsicElements' exists.
vendor/pi-desktop/apps/desktop/src/components/settings/ProviderSetupDialog.tsx(385,11): error TS7026: JSX element implicitly has type 'any' because no interface 'JSX.IntrinsicElements' exists.
vendor/pi-desktop/apps/desktop/src/components/settings/ProviderSetupDialog.tsx(386,13): error TS7026: JSX element implicitly has type 'any' because no interface 'JSX.IntrinsicElements' exists.
vendor/pi-desktop/apps/desktop/src/components/settings/ProviderSetupDialog.tsx(395,15): error TS7026: JSX element implicitly has type 'any' because no interface 'JSX.IntrinsicElements' exists.
vendor/pi-desktop/apps/desktop/src/components/settings/ProviderSetupDialog.tsx(400,17): error TS7026: JSX element implicitly has type 'any' because no interface 'JSX.IntrinsicElements' exists.
vendor/pi-desktop/apps/desktop/src/components/settings/ProviderSetupDialog.tsx(409,17): error TS7026: JSX element implicitly has type 'any' because no interface 'JSX.IntrinsicElements' exists.
vendor/pi-desktop/apps/desktop/src/components/settings/ProviderSetupDialog.tsx(424,34): error TS7006: Parameter 'event' implicitly has an 'any' type.
vendor/pi-desktop/apps/desktop/src/components/settings/ProviderSetupDialog.tsx(428,15): error TS7026: JSX element implicitly has type 'any' because no interface 'JSX.IntrinsicElements' exists.
vendor/pi-desktop/apps/desktop/src/components/settings/ProviderSetupDialog.tsx(431,17): error TS7026: JSX element implicitly has type 'any' because no interface 'JSX.IntrinsicElements' exists.
vendor/pi-desktop/apps/desktop/src/components/settings/ProviderSetupDialog.tsx(433,17): error TS7026: JSX element implicitly has type 'any' because no interface 'JSX.IntrinsicElements' exists.
vendor/pi-desktop/apps/desktop/src/components/settings/ProviderSetupDialog.tsx(438,19): error TS7026: JSX element implicitly has type 'any' because no interface 'JSX.IntrinsicElements' exists.
vendor/pi-desktop/apps/desktop/src/components/settings/ProviderSetupDialog.tsx(444,36): error TS7006: Parameter 'event' implicitly has an 'any' type.
vendor/pi-desktop/apps/desktop/src/components/settings/ProviderSetupDialog.tsx(447,21): error TS7026: JSX element implicitly has type 'any' because no interface 'JSX.IntrinsicElements' exists.
vendor/pi-desktop/apps/desktop/src/components/settings/ProviderSetupDialog.tsx(458,38): error TS7006: Parameter 'event' implicitly has an 'any' type.
vendor/pi-desktop/apps/desktop/src/components/settings/ProviderSetupDialog.tsx(465,27): error TS7026: JSX element implicitly has type 'any' because no interface 'JSX.IntrinsicElements' exists.
vendor/pi-desktop/apps/desktop/src/components/settings/ProviderSetupDialog.tsx(471,27): error TS7026: JSX element implicitly has type 'any' because no interface 'JSX.IntrinsicElements' exists.
vendor/pi-desktop/apps/desktop/src/components/settings/ProviderSetupDialog.tsx(474,21): error TS7026: JSX element implicitly has type 'any' because no interface 'JSX.IntrinsicElements' exists.
vendor/pi-desktop/apps/desktop/src/components/settings/ProviderSetupDialog.tsx(475,19): error TS7026: JSX element implicitly has type 'any' because no interface 'JSX.IntrinsicElements' exists.
vendor/pi-desktop/apps/desktop/src/components/settings/ProviderSetupDialog.tsx(476,19): error TS7026: JSX element implicitly has type 'any' because no interface 'JSX.IntrinsicElements' exists.
vendor/pi-desktop/apps/desktop/src/components/settings/ProviderSetupDialog.tsx(488,36): error TS7006: Parameter 'event' implicitly has an 'any' type.
vendor/pi-desktop/apps/desktop/src/components/settings/ProviderSetupDialog.tsx(495,36): error TS7006: Parameter 'event' implicitly has an 'any' type.
vendor/pi-desktop/apps/desktop/src/components/settings/ProviderSetupDialog.tsx(501,29): error TS7026: JSX element implicitly has type 'any' because no interface 'JSX.IntrinsicElements' exists.
vendor/pi-desktop/apps/desktop/src/components/settings/ProviderSetupDialog.tsx(503,29): error TS7026: JSX element implicitly has type 'any' because no interface 'JSX.IntrinsicElements' exists.
vendor/pi-desktop/apps/desktop/src/components/settings/ProviderSetupDialog.tsx(508,19): error TS7026: JSX element implicitly has type 'any' because no interface 'JSX.IntrinsicElements' exists.
vendor/pi-desktop/apps/desktop/src/components/settings/ProviderSetupDialog.tsx(511,13): error TS7026: JSX element implicitly has type 'any' because no interface 'JSX.IntrinsicElements' exists.
vendor/pi-desktop/apps/desktop/src/components/settings/ProviderSetupDialog.tsx(514,15): error TS7026: JSX element implicitly has type 'any' because no interface 'JSX.IntrinsicElements' exists.
vendor/pi-desktop/apps/desktop/src/components/settings/ProviderSetupDialog.tsx(515,17): error TS7026: JSX element implicitly has type 'any' because no interface 'JSX.IntrinsicElements' exists.
vendor/pi-desktop/apps/desktop/src/components/settings/ProviderSetupDialog.tsx(515,79): error TS7026: JSX element implicitly has type 'any' because no interface 'JSX.IntrinsicElements' exists.
vendor/pi-desktop/apps/desktop/src/components/settings/ProviderSetupDialog.tsx(516,15): error TS7026: JSX element implicitly has type 'any' because no interface 'JSX.IntrinsicElements' exists.
vendor/pi-desktop/apps/desktop/src/components/settings/ProviderSetupDialog.tsx(518,11): error TS7026: JSX element implicitly has type 'any' because no interface 'JSX.IntrinsicElements' exists.
vendor/pi-desktop/apps/desktop/src/components/settings/ProviderSetupDialog.tsx(527,9): error TS7026: JSX element implicitly has type 'any' because no interface 'JSX.IntrinsicElements' exists.
vendor/pi-desktop/apps/desktop/src/components/settings/ProviderSetupDialog.tsx(528,7): error TS7026: JSX element implicitly has type 'any' because no interface 'JSX.IntrinsicElements' exists.
vendor/pi-desktop/apps/desktop/src/components/settings/ProviderSetupDialog.tsx(531,9): error TS7026: JSX element implicitly has type 'any' because no interface 'JSX.IntrinsicElements' exists.
vendor/pi-desktop/apps/desktop/src/components/settings/ProviderSetupDialog.tsx(534,21): error TS7006: Parameter 'event' implicitly has an 'any' type.
vendor/pi-desktop/apps/desktop/src/components/settings/ProviderSetupDialog.tsx(539,11): error TS7026: JSX element implicitly has type 'any' because no interface 'JSX.IntrinsicElements' exists.
vendor/pi-desktop/apps/desktop/src/components/settings/ProviderSetupDialog.tsx(544,23): error TS7006: Parameter 'event' implicitly has an 'any' type.
vendor/pi-desktop/apps/desktop/src/components/settings/ProviderSetupDialog.tsx(546,13): error TS7026: JSX element implicitly has type 'any' because no interface 'JSX.IntrinsicElements' exists.
vendor/pi-desktop/apps/desktop/src/components/settings/ProviderSetupDialog.tsx(547,15): error TS7026: JSX element implicitly has type 'any' because no interface 'JSX.IntrinsicElements' exists.
vendor/pi-desktop/apps/desktop/src/components/settings/ProviderSetupDialog.tsx(549,15): error TS7026: JSX element implicitly has type 'any' because no interface 'JSX.IntrinsicElements' exists.
vendor/pi-desktop/apps/desktop/src/components/settings/ProviderSetupDialog.tsx(553,13): error TS7026: JSX element implicitly has type 'any' because no interface 'JSX.IntrinsicElements' exists.
vendor/pi-desktop/apps/desktop/src/components/settings/ProviderSetupDialog.tsx(554,13): error TS7026: JSX element implicitly has type 'any' because no interface 'JSX.IntrinsicElements' exists.
vendor/pi-desktop/apps/desktop/src/components/settings/ProviderSetupDialog.tsx(555,15): error TS7026: JSX element implicitly has type 'any' because no interface 'JSX.IntrinsicElements' exists.
vendor/pi-desktop/apps/desktop/src/components/settings/ProviderSetupDialog.tsx(560,34): error TS7006: Parameter 'event' implicitly has an 'any' type.
vendor/pi-desktop/apps/desktop/src/components/settings/ProviderSetupDialog.tsx(565,15): error TS7026: JSX element implicitly has type 'any' because no interface 'JSX.IntrinsicElements' exists.
vendor/pi-desktop/apps/desktop/src/components/settings/ProviderSetupDialog.tsx(566,13): error TS7026: JSX element implicitly has type 'any' because no interface 'JSX.IntrinsicElements' exists.
vendor/pi-desktop/apps/desktop/src/components/settings/ProviderSetupDialog.tsx(567,11): error TS7026: JSX element implicitly has type 'any' because no interface 'JSX.IntrinsicElements' exists.
vendor/pi-desktop/apps/desktop/src/components/settings/ProviderSetupDialog.tsx(568,9): error TS7026: JSX element implicitly has type 'any' because no interface 'JSX.IntrinsicElements' exists.
vendor/pi-desktop/apps/desktop/src/components/settings/ProviderSetupDialog.tsx(570,5): error TS7026: JSX element implicitly has type 'any' because no interface 'JSX.IntrinsicElements' exists.
vendor/pi-desktop/apps/desktop/src/components/settings/ServicePicker.tsx(8,54): error TS7016: Could not find a declaration file for module 'react'. 'C:/cm-plan-next-20260910/vendor/pi-desktop/node_modules/.pnpm/react@19.2.8/node_modules/react/index.js' implicitly has an 'any' type.
  Try `npm i --save-dev @types/react` if it exists or add a new declaration (.d.ts) file containing `declare module 'react';`
vendor/pi-desktop/apps/desktop/src/components/settings/ServicePicker.tsx(74,28): error TS7006: Parameter 'option' implicitly has an 'any' type.
vendor/pi-desktop/apps/desktop/src/components/settings/ServicePicker.tsx(77,49): error TS7006: Parameter 'option' implicitly has an 'any' type.
vendor/pi-desktop/apps/desktop/src/components/settings/ServicePicker.tsx(80,18): error TS7006: Parameter 'current' implicitly has an 'any' type.
vendor/pi-desktop/apps/desktop/src/components/settings/ServicePicker.tsx(90,34): error TS7006: Parameter 'option' implicitly has an 'any' type.
vendor/pi-desktop/apps/desktop/src/components/settings/ServicePicker.tsx(118,5): error TS7016: Could not find a declaration file for module 'react/jsx-runtime'. 'C:/cm-plan-next-20260910/vendor/pi-desktop/node_modules/.pnpm/react@19.2.8/node_modules/react/jsx-runtime.js' implicitly has an 'any' type.
  Try `npm i --save-dev @types/react` if it exists or add a new declaration (.d.ts) file containing `declare module 'react/jsx-runtime';`
vendor/pi-desktop/apps/desktop/src/components/settings/ServicePicker.tsx(127,9): error TS7026: JSX element implicitly has type 'any' because no interface 'JSX.IntrinsicElements' exists.
vendor/pi-desktop/apps/desktop/src/components/settings/ServicePicker.tsx(143,22): error TS7006: Parameter 'current' implicitly has an 'any' type.
vendor/pi-desktop/apps/desktop/src/components/settings/ServicePicker.tsx(146,11): error TS7026: JSX element implicitly has type 'any' because no interface 'JSX.IntrinsicElements' exists.
vendor/pi-desktop/apps/desktop/src/components/settings/ServicePicker.tsx(146,74): error TS7026: JSX element implicitly has type 'any' because no interface 'JSX.IntrinsicElements' exists.
vendor/pi-desktop/apps/desktop/src/components/settings/ServicePicker.tsx(148,13): error TS2322: Type '{ className: string; size: number; "aria-hidden": true; }' is not assignable to type 'LucideProps'.
  Property 'className' does not exist on type 'LucideProps'.
vendor/pi-desktop/apps/desktop/src/components/settings/ServicePicker.tsx(152,9): error TS7026: JSX element implicitly has type 'any' because no interface 'JSX.IntrinsicElements' exists.
vendor/pi-desktop/apps/desktop/src/components/settings/ServicePicker.tsx(155,7): error TS7026: JSX element implicitly has type 'any' because no interface 'JSX.IntrinsicElements' exists.
vendor/pi-desktop/apps/desktop/src/components/settings/ServicePicker.tsx(159,22): error TS7006: Parameter 'event' implicitly has an 'any' type.
vendor/pi-desktop/apps/desktop/src/components/settings/ServicePicker.tsx(163,23): error TS7006: Parameter 'event' implicitly has an 'any' type.
vendor/pi-desktop/apps/desktop/src/components/settings/ServicePicker.tsx(176,7): error TS7026: JSX element implicitly has type 'any' because no interface 'JSX.IntrinsicElements' exists.
vendor/pi-desktop/apps/desktop/src/components/settings/ServicePicker.tsx(177,7): error TS7026: JSX element implicitly has type 'any' because no interface 'JSX.IntrinsicElements' exists.
vendor/pi-desktop/apps/desktop/src/components/settings/ServicePicker.tsx(179,11): error TS7026: JSX element implicitly has type 'any' because no interface 'JSX.IntrinsicElements' exists.
vendor/pi-desktop/apps/desktop/src/components/settings/ServicePicker.tsx(181,11): error TS7026: JSX element implicitly has type 'any' because no interface 'JSX.IntrinsicElements' exists.
vendor/pi-desktop/apps/desktop/src/components/settings/ServicePicker.tsx(183,11): error TS7026: JSX element implicitly has type 'any' because no interface 'JSX.IntrinsicElements' exists.
vendor/pi-desktop/apps/desktop/src/components/settings/ServicePicker.tsx(184,27): error TS7006: Parameter 'option' implicitly has an 'any' type.
vendor/pi-desktop/apps/desktop/src/components/settings/ServicePicker.tsx(188,17): error TS7026: JSX element implicitly has type 'any' because no interface 'JSX.IntrinsicElements' exists.
vendor/pi-desktop/apps/desktop/src/components/settings/ServicePicker.tsx(189,19): error TS7026: JSX element implicitly has type 'any' because no interface 'JSX.IntrinsicElements' exists.
vendor/pi-desktop/apps/desktop/src/components/settings/ServicePicker.tsx(190,27): error TS7006: Parameter 'node' implicitly has an 'any' type.
vendor/pi-desktop/apps/desktop/src/components/settings/ServicePicker.tsx(206,21): error TS7026: JSX element implicitly has type 'any' because no interface 'JSX.IntrinsicElements' exists.
vendor/pi-desktop/apps/desktop/src/components/settings/ServicePicker.tsx(208,21): error TS7026: JSX element implicitly has type 'any' because no interface 'JSX.IntrinsicElements' exists.
vendor/pi-desktop/apps/desktop/src/components/settings/ServicePicker.tsx(209,21): error TS7026: JSX element implicitly has type 'any' because no interface 'JSX.IntrinsicElements' exists.
vendor/pi-desktop/apps/desktop/src/components/settings/ServicePicker.tsx(211,21): error TS7026: JSX element implicitly has type 'any' because no interface 'JSX.IntrinsicElements' exists.
vendor/pi-desktop/apps/desktop/src/components/settings/ServicePicker.tsx(212,19): error TS7026: JSX element implicitly has type 'any' because no interface 'JSX.IntrinsicElements' exists.
vendor/pi-desktop/apps/desktop/src/components/settings/ServicePicker.tsx(213,17): error TS7026: JSX element implicitly has type 'any' because no interface 'JSX.IntrinsicElements' exists.
vendor/pi-desktop/apps/desktop/src/components/settings/ServicePicker.tsx(216,11): error TS7026: JSX element implicitly has type 'any' because no interface 'JSX.IntrinsicElements' exists.
vendor/pi-desktop/apps/desktop/src/components/settings/ServicePicker.tsx(218,7): error TS7026: JSX element implicitly has type 'any' because no interface 'JSX.IntrinsicElements' exists.
vendor/pi-desktop/apps/desktop/src/components/settings/SkillEditorSheet.tsx(1,37): error TS7016: Could not find a declaration file for module 'react'. 'C:/cm-plan-next-20260910/vendor/pi-desktop/node_modules/.pnpm/react@19.2.8/node_modules/react/index.js' implicitly has an 'any' type.
  Try `npm i --save-dev @types/react` if it exists or add a new declaration (.d.ts) file containing `declare module 'react';`
vendor/pi-desktop/apps/desktop/src/components/settings/SkillEditorSheet.tsx(118,5): error TS7026: JSX element implicitly has type 'any' because no interface 'JSX.IntrinsicElements' exists.
vendor/pi-desktop/apps/desktop/src/components/settings/SkillEditorSheet.tsx(118,5): error TS7016: Could not find a declaration file for module 'react/jsx-runtime'. 'C:/cm-plan-next-20260910/vendor/pi-desktop/node_modules/.pnpm/react@19.2.8/node_modules/react/jsx-runtime.js' implicitly has an 'any' type.
  Try `npm i --save-dev @types/react` if it exists or add a new declaration (.d.ts) file containing `declare module 'react/jsx-runtime';`
vendor/pi-desktop/apps/desktop/src/components/settings/SkillEditorSheet.tsx(119,7): error TS7026: JSX element implicitly has type 'any' because no interface 'JSX.IntrinsicElements' exists.
vendor/pi-desktop/apps/desktop/src/components/settings/SkillEditorSheet.tsx(120,9): error TS7026: JSX element implicitly has type 'any' because no interface 'JSX.IntrinsicElements' exists.
vendor/pi-desktop/apps/desktop/src/components/settings/SkillEditorSheet.tsx(120,56): error TS7026: JSX element implicitly has type 'any' because no interface 'JSX.IntrinsicElements' exists.
vendor/pi-desktop/apps/desktop/src/components/settings/SkillEditorSheet.tsx(121,9): error TS7026: JSX element implicitly has type 'any' because no interface 'JSX.IntrinsicElements' exists.
vendor/pi-desktop/apps/desktop/src/components/settings/SkillEditorSheet.tsx(125,9): error TS7026: JSX element implicitly has type 'any' because no interface 'JSX.IntrinsicElements' exists.
vendor/pi-desktop/apps/desktop/src/components/settings/SkillEditorSheet.tsx(126,7): error TS7026: JSX element implicitly has type 'any' because no interface 'JSX.IntrinsicElements' exists.
vendor/pi-desktop/apps/desktop/src/components/settings/SkillEditorSheet.tsx(127,7): error TS7026: JSX element implicitly has type 'any' because no interface 'JSX.IntrinsicElements' exists.
vendor/pi-desktop/apps/desktop/src/components/settings/SkillEditorSheet.tsx(135,9): error TS7026: JSX element implicitly has type 'any' because no interface 'JSX.IntrinsicElements' exists.
vendor/pi-desktop/apps/desktop/src/components/settings/SkillEditorSheet.tsx(136,7): error TS7026: JSX element implicitly has type 'any' because no interface 'JSX.IntrinsicElements' exists.
vendor/pi-desktop/apps/desktop/src/components/settings/SkillEditorSheet.tsx(137,5): error TS7026: JSX element implicitly has type 'any' because no interface 'JSX.IntrinsicElements' exists.
vendor/pi-desktop/apps/desktop/src/components/settings/SkillEditorSheet.tsx(198,5): error TS7026: JSX element implicitly has type 'any' because no interface 'JSX.IntrinsicElements' exists.
vendor/pi-desktop/apps/desktop/src/components/settings/SkillEditorSheet.tsx(201,21): error TS7006: Parameter 'event' implicitly has an 'any' type.
vendor/pi-desktop/apps/desktop/src/components/settings/SkillEditorSheet.tsx(205,7): error TS7026: JSX element implicitly has type 'any' because no interface 'JSX.IntrinsicElements' exists.
vendor/pi-desktop/apps/desktop/src/components/settings/SkillEditorSheet.tsx(206,9): error TS7026: JSX element implicitly has type 'any' because no interface 'JSX.IntrinsicElements' exists.
vendor/pi-desktop/apps/desktop/src/components/settings/SkillEditorSheet.tsx(207,11): error TS7026: JSX element implicitly has type 'any' because no interface 'JSX.IntrinsicElements' exists.
vendor/pi-desktop/apps/desktop/src/components/settings/SkillEditorSheet.tsx(208,13): error TS7026: JSX element implicitly has type 'any' because no interface 'JSX.IntrinsicElements' exists.
vendor/pi-desktop/apps/desktop/src/components/settings/SkillEditorSheet.tsx(210,13): error TS7026: JSX element implicitly has type 'any' because no interface 'JSX.IntrinsicElements' exists.
vendor/pi-desktop/apps/desktop/src/components/settings/SkillEditorSheet.tsx(211,13): error TS7026: JSX element implicitly has type 'any' because no interface 'JSX.IntrinsicElements' exists.
vendor/pi-desktop/apps/desktop/src/components/settings/SkillEditorSheet.tsx(211,80): error TS7026: JSX element implicitly has type 'any' because no interface 'JSX.IntrinsicElements' exists.
vendor/pi-desktop/apps/desktop/src/components/settings/SkillEditorSheet.tsx(212,11): error TS7026: JSX element implicitly has type 'any' because no interface 'JSX.IntrinsicElements' exists.
vendor/pi-desktop/apps/desktop/src/components/settings/SkillEditorSheet.tsx(213,11): error TS7026: JSX element implicitly has type 'any' because no interface 'JSX.IntrinsicElements' exists.
vendor/pi-desktop/apps/desktop/src/components/settings/SkillEditorSheet.tsx(220,11): error TS7026: JSX element implicitly has type 'any' because no interface 'JSX.IntrinsicElements' exists.
vendor/pi-desktop/apps/desktop/src/components/settings/SkillEditorSheet.tsx(221,9): error TS7026: JSX element implicitly has type 'any' because no interface 'JSX.IntrinsicElements' exists.
vendor/pi-desktop/apps/desktop/src/components/settings/SkillEditorSheet.tsx(223,9): error TS7026: JSX element implicitly has type 'any' because no interface 'JSX.IntrinsicElements' exists.
vendor/pi-desktop/apps/desktop/src/components/settings/SkillEditorSheet.tsx(236,26): error TS7006: Parameter 'event' implicitly has an 'any' type.
vendor/pi-desktop/apps/desktop/src/components/settings/SkillEditorSheet.tsx(251,26): error TS7006: Parameter 'event' implicitly has an 'any' type.
vendor/pi-desktop/apps/desktop/src/components/settings/SkillEditorSheet.tsx(255,11): error TS7026: JSX element implicitly has type 'any' because no interface 'JSX.IntrinsicElements' exists.
vendor/pi-desktop/apps/desktop/src/components/settings/SkillEditorSheet.tsx(256,13): error TS7026: JSX element implicitly has type 'any' because no interface 'JSX.IntrinsicElements' exists.
vendor/pi-desktop/apps/desktop/src/components/settings/SkillEditorSheet.tsx(257,15): error TS7026: JSX element implicitly has type 'any' because no interface 'JSX.IntrinsicElements' exists.
vendor/pi-desktop/apps/desktop/src/components/settings/SkillEditorSheet.tsx(257,50): error TS7026: JSX element implicitly has type 'any' because no interface 'JSX.IntrinsicElements' exists.
vendor/pi-desktop/apps/desktop/src/components/settings/SkillEditorSheet.tsx(258,15): error TS7026: JSX element implicitly has type 'any' because no interface 'JSX.IntrinsicElements' exists.
vendor/pi-desktop/apps/desktop/src/components/settings/SkillEditorSheet.tsx(271,15): error TS7026: JSX element implicitly has type 'any' because no interface 'JSX.IntrinsicElements' exists.
vendor/pi-desktop/apps/desktop/src/components/settings/SkillEditorSheet.tsx(272,13): error TS7026: JSX element implicitly has type 'any' because no interface 'JSX.IntrinsicElements' exists.
vendor/pi-desktop/apps/desktop/src/components/settings/SkillEditorSheet.tsx(273,13): error TS7026: JSX element implicitly has type 'any' because no interface 'JSX.IntrinsicElements' exists.
vendor/pi-desktop/apps/desktop/src/components/settings/SkillEditorSheet.tsx(273,76): error TS7026: JSX element implicitly has type 'any' because no interface 'JSX.IntrinsicElements' exists.
vendor/pi-desktop/apps/desktop/src/components/settings/SkillEditorSheet.tsx(281,26): error TS7006: Parameter 'event' implicitly has an 'any' type.
vendor/pi-desktop/apps/desktop/src/components/settings/SkillEditorSheet.tsx(283,11): error TS7026: JSX element implicitly has type 'any' because no interface 'JSX.IntrinsicElements' exists.
vendor/pi-desktop/apps/desktop/src/components/settings/SkillEditorSheet.tsx(285,11): error TS7026: JSX element implicitly has type 'any' because no interface 'JSX.IntrinsicElements' exists.
vendor/pi-desktop/apps/desktop/src/components/settings/SkillEditorSheet.tsx(286,13): error TS7026: JSX element implicitly has type 'any' because no interface 'JSX.IntrinsicElements' exists.
vendor/pi-desktop/apps/desktop/src/components/settings/SkillEditorSheet.tsx(286,67): error TS7026: JSX element implicitly has type 'any' because no interface 'JSX.IntrinsicElements' exists.
vendor/pi-desktop/apps/desktop/src/components/settings/SkillEditorSheet.tsx(287,13): error TS7026: JSX element implicitly has type 'any' because no interface 'JSX.IntrinsicElements' exists.
vendor/pi-desktop/apps/desktop/src/components/settings/SkillEditorSheet.tsx(287,68): error TS7026: JSX element implicitly has type 'any' because no interface 'JSX.IntrinsicElements' exists.
vendor/pi-desktop/apps/desktop/src/components/settings/SkillEditorSheet.tsx(294,11): error TS7026: JSX element implicitly has type 'any' because no interface 'JSX.IntrinsicElements' exists.
vendor/pi-desktop/apps/desktop/src/components/settings/SkillEditorSheet.tsx(295,1): error TS7026: JSX element implicitly has type 'any' because no interface 'JSX.IntrinsicElements' exists.
vendor/pi-desktop/apps/desktop/src/components/settings/SkillEditorSheet.tsx(297,34): error TS7026: JSX element implicitly has type 'any' because no interface 'JSX.IntrinsicElements' exists.
vendor/pi-desktop/apps/desktop/src/components/settings/SkillEditorSheet.tsx(297,78): error TS7026: JSX element implicitly has type 'any' because no interface 'JSX.IntrinsicElements' exists.
vendor/pi-desktop/apps/desktop/src/components/settings/SkillEditorSheet.tsx(298,9): error TS7026: JSX element implicitly has type 'any' because no interface 'JSX.IntrinsicElements' exists.
vendor/pi-desktop/apps/desktop/src/components/settings/SkillEditorSheet.tsx(305,13): error TS7026: JSX element implicitly has type 'any' because no interface 'JSX.IntrinsicElements' exists.
vendor/pi-desktop/apps/desktop/src/components/settings/SkillEditorSheet.tsx(305,80): error TS7026: JSX element implicitly has type 'any' because no interface 'JSX.IntrinsicElements' exists.
vendor/pi-desktop/apps/desktop/src/components/settings/SkillEditorSheet.tsx(307,11): error TS7026: JSX element implicitly has type 'any' because no interface 'JSX.IntrinsicElements' exists.
vendor/pi-desktop/apps/desktop/src/components/settings/SkillEditorSheet.tsx(319,11): error TS7026: JSX element implicitly has type 'any' because no interface 'JSX.IntrinsicElements' exists.
vendor/pi-desktop/apps/desktop/src/components/settings/SkillEditorSheet.tsx(320,9): error TS7026: JSX element implicitly has type 'any' because no interface 'JSX.IntrinsicElements' exists.
vendor/pi-desktop/apps/desktop/src/components/settings/SkillEditorSheet.tsx(321,7): error TS7026: JSX element implicitly has type 'any' because no interface 'JSX.IntrinsicElements' exists.
vendor/pi-desktop/apps/desktop/src/components/settings/SkillEditorSheet.tsx(322,5): error TS7026: JSX element implicitly has type 'any' because no interface 'JSX.IntrinsicElements' exists.
vendor/pi-desktop/apps/desktop/src/components/settings/SubagentEditorSheet.tsx(1,37): error TS7016: Could not find a declaration file for module 'react'. 'C:/cm-plan-next-20260910/vendor/pi-desktop/node_modules/.pnpm/react@19.2.8/node_modules/react/index.js' implicitly has an 'any' type.
  Try `npm i --save-dev @types/react` if it exists or add a new declaration (.d.ts) file containing `declare module 'react';`
vendor/pi-desktop/apps/desktop/src/components/settings/SubagentEditorSheet.tsx(146,5): error TS7026: JSX element implicitly has type 'any' because no interface 'JSX.IntrinsicElements' exists.
vendor/pi-desktop/apps/desktop/src/components/settings/SubagentEditorSheet.tsx(146,5): error TS7016: Could not find a declaration file for module 'react/jsx-runtime'. 'C:/cm-plan-next-20260910/vendor/pi-desktop/node_modules/.pnpm/react@19.2.8/node_modules/react/jsx-runtime.js' implicitly has an 'any' type.
  Try `npm i --save-dev @types/react` if it exists or add a new declaration (.d.ts) file containing `declare module 'react/jsx-runtime';`
vendor/pi-desktop/apps/desktop/src/components/settings/SubagentEditorSheet.tsx(147,7): error TS7026: JSX element implicitly has type 'any' because no interface 'JSX.IntrinsicElements' exists.
vendor/pi-desktop/apps/desktop/src/components/settings/SubagentEditorSheet.tsx(148,9): error TS7026: JSX element implicitly has type 'any' because no interface 'JSX.IntrinsicElements' exists.
vendor/pi-desktop/apps/desktop/src/components/settings/SubagentEditorSheet.tsx(148,76): error TS7026: JSX element implicitly has type 'any' because no interface 'JSX.IntrinsicElements' exists.
vendor/pi-desktop/apps/desktop/src/components/settings/SubagentEditorSheet.tsx(149,9): error TS7026: JSX element implicitly has type 'any' because no interface 'JSX.IntrinsicElements' exists.
vendor/pi-desktop/apps/desktop/src/components/settings/SubagentEditorSheet.tsx(149,83): error TS7026: JSX element implicitly has type 'any' because no interface 'JSX.IntrinsicElements' exists.
vendor/pi-desktop/apps/desktop/src/components/settings/SubagentEditorSheet.tsx(150,7): error TS7026: JSX element implicitly has type 'any' because no interface 'JSX.IntrinsicElements' exists.
vendor/pi-desktop/apps/desktop/src/components/settings/SubagentEditorSheet.tsx(151,7): error TS7026: JSX element implicitly has type 'any' because no interface 'JSX.IntrinsicElements' exists.
vendor/pi-desktop/apps/desktop/src/components/settings/SubagentEditorSheet.tsx(159,9): error TS7026: JSX element implicitly has type 'any' because no interface 'JSX.IntrinsicElements' exists.
vendor/pi-desktop/apps/desktop/src/components/settings/SubagentEditorSheet.tsx(160,7): error TS7026: JSX element implicitly has type 'any' because no interface 'JSX.IntrinsicElements' exists.
vendor/pi-desktop/apps/desktop/src/components/settings/SubagentEditorSheet.tsx(161,5): error TS7026: JSX element implicitly has type 'any' because no interface 'JSX.IntrinsicElements' exists.
vendor/pi-desktop/apps/desktop/src/components/settings/SubagentEditorSheet.tsx(232,5): error TS7026: JSX element implicitly has type 'any' because no interface 'JSX.IntrinsicElements' exists.
vendor/pi-desktop/apps/desktop/src/components/settings/SubagentEditorSheet.tsx(235,21): error TS7006: Parameter 'event' implicitly has an 'any' type.
vendor/pi-desktop/apps/desktop/src/components/settings/SubagentEditorSheet.tsx(239,7): error TS7026: JSX element implicitly has type 'any' because no interface 'JSX.IntrinsicElements' exists.
vendor/pi-desktop/apps/desktop/src/components/settings/SubagentEditorSheet.tsx(245,9): error TS7026: JSX element implicitly has type 'any' because no interface 'JSX.IntrinsicElements' exists.
vendor/pi-desktop/apps/desktop/src/components/settings/SubagentEditorSheet.tsx(246,11): error TS7026: JSX element implicitly has type 'any' because no interface 'JSX.IntrinsicElements' exists.
vendor/pi-desktop/apps/desktop/src/components/settings/SubagentEditorSheet.tsx(247,13): error TS7026: JSX element implicitly has type 'any' because no interface 'JSX.IntrinsicElements' exists.
vendor/pi-desktop/apps/desktop/src/components/settings/SubagentEditorSheet.tsx(251,13): error TS7026: JSX element implicitly has type 'any' because no interface 'JSX.IntrinsicElements' exists.
vendor/pi-desktop/apps/desktop/src/components/settings/SubagentEditorSheet.tsx(252,13): error TS7026: JSX element implicitly has type 'any' because no interface 'JSX.IntrinsicElements' exists.
vendor/pi-desktop/apps/desktop/src/components/settings/SubagentEditorSheet.tsx(252,83): error TS7026: JSX element implicitly has type 'any' because no interface 'JSX.IntrinsicElements' exists.
vendor/pi-desktop/apps/desktop/src/components/settings/SubagentEditorSheet.tsx(253,11): error TS7026: JSX element implicitly has type 'any' because no interface 'JSX.IntrinsicElements' exists.
vendor/pi-desktop/apps/desktop/src/components/settings/SubagentEditorSheet.tsx(254,11): error TS7026: JSX element implicitly has type 'any' because no interface 'JSX.IntrinsicElements' exists.
vendor/pi-desktop/apps/desktop/src/components/settings/SubagentEditorSheet.tsx(261,11): error TS7026: JSX element implicitly has type 'any' because no interface 'JSX.IntrinsicElements' exists.
vendor/pi-desktop/apps/desktop/src/components/settings/SubagentEditorSheet.tsx(262,9): error TS7026: JSX element implicitly has type 'any' because no interface 'JSX.IntrinsicElements' exists.
vendor/pi-desktop/apps/desktop/src/components/settings/SubagentEditorSheet.tsx(264,9): error TS7026: JSX element implicitly has type 'any' because no interface 'JSX.IntrinsicElements' exists.
vendor/pi-desktop/apps/desktop/src/components/settings/SubagentEditorSheet.tsx(277,26): error TS7006: Parameter 'event' implicitly has an 'any' type.
vendor/pi-desktop/apps/desktop/src/components/settings/SubagentEditorSheet.tsx(292,26): error TS7006: Parameter 'event' implicitly has an 'any' type.
vendor/pi-desktop/apps/desktop/src/components/settings/SubagentEditorSheet.tsx(296,11): error TS7026: JSX element implicitly has type 'any' because no interface 'JSX.IntrinsicElements' exists.
vendor/pi-desktop/apps/desktop/src/components/settings/SubagentEditorSheet.tsx(297,13): error TS7026: JSX element implicitly has type 'any' because no interface 'JSX.IntrinsicElements' exists.
vendor/pi-desktop/apps/desktop/src/components/settings/SubagentEditorSheet.tsx(297,79): error TS7026: JSX element implicitly has type 'any' because no interface 'JSX.IntrinsicElements' exists.
vendor/pi-desktop/apps/desktop/src/components/settings/SubagentEditorSheet.tsx(298,13): error TS7026: JSX element implicitly has type 'any' because no interface 'JSX.IntrinsicElements' exists.
vendor/pi-desktop/apps/desktop/src/components/settings/SubagentEditorSheet.tsx(298,80): error TS7026: JSX element implicitly has type 'any' because no interface 'JSX.IntrinsicElements' exists.
vendor/pi-desktop/apps/desktop/src/components/settings/SubagentEditorSheet.tsx(299,13): error TS7026: JSX element implicitly has type 'any' because no interface 'JSX.IntrinsicElements' exists.
vendor/pi-desktop/apps/desktop/src/components/settings/SubagentEditorSheet.tsx(305,17): error TS7026: JSX element implicitly has type 'any' because no interface 'JSX.IntrinsicElements' exists.
vendor/pi-desktop/apps/desktop/src/components/settings/SubagentEditorSheet.tsx(313,19): error TS7026: JSX element implicitly has type 'any' because no interface 'JSX.IntrinsicElements' exists.
vendor/pi-desktop/apps/desktop/src/components/settings/SubagentEditorSheet.tsx(316,32): error TS7006: Parameter 'event' implicitly has an 'any' type.
vendor/pi-desktop/apps/desktop/src/components/settings/SubagentEditorSheet.tsx(318,19): error TS7026: JSX element implicitly has type 'any' because no interface 'JSX.IntrinsicElements' exists.
vendor/pi-desktop/apps/desktop/src/components/settings/SubagentEditorSheet.tsx(318,31): error TS7026: JSX element implicitly has type 'any' because no interface 'JSX.IntrinsicElements' exists.
vendor/pi-desktop/apps/desktop/src/components/settings/SubagentEditorSheet.tsx(319,17): error TS7026: JSX element implicitly has type 'any' because no interface 'JSX.IntrinsicElements' exists.
vendor/pi-desktop/apps/desktop/src/components/settings/SubagentEditorSheet.tsx(321,13): error TS7026: JSX element implicitly has type 'any' because no interface 'JSX.IntrinsicElements' exists.
vendor/pi-desktop/apps/desktop/src/components/settings/SubagentEditorSheet.tsx(323,15): error TS7026: JSX element implicitly has type 'any' because no interface 'JSX.IntrinsicElements' exists.
vendor/pi-desktop/apps/desktop/src/components/settings/SubagentEditorSheet.tsx(323,85): error TS7026: JSX element implicitly has type 'any' because no interface 'JSX.IntrinsicElements' exists.
vendor/pi-desktop/apps/desktop/src/components/settings/SubagentEditorSheet.tsx(325,11): error TS7026: JSX element implicitly has type 'any' because no interface 'JSX.IntrinsicElements' exists.
vendor/pi-desktop/apps/desktop/src/components/settings/SubagentEditorSheet.tsx(327,11): error TS7026: JSX element implicitly has type 'any' because no interface 'JSX.IntrinsicElements' exists.
vendor/pi-desktop/apps/desktop/src/components/settings/SubagentEditorSheet.tsx(335,28): error TS7006: Parameter 'event' implicitly has an 'any' type.
vendor/pi-desktop/apps/desktop/src/components/settings/SubagentEditorSheet.tsx(344,28): error TS7006: Parameter 'event' implicitly has an 'any' type.
vendor/pi-desktop/apps/desktop/src/components/settings/SubagentEditorSheet.tsx(348,17): error TS7026: JSX element implicitly has type 'any' because no interface 'JSX.IntrinsicElements' exists.
vendor/pi-desktop/apps/desktop/src/components/settings/SubagentEditorSheet.tsx(348,77): error TS7026: JSX element implicitly has type 'any' because no interface 'JSX.IntrinsicElements' exists.
vendor/pi-desktop/apps/desktop/src/components/settings/SubagentEditorSheet.tsx(350,19): error TS7026: JSX element implicitly has type 'any' because no interface 'JSX.IntrinsicElements' exists.
vendor/pi-desktop/apps/desktop/src/components/settings/SubagentEditorSheet.tsx(352,19): error TS7026: JSX element implicitly has type 'any' because no interface 'JSX.IntrinsicElements' exists.
vendor/pi-desktop/apps/desktop/src/components/settings/SubagentEditorSheet.tsx(356,11): error TS7026: JSX element implicitly has type 'any' because no interface 'JSX.IntrinsicElements' exists.
vendor/pi-desktop/apps/desktop/src/components/settings/SubagentEditorSheet.tsx(368,26): error TS7006: Parameter 'event' implicitly has an 'any' type.
vendor/pi-desktop/apps/desktop/src/components/settings/SubagentEditorSheet.tsx(374,11): error TS7026: JSX element implicitly has type 'any' because no interface 'JSX.IntrinsicElements' exists.
vendor/pi-desktop/apps/desktop/src/components/settings/SubagentEditorSheet.tsx(375,13): error TS7026: JSX element implicitly has type 'any' because no interface 'JSX.IntrinsicElements' exists.
vendor/pi-desktop/apps/desktop/src/components/settings/SubagentEditorSheet.tsx(376,15): error TS7026: JSX element implicitly has type 'any' because no interface 'JSX.IntrinsicElements' exists.
vendor/pi-desktop/apps/desktop/src/components/settings/SubagentEditorSheet.tsx(376,53): error TS7026: JSX element implicitly has type 'any' because no interface 'JSX.IntrinsicElements' exists.
vendor/pi-desktop/apps/desktop/src/components/settings/SubagentEditorSheet.tsx(377,15): error TS7026: JSX element implicitly has type 'any' because no interface 'JSX.IntrinsicElements' exists.
vendor/pi-desktop/apps/desktop/src/components/settings/SubagentEditorSheet.tsx(390,15): error TS7026: JSX element implicitly has type 'any' because no interface 'JSX.IntrinsicElements' exists.
vendor/pi-desktop/apps/desktop/src/components/settings/SubagentEditorSheet.tsx(391,13): error TS7026: JSX element implicitly has type 'any' because no interface 'JSX.IntrinsicElements' exists.
vendor/pi-desktop/apps/desktop/src/components/settings/SubagentEditorSheet.tsx(392,13): error TS7026: JSX element implicitly has type 'any' because no interface 'JSX.IntrinsicElements' exists.
vendor/pi-desktop/apps/desktop/src/components/settings/SubagentEditorSheet.tsx(392,79): error TS7026: JSX element implicitly has type 'any' because no interface 'JSX.IntrinsicElements' exists.
vendor/pi-desktop/apps/desktop/src/components/settings/SubagentEditorSheet.tsx(400,26): error TS7006: Parameter 'event' implicitly has an 'any' type.
vendor/pi-desktop/apps/desktop/src/components/settings/SubagentEditorSheet.tsx(402,11): error TS7026: JSX element implicitly has type 'any' because no interface 'JSX.IntrinsicElements' exists.
vendor/pi-desktop/apps/desktop/src/components/settings/SubagentEditorSheet.tsx(404,11): error TS7026: JSX element implicitly has type 'any' because no interface 'JSX.IntrinsicElements' exists.
vendor/pi-desktop/apps/desktop/src/components/settings/SubagentEditorSheet.tsx(405,13): error TS7026: JSX element implicitly has type 'any' because no interface 'JSX.IntrinsicElements' exists.
vendor/pi-desktop/apps/desktop/src/components/settings/SubagentEditorSheet.tsx(405,67): error TS7026: JSX element implicitly has type 'any' because no interface 'JSX.IntrinsicElements' exists.
vendor/pi-desktop/apps/desktop/src/components/settings/SubagentEditorSheet.tsx(406,13): error TS7026: JSX element implicitly has type 'any' because no interface 'JSX.IntrinsicElements' exists.
vendor/pi-desktop/apps/desktop/src/components/settings/SubagentEditorSheet.tsx(406,68): error TS7026: JSX element implicitly has type 'any' because no interface 'JSX.IntrinsicElements' exists.
vendor/pi-desktop/apps/desktop/src/components/settings/SubagentEditorSheet.tsx(408,11): error TS7026: JSX element implicitly has type 'any' because no interface 'JSX.IntrinsicElements' exists.
vendor/pi-desktop/apps/desktop/src/components/settings/SubagentEditorSheet.tsx(409,1): error TS7026: JSX element implicitly has type 'any' because no interface 'JSX.IntrinsicElements' exists.
vendor/pi-desktop/apps/desktop/src/components/settings/SubagentEditorSheet.tsx(411,34): error TS7026: JSX element implicitly has type 'any' because no interface 'JSX.IntrinsicElements' exists.
vendor/pi-desktop/apps/desktop/src/components/settings/SubagentEditorSheet.tsx(411,78): error TS7026: JSX element implicitly has type 'any' because no interface 'JSX.IntrinsicElements' exists.
vendor/pi-desktop/apps/desktop/src/components/settings/SubagentEditorSheet.tsx(412,9): error TS7026: JSX element implicitly has type 'any' because no interface 'JSX.IntrinsicElements' exists.
vendor/pi-desktop/apps/desktop/src/components/settings/SubagentEditorSheet.tsx(419,13): error TS7026: JSX element implicitly has type 'any' because no interface 'JSX.IntrinsicElements' exists.
vendor/pi-desktop/apps/desktop/src/components/settings/SubagentEditorSheet.tsx(419,83): error TS7026: JSX element implicitly has type 'any' because no interface 'JSX.IntrinsicElements' exists.
vendor/pi-desktop/apps/desktop/src/components/settings/SubagentEditorSheet.tsx(421,11): error TS7026: JSX element implicitly has type 'any' because no interface 'JSX.IntrinsicElements' exists.
vendor/pi-desktop/apps/desktop/src/components/settings/SubagentEditorSheet.tsx(433,11): error TS7026: JSX element implicitly has type 'any' because no interface 'JSX.IntrinsicElements' exists.
vendor/pi-desktop/apps/desktop/src/components/settings/SubagentEditorSheet.tsx(434,9): error TS7026: JSX element implicitly has type 'any' because no interface 'JSX.IntrinsicElements' exists.
vendor/pi-desktop/apps/desktop/src/components/settings/SubagentEditorSheet.tsx(435,7): error TS7026: JSX element implicitly has type 'any' because no interface 'JSX.IntrinsicElements' exists.
vendor/pi-desktop/apps/desktop/src/components/settings/SubagentEditorSheet.tsx(436,5): error TS7026: JSX element implicitly has type 'any' because no interface 'JSX.IntrinsicElements' exists.
vendor/pi-desktop/apps/desktop/src/components/settings/ThemeRow.tsx(8,54): error TS7016: Could not find a declaration file for module 'react'. 'C:/cm-plan-next-20260910/vendor/pi-desktop/node_modules/.pnpm/react@19.2.8/node_modules/react/index.js' implicitly has an 'any' type.
  Try `npm i --save-dev @types/react` if it exists or add a new declaration (.d.ts) file containing `declare module 'react';`
vendor/pi-desktop/apps/desktop/src/components/settings/ThemeRow.tsx(82,28): error TS7006: Parameter 'option' implicitly has an 'any' type.
vendor/pi-desktop/apps/desktop/src/components/settings/ThemeRow.tsx(85,49): error TS7006: Parameter 'option' implicitly has an 'any' type.
vendor/pi-desktop/apps/desktop/src/components/settings/ThemeRow.tsx(88,18): error TS7006: Parameter 'current' implicitly has an 'any' type.
vendor/pi-desktop/apps/desktop/src/components/settings/ThemeRow.tsx(98,34): error TS7006: Parameter 'option' implicitly has an 'any' type.
vendor/pi-desktop/apps/desktop/src/components/settings/ThemeRow.tsx(125,5): error TS7026: JSX element implicitly has type 'any' because no interface 'JSX.IntrinsicElements' exists.
vendor/pi-desktop/apps/desktop/src/components/settings/ThemeRow.tsx(125,5): error TS7016: Could not find a declaration file for module 'react/jsx-runtime'. 'C:/cm-plan-next-20260910/vendor/pi-desktop/node_modules/.pnpm/react@19.2.8/node_modules/react/jsx-runtime.js' implicitly has an 'any' type.
  Try `npm i --save-dev @types/react` if it exists or add a new declaration (.d.ts) file containing `declare module 'react/jsx-runtime';`
vendor/pi-desktop/apps/desktop/src/components/settings/ThemeRow.tsx(126,7): error TS7026: JSX element implicitly has type 'any' because no interface 'JSX.IntrinsicElements' exists.
vendor/pi-desktop/apps/desktop/src/components/settings/ThemeRow.tsx(127,9): error TS7026: JSX element implicitly has type 'any' because no interface 'JSX.IntrinsicElements' exists.
vendor/pi-desktop/apps/desktop/src/components/settings/ThemeRow.tsx(127,66): error TS7026: JSX element implicitly has type 'any' because no interface 'JSX.IntrinsicElements' exists.
vendor/pi-desktop/apps/desktop/src/components/settings/ThemeRow.tsx(128,9): error TS7026: JSX element implicitly has type 'any' because no interface 'JSX.IntrinsicElements' exists.
vendor/pi-desktop/apps/desktop/src/components/settings/ThemeRow.tsx(128,69): error TS7026: JSX element implicitly has type 'any' because no interface 'JSX.IntrinsicElements' exists.
vendor/pi-desktop/apps/desktop/src/components/settings/ThemeRow.tsx(129,7): error TS7026: JSX element implicitly has type 'any' because no interface 'JSX.IntrinsicElements' exists.
vendor/pi-desktop/apps/desktop/src/components/settings/ThemeRow.tsx(130,7): error TS7026: JSX element implicitly has type 'any' because no interface 'JSX.IntrinsicElements' exists.
vendor/pi-desktop/apps/desktop/src/components/settings/ThemeRow.tsx(140,13): error TS7026: JSX element implicitly has type 'any' because no interface 'JSX.IntrinsicElements' exists.
vendor/pi-desktop/apps/desktop/src/components/settings/ThemeRow.tsx(150,26): error TS7006: Parameter 'current' implicitly has an 'any' type.
vendor/pi-desktop/apps/desktop/src/components/settings/ThemeRow.tsx(153,15): error TS7026: JSX element implicitly has type 'any' because no interface 'JSX.IntrinsicElements' exists.
vendor/pi-desktop/apps/desktop/src/components/settings/ThemeRow.tsx(153,76): error TS7026: JSX element implicitly has type 'any' because no interface 'JSX.IntrinsicElements' exists.
vendor/pi-desktop/apps/desktop/src/components/settings/ThemeRow.tsx(155,13): error TS7026: JSX element implicitly has type 'any' because no interface 'JSX.IntrinsicElements' exists.
vendor/pi-desktop/apps/desktop/src/components/settings/ThemeRow.tsx(158,11): error TS7026: JSX element implicitly has type 'any' because no interface 'JSX.IntrinsicElements' exists.
vendor/pi-desktop/apps/desktop/src/components/settings/ThemeRow.tsx(160,13): error TS7026: JSX element implicitly has type 'any' because no interface 'JSX.IntrinsicElements' exists.
vendor/pi-desktop/apps/desktop/src/components/settings/ThemeRow.tsx(169,26): error TS7006: Parameter 'event' implicitly has an 'any' type.
vendor/pi-desktop/apps/desktop/src/components/settings/ThemeRow.tsx(170,27): error TS7006: Parameter 'event' implicitly has an 'any' type.
vendor/pi-desktop/apps/desktop/src/components/settings/ThemeRow.tsx(183,11): error TS7026: JSX element implicitly has type 'any' because no interface 'JSX.IntrinsicElements' exists.
vendor/pi-desktop/apps/desktop/src/components/settings/ThemeRow.tsx(184,11): error TS7026: JSX element implicitly has type 'any' because no interface 'JSX.IntrinsicElements' exists.
vendor/pi-desktop/apps/desktop/src/components/settings/ThemeRow.tsx(186,15): error TS7026: JSX element implicitly has type 'any' because no interface 'JSX.IntrinsicElements' exists.
vendor/pi-desktop/apps/desktop/src/components/settings/ThemeRow.tsx(186,78): error TS7026: JSX element implicitly has type 'any' because no interface 'JSX.IntrinsicElements' exists.
vendor/pi-desktop/apps/desktop/src/components/settings/ThemeRow.tsx(188,15): error TS7026: JSX element implicitly has type 'any' because no interface 'JSX.IntrinsicElements' exists.
vendor/pi-desktop/apps/desktop/src/components/settings/ThemeRow.tsx(189,31): error TS7006: Parameter 'option' implicitly has an 'any' type.
vendor/pi-desktop/apps/desktop/src/components/settings/ThemeRow.tsx(189,39): error TS7006: Parameter 'index' implicitly has an 'any' type.
vendor/pi-desktop/apps/desktop/src/components/settings/ThemeRow.tsx(196,21): error TS7026: JSX element implicitly has type 'any' because no interface 'JSX.IntrinsicElements' exists.
vendor/pi-desktop/apps/desktop/src/components/settings/ThemeRow.tsx(200,23): error TS7026: JSX element implicitly has type 'any' because no interface 'JSX.IntrinsicElements' exists.
vendor/pi-desktop/apps/desktop/src/components/settings/ThemeRow.tsx(201,31): error TS7006: Parameter 'node' implicitly has an 'any' type.
vendor/pi-desktop/apps/desktop/src/components/settings/ThemeRow.tsx(217,25): error TS7026: JSX element implicitly has type 'any' because no interface 'JSX.IntrinsicElements' exists.
vendor/pi-desktop/apps/desktop/src/components/settings/ThemeRow.tsx(218,27): error TS7026: JSX element implicitly has type 'any' because no interface 'JSX.IntrinsicElements' exists.
vendor/pi-desktop/apps/desktop/src/components/settings/ThemeRow.tsx(220,27): error TS7026: JSX element implicitly has type 'any' because no interface 'JSX.IntrinsicElements' exists.
vendor/pi-desktop/apps/desktop/src/components/settings/ThemeRow.tsx(222,29): error TS7026: JSX element implicitly has type 'any' because no interface 'JSX.IntrinsicElements' exists.
vendor/pi-desktop/apps/desktop/src/components/settings/ThemeRow.tsx(224,29): error TS7026: JSX element implicitly has type 'any' because no interface 'JSX.IntrinsicElements' exists.
vendor/pi-desktop/apps/desktop/src/components/settings/ThemeRow.tsx(226,25): error TS7026: JSX element implicitly has type 'any' because no interface 'JSX.IntrinsicElements' exists.
vendor/pi-desktop/apps/desktop/src/components/settings/ThemeRow.tsx(230,29): error TS2322: Type '{ size: number; className: string; "aria-hidden": true; }' is not assignable to type 'LucideProps'.
  Property 'className' does not exist on type 'LucideProps'.
vendor/pi-desktop/apps/desktop/src/components/settings/ThemeRow.tsx(234,23): error TS7026: JSX element implicitly has type 'any' because no interface 'JSX.IntrinsicElements' exists.
vendor/pi-desktop/apps/desktop/src/components/settings/ThemeRow.tsx(236,25): error TS7026: JSX element implicitly has type 'any' because no interface 'JSX.IntrinsicElements' exists.
vendor/pi-desktop/apps/desktop/src/components/settings/ThemeRow.tsx(238,21): error TS7026: JSX element implicitly has type 'any' because no interface 'JSX.IntrinsicElements' exists.
vendor/pi-desktop/apps/desktop/src/components/settings/ThemeRow.tsx(241,15): error TS7026: JSX element implicitly has type 'any' because no interface 'JSX.IntrinsicElements' exists.
vendor/pi-desktop/apps/desktop/src/components/settings/ThemeRow.tsx(243,11): error TS7026: JSX element implicitly has type 'any' because no interface 'JSX.IntrinsicElements' exists.
vendor/pi-desktop/apps/desktop/src/components/settings/ThemeRow.tsx(245,7): error TS7026: JSX element implicitly has type 'any' because no interface 'JSX.IntrinsicElements' exists.
vendor/pi-desktop/apps/desktop/src/components/settings/ThemeRow.tsx(246,5): error TS7026: JSX element implicitly has type 'any' because no interface 'JSX.IntrinsicElements' exists.
vendor/pi-desktop/apps/desktop/src/components/settings/useProviderModels.ts(9,45): error TS7016: Could not find a declaration file for module 'react'. 'C:/cm-plan-next-20260910/vendor/pi-desktop/node_modules/.pnpm/react@19.2.8/node_modules/react/index.js' implicitly has an 'any' type.
  Try `npm i --save-dev @types/react` if it exists or add a new declaration (.d.ts) file containing `declare module 'react';`
vendor/pi-desktop/apps/desktop/src/components/settings/useProviderModels.ts(95,15): error TS7006: Parameter 'prev' implicitly has an 'any' type.
vendor/pi-desktop/apps/desktop/src/components/settings/VendorAccountDialog.tsx(11,37): error TS7016: Could not find a declaration file for module 'react'. 'C:/cm-plan-next-20260910/vendor/pi-desktop/node_modules/.pnpm/react@19.2.8/node_modules/react/index.js' implicitly has an 'any' type.
  Try `npm i --save-dev @types/react` if it exists or add a new declaration (.d.ts) file containing `declare module 'react';`
vendor/pi-desktop/apps/desktop/src/components/settings/VendorAccountDialog.tsx(102,5): error TS7026: JSX element implicitly has type 'any' because no interface 'JSX.IntrinsicElements' exists.
vendor/pi-desktop/apps/desktop/src/components/settings/VendorAccountDialog.tsx(102,5): error TS7016: Could not find a declaration file for module 'react/jsx-runtime'. 'C:/cm-plan-next-20260910/vendor/pi-desktop/node_modules/.pnpm/react@19.2.8/node_modules/react/jsx-runtime.js' implicitly has an 'any' type.
  Try `npm i --save-dev @types/react` if it exists or add a new declaration (.d.ts) file containing `declare module 'react/jsx-runtime';`
vendor/pi-desktop/apps/desktop/src/components/settings/VendorAccountDialog.tsx(110,7): error TS7026: JSX element implicitly has type 'any' because no interface 'JSX.IntrinsicElements' exists.
vendor/pi-desktop/apps/desktop/src/components/settings/VendorAccountDialog.tsx(115,19): error TS7006: Parameter 'event' implicitly has an 'any' type.
vendor/pi-desktop/apps/desktop/src/components/settings/VendorAccountDialog.tsx(117,9): error TS7026: JSX element implicitly has type 'any' because no interface 'JSX.IntrinsicElements' exists.
vendor/pi-desktop/apps/desktop/src/components/settings/VendorAccountDialog.tsx(118,11): error TS7026: JSX element implicitly has type 'any' because no interface 'JSX.IntrinsicElements' exists.
vendor/pi-desktop/apps/desktop/src/components/settings/VendorAccountDialog.tsx(120,11): error TS7026: JSX element implicitly has type 'any' because no interface 'JSX.IntrinsicElements' exists.
vendor/pi-desktop/apps/desktop/src/components/settings/VendorAccountDialog.tsx(124,9): error TS7026: JSX element implicitly has type 'any' because no interface 'JSX.IntrinsicElements' exists.
vendor/pi-desktop/apps/desktop/src/components/settings/VendorAccountDialog.tsx(126,9): error TS7026: JSX element implicitly has type 'any' because no interface 'JSX.IntrinsicElements' exists.
vendor/pi-desktop/apps/desktop/src/components/settings/VendorAccountDialog.tsx(131,26): error TS7006: Parameter 'event' implicitly has an 'any' type.
vendor/pi-desktop/apps/desktop/src/components/settings/VendorAccountDialog.tsx(142,9): error TS7026: JSX element implicitly has type 'any' because no interface 'JSX.IntrinsicElements' exists.
vendor/pi-desktop/apps/desktop/src/components/settings/VendorAccountDialog.tsx(144,9): error TS7026: JSX element implicitly has type 'any' because no interface 'JSX.IntrinsicElements' exists.
vendor/pi-desktop/apps/desktop/src/components/settings/VendorAccountDialog.tsx(151,9): error TS7026: JSX element implicitly has type 'any' because no interface 'JSX.IntrinsicElements' exists.
vendor/pi-desktop/apps/desktop/src/components/settings/VendorAccountDialog.tsx(152,7): error TS7026: JSX element implicitly has type 'any' because no interface 'JSX.IntrinsicElements' exists.
vendor/pi-desktop/apps/desktop/src/components/settings/VendorAccountDialog.tsx(155,9): error TS7026: JSX element implicitly has type 'any' because no interface 'JSX.IntrinsicElements' exists.
vendor/pi-desktop/apps/desktop/src/components/settings/VendorAccountDialog.tsx(158,21): error TS7006: Parameter 'event' implicitly has an 'any' type.
vendor/pi-desktop/apps/desktop/src/components/settings/VendorAccountDialog.tsx(163,11): error TS7026: JSX element implicitly has type 'any' because no interface 'JSX.IntrinsicElements' exists.
vendor/pi-desktop/apps/desktop/src/components/settings/VendorAccountDialog.tsx(168,23): error TS7006: Parameter 'event' implicitly has an 'any' type.
vendor/pi-desktop/apps/desktop/src/components/settings/VendorAccountDialog.tsx(170,13): error TS7026: JSX element implicitly has type 'any' because no interface 'JSX.IntrinsicElements' exists.
vendor/pi-desktop/apps/desktop/src/components/settings/VendorAccountDialog.tsx(171,15): error TS7026: JSX element implicitly has type 'any' because no interface 'JSX.IntrinsicElements' exists.
vendor/pi-desktop/apps/desktop/src/components/settings/VendorAccountDialog.tsx(173,15): error TS7026: JSX element implicitly has type 'any' because no interface 'JSX.IntrinsicElements' exists.
vendor/pi-desktop/apps/desktop/src/components/settings/VendorAccountDialog.tsx(177,13): error TS7026: JSX element implicitly has type 'any' because no interface 'JSX.IntrinsicElements' exists.
vendor/pi-desktop/apps/desktop/src/components/settings/VendorAccountDialog.tsx(178,13): error TS7026: JSX element implicitly has type 'any' because no interface 'JSX.IntrinsicElements' exists.
vendor/pi-desktop/apps/desktop/src/components/settings/VendorAccountDialog.tsx(179,15): error TS7026: JSX element implicitly has type 'any' because no interface 'JSX.IntrinsicElements' exists.
vendor/pi-desktop/apps/desktop/src/components/settings/VendorAccountDialog.tsx(181,15): error TS7026: JSX element implicitly has type 'any' because no interface 'JSX.IntrinsicElements' exists.
vendor/pi-desktop/apps/desktop/src/components/settings/VendorAccountDialog.tsx(182,13): error TS7026: JSX element implicitly has type 'any' because no interface 'JSX.IntrinsicElements' exists.
vendor/pi-desktop/apps/desktop/src/components/settings/VendorAccountDialog.tsx(183,11): error TS7026: JSX element implicitly has type 'any' because no interface 'JSX.IntrinsicElements' exists.
vendor/pi-desktop/apps/desktop/src/components/settings/VendorAccountDialog.tsx(184,9): error TS7026: JSX element implicitly has type 'any' because no interface 'JSX.IntrinsicElements' exists.
vendor/pi-desktop/apps/desktop/src/components/settings/VendorAccountDialog.tsx(186,5): error TS7026: JSX element implicitly has type 'any' because no interface 'JSX.IntrinsicElements' exists.
vendor/pi-desktop/apps/desktop/src/components/settings/VendorAccountsSection.tsx(7,59): error TS7016: Could not find a declaration file for module 'react'. 'C:/cm-plan-next-20260910/vendor/pi-desktop/node_modules/.pnpm/react@19.2.8/node_modules/react/index.js' implicitly has an 'any' type.
  Try `npm i --save-dev @types/react` if it exists or add a new declaration (.d.ts) file containing `declare module 'react';`
vendor/pi-desktop/apps/desktop/src/components/settings/VendorAccountsSection.tsx(81,29): error TS7006: Parameter 'vendor' implicitly has an 'any' type.
vendor/pi-desktop/apps/desktop/src/components/settings/VendorAccountsSection.tsx(83,35): error TS7006: Parameter 'account' implicitly has an 'any' type.
vendor/pi-desktop/apps/desktop/src/components/settings/VendorAccountsSection.tsx(83,44): error TS7006: Parameter 'index' implicitly has an 'any' type.
vendor/pi-desktop/apps/desktop/src/components/settings/VendorAccountsSection.tsx(214,5): error TS7026: JSX element implicitly has type 'any' because no interface 'JSX.IntrinsicElements' exists.
vendor/pi-desktop/apps/desktop/src/components/settings/VendorAccountsSection.tsx(214,5): error TS7016: Could not find a declaration file for module 'react/jsx-runtime'. 'C:/cm-plan-next-20260910/vendor/pi-desktop/node_modules/.pnpm/react@19.2.8/node_modules/react/jsx-runtime.js' implicitly has an 'any' type.
  Try `npm i --save-dev @types/react` if it exists or add a new declaration (.d.ts) file containing `declare module 'react/jsx-runtime';`
vendor/pi-desktop/apps/desktop/src/components/settings/VendorAccountsSection.tsx(215,7): error TS7026: JSX element implicitly has type 'any' because no interface 'JSX.IntrinsicElements' exists.
vendor/pi-desktop/apps/desktop/src/components/settings/VendorAccountsSection.tsx(216,9): error TS7026: JSX element implicitly has type 'any' because no interface 'JSX.IntrinsicElements' exists.
vendor/pi-desktop/apps/desktop/src/components/settings/VendorAccountsSection.tsx(217,11): error TS7026: JSX element implicitly has type 'any' because no interface 'JSX.IntrinsicElements' exists.
vendor/pi-desktop/apps/desktop/src/components/settings/VendorAccountsSection.tsx(218,13): error TS7026: JSX element implicitly has type 'any' because no interface 'JSX.IntrinsicElements' exists.
vendor/pi-desktop/apps/desktop/src/components/settings/VendorAccountsSection.tsx(218,81): error TS7026: JSX element implicitly has type 'any' because no interface 'JSX.IntrinsicElements' exists.
vendor/pi-desktop/apps/desktop/src/components/settings/VendorAccountsSection.tsx(220,15): error TS7026: JSX element implicitly has type 'any' because no interface 'JSX.IntrinsicElements' exists.
vendor/pi-desktop/apps/desktop/src/components/settings/VendorAccountsSection.tsx(220,73): error TS7026: JSX element implicitly has type 'any' because no interface 'JSX.IntrinsicElements' exists.
vendor/pi-desktop/apps/desktop/src/components/settings/VendorAccountsSection.tsx(222,11): error TS7026: JSX element implicitly has type 'any' because no interface 'JSX.IntrinsicElements' exists.
vendor/pi-desktop/apps/desktop/src/components/settings/VendorAccountsSection.tsx(223,9): error TS7026: JSX element implicitly has type 'any' because no interface 'JSX.IntrinsicElements' exists.
vendor/pi-desktop/apps/desktop/src/components/settings/VendorAccountsSection.tsx(229,11): error TS7026: JSX element implicitly has type 'any' because no interface 'JSX.IntrinsicElements' exists.
vendor/pi-desktop/apps/desktop/src/components/settings/VendorAccountsSection.tsx(231,13): error TS7026: JSX element implicitly has type 'any' because no interface 'JSX.IntrinsicElements' exists.
vendor/pi-desktop/apps/desktop/src/components/settings/VendorAccountsSection.tsx(231,51): error TS7026: JSX element implicitly has type 'any' because no interface 'JSX.IntrinsicElements' exists.
vendor/pi-desktop/apps/desktop/src/components/settings/VendorAccountsSection.tsx(232,11): error TS7026: JSX element implicitly has type 'any' because no interface 'JSX.IntrinsicElements' exists.
vendor/pi-desktop/apps/desktop/src/components/settings/VendorAccountsSection.tsx(234,7): error TS7026: JSX element implicitly has type 'any' because no interface 'JSX.IntrinsicElements' exists.
vendor/pi-desktop/apps/desktop/src/components/settings/VendorAccountsSection.tsx(236,7): error TS7026: JSX element implicitly has type 'any' because no interface 'JSX.IntrinsicElements' exists.
vendor/pi-desktop/apps/desktop/src/components/settings/VendorAccountsSection.tsx(238,11): error TS7026: JSX element implicitly has type 'any' because no interface 'JSX.IntrinsicElements' exists.
vendor/pi-desktop/apps/desktop/src/components/settings/VendorAccountsSection.tsx(238,81): error TS7026: JSX element implicitly has type 'any' because no interface 'JSX.IntrinsicElements' exists.
vendor/pi-desktop/apps/desktop/src/components/settings/VendorAccountsSection.tsx(240,11): error TS7026: JSX element implicitly has type 'any' because no interface 'JSX.IntrinsicElements' exists.
vendor/pi-desktop/apps/desktop/src/components/settings/VendorAccountsSection.tsx(241,28): error TS7006: Parameter 'entry' implicitly has an 'any' type.
vendor/pi-desktop/apps/desktop/src/components/settings/VendorAccountsSection.tsx(258,17): error TS7026: JSX element implicitly has type 'any' because no interface 'JSX.IntrinsicElements' exists.
vendor/pi-desktop/apps/desktop/src/components/settings/VendorAccountsSection.tsx(266,19): error TS7026: JSX element implicitly has type 'any' because no interface 'JSX.IntrinsicElements' exists.
vendor/pi-desktop/apps/desktop/src/components/settings/VendorAccountsSection.tsx(267,21): error TS7026: JSX element implicitly has type 'any' because no interface 'JSX.IntrinsicElements' exists.
vendor/pi-desktop/apps/desktop/src/components/settings/VendorAccountsSection.tsx(268,23): error TS7026: JSX element implicitly has type 'any' because no interface 'JSX.IntrinsicElements' exists.
vendor/pi-desktop/apps/desktop/src/components/settings/VendorAccountsSection.tsx(268,72): error TS7026: JSX element implicitly has type 'any' because no interface 'JSX.IntrinsicElements' exists.
vendor/pi-desktop/apps/desktop/src/components/settings/VendorAccountsSection.tsx(277,21): error TS7026: JSX element implicitly has type 'any' because no interface 'JSX.IntrinsicElements' exists.
vendor/pi-desktop/apps/desktop/src/components/settings/VendorAccountsSection.tsx(278,21): error TS7026: JSX element implicitly has type 'any' because no interface 'JSX.IntrinsicElements' exists.
vendor/pi-desktop/apps/desktop/src/components/settings/VendorAccountsSection.tsx(279,23): error TS7026: JSX element implicitly has type 'any' because no interface 'JSX.IntrinsicElements' exists.
vendor/pi-desktop/apps/desktop/src/components/settings/VendorAccountsSection.tsx(282,23): error TS7026: JSX element implicitly has type 'any' because no interface 'JSX.IntrinsicElements' exists.
vendor/pi-desktop/apps/desktop/src/components/settings/VendorAccountsSection.tsx(283,21): error TS7026: JSX element implicitly has type 'any' because no interface 'JSX.IntrinsicElements' exists.
vendor/pi-desktop/apps/desktop/src/components/settings/VendorAccountsSection.tsx(285,23): error TS7026: JSX element implicitly has type 'any' because no interface 'JSX.IntrinsicElements' exists.
vendor/pi-desktop/apps/desktop/src/components/settings/VendorAccountsSection.tsx(287,23): error TS7026: JSX element implicitly has type 'any' because no interface 'JSX.IntrinsicElements' exists.
vendor/pi-desktop/apps/desktop/src/components/settings/VendorAccountsSection.tsx(289,19): error TS7026: JSX element implicitly has type 'any' because no interface 'JSX.IntrinsicElements' exists.
vendor/pi-desktop/apps/desktop/src/components/settings/VendorAccountsSection.tsx(290,19): error TS7026: JSX element implicitly has type 'any' because no interface 'JSX.IntrinsicElements' exists.
vendor/pi-desktop/apps/desktop/src/components/settings/VendorAccountsSection.tsx(291,21): error TS7026: JSX element implicitly has type 'any' because no interface 'JSX.IntrinsicElements' exists.
vendor/pi-desktop/apps/desktop/src/components/settings/VendorAccountsSection.tsx(300,21): error TS7026: JSX element implicitly has type 'any' because no interface 'JSX.IntrinsicElements' exists.
vendor/pi-desktop/apps/desktop/src/components/settings/VendorAccountsSection.tsx(301,21): error TS7026: JSX element implicitly has type 'any' because no interface 'JSX.IntrinsicElements' exists.
vendor/pi-desktop/apps/desktop/src/components/settings/VendorAccountsSection.tsx(313,21): error TS7026: JSX element implicitly has type 'any' because no interface 'JSX.IntrinsicElements' exists.
vendor/pi-desktop/apps/desktop/src/components/settings/VendorAccountsSection.tsx(315,23): error TS7026: JSX element implicitly has type 'any' because no interface 'JSX.IntrinsicElements' exists.
vendor/pi-desktop/apps/desktop/src/components/settings/VendorAccountsSection.tsx(323,23): error TS7026: JSX element implicitly has type 'any' because no interface 'JSX.IntrinsicElements' exists.
vendor/pi-desktop/apps/desktop/src/components/settings/VendorAccountsSection.tsx(325,23): error TS7026: JSX element implicitly has type 'any' because no interface 'JSX.IntrinsicElements' exists.
vendor/pi-desktop/apps/desktop/src/components/settings/VendorAccountsSection.tsx(334,23): error TS7026: JSX element implicitly has type 'any' because no interface 'JSX.IntrinsicElements' exists.
vendor/pi-desktop/apps/desktop/src/components/settings/VendorAccountsSection.tsx(336,19): error TS7026: JSX element implicitly has type 'any' because no interface 'JSX.IntrinsicElements' exists.
vendor/pi-desktop/apps/desktop/src/components/settings/VendorAccountsSection.tsx(337,17): error TS7026: JSX element implicitly has type 'any' because no interface 'JSX.IntrinsicElements' exists.
vendor/pi-desktop/apps/desktop/src/components/settings/VendorAccountsSection.tsx(340,11): error TS7026: JSX element implicitly has type 'any' because no interface 'JSX.IntrinsicElements' exists.
vendor/pi-desktop/apps/desktop/src/components/settings/VendorAccountsSection.tsx(342,7): error TS7026: JSX element implicitly has type 'any' because no interface 'JSX.IntrinsicElements' exists.
vendor/pi-desktop/apps/desktop/src/components/settings/VendorAccountsSection.tsx(385,5): error TS7026: JSX element implicitly has type 'any' because no interface 'JSX.IntrinsicElements' exists.
vendor/pi-desktop/apps/desktop/src/components/settings/VendorPickerDialog.tsx(2,27): error TS7016: Could not find a declaration file for module 'react'. 'C:/cm-plan-next-20260910/vendor/pi-desktop/node_modules/.pnpm/react@19.2.8/node_modules/react/index.js' implicitly has an 'any' type.
  Try `npm i --save-dev @types/react` if it exists or add a new declaration (.d.ts) file containing `declare module 'react';`
vendor/pi-desktop/apps/desktop/src/components/settings/VendorPickerDialog.tsx(28,5): error TS7026: JSX element implicitly has type 'any' because no interface 'JSX.IntrinsicElements' exists.
vendor/pi-desktop/apps/desktop/src/components/settings/VendorPickerDialog.tsx(28,5): error TS7016: Could not find a declaration file for module 'react/jsx-runtime'. 'C:/cm-plan-next-20260910/vendor/pi-desktop/node_modules/.pnpm/react@19.2.8/node_modules/react/jsx-runtime.js' implicitly has an 'any' type.
  Try `npm i --save-dev @types/react` if it exists or add a new declaration (.d.ts) file containing `declare module 'react/jsx-runtime';`
vendor/pi-desktop/apps/desktop/src/components/settings/VendorPickerDialog.tsx(29,7): error TS7026: JSX element implicitly has type 'any' because no interface 'JSX.IntrinsicElements' exists.
vendor/pi-desktop/apps/desktop/src/components/settings/VendorPickerDialog.tsx(35,9): error TS7026: JSX element implicitly has type 'any' because no interface 'JSX.IntrinsicElements' exists.
vendor/pi-desktop/apps/desktop/src/components/settings/VendorPickerDialog.tsx(37,9): error TS7026: JSX element implicitly has type 'any' because no interface 'JSX.IntrinsicElements' exists.
vendor/pi-desktop/apps/desktop/src/components/settings/VendorPickerDialog.tsx(38,9): error TS7026: JSX element implicitly has type 'any' because no interface 'JSX.IntrinsicElements' exists.
vendor/pi-desktop/apps/desktop/src/components/settings/VendorPickerDialog.tsx(38,69): error TS7026: JSX element implicitly has type 'any' because no interface 'JSX.IntrinsicElements' exists.
vendor/pi-desktop/apps/desktop/src/components/settings/VendorPickerDialog.tsx(39,9): error TS7026: JSX element implicitly has type 'any' because no interface 'JSX.IntrinsicElements' exists.
vendor/pi-desktop/apps/desktop/src/components/settings/VendorPickerDialog.tsx(41,13): error TS7026: JSX element implicitly has type 'any' because no interface 'JSX.IntrinsicElements' exists.
vendor/pi-desktop/apps/desktop/src/components/settings/VendorPickerDialog.tsx(47,15): error TS7026: JSX element implicitly has type 'any' because no interface 'JSX.IntrinsicElements' exists.
vendor/pi-desktop/apps/desktop/src/components/settings/VendorPickerDialog.tsx(47,65): error TS7026: JSX element implicitly has type 'any' because no interface 'JSX.IntrinsicElements' exists.
vendor/pi-desktop/apps/desktop/src/components/settings/VendorPickerDialog.tsx(51,17): error TS7026: JSX element implicitly has type 'any' because no interface 'JSX.IntrinsicElements' exists.
vendor/pi-desktop/apps/desktop/src/components/settings/VendorPickerDialog.tsx(58,17): error TS7026: JSX element implicitly has type 'any' because no interface 'JSX.IntrinsicElements' exists.
vendor/pi-desktop/apps/desktop/src/components/settings/VendorPickerDialog.tsx(60,17): error TS7026: JSX element implicitly has type 'any' because no interface 'JSX.IntrinsicElements' exists.
vendor/pi-desktop/apps/desktop/src/components/settings/VendorPickerDialog.tsx(64,17): error TS7026: JSX element implicitly has type 'any' because no interface 'JSX.IntrinsicElements' exists.
vendor/pi-desktop/apps/desktop/src/components/settings/VendorPickerDialog.tsx(66,13): error TS7026: JSX element implicitly has type 'any' because no interface 'JSX.IntrinsicElements' exists.
vendor/pi-desktop/apps/desktop/src/components/settings/VendorPickerDialog.tsx(68,9): error TS7026: JSX element implicitly has type 'any' because no interface 'JSX.IntrinsicElements' exists.
vendor/pi-desktop/apps/desktop/src/components/settings/VendorPickerDialog.tsx(69,9): error TS7026: JSX element implicitly has type 'any' because no interface 'JSX.IntrinsicElements' exists.
vendor/pi-desktop/apps/desktop/src/components/settings/VendorPickerDialog.tsx(73,9): error TS7026: JSX element implicitly has type 'any' because no interface 'JSX.IntrinsicElements' exists.
vendor/pi-desktop/apps/desktop/src/components/settings/VendorPickerDialog.tsx(74,7): error TS7026: JSX element implicitly has type 'any' because no interface 'JSX.IntrinsicElements' exists.
vendor/pi-desktop/apps/desktop/src/components/settings/VendorPickerDialog.tsx(75,5): error TS7026: JSX element implicitly has type 'any' because no interface 'JSX.IntrinsicElements' exists.
vendor/pi-desktop/apps/desktop/src/components/Sidebar.tsx(11,8): error TS7016: Could not find a declaration file for module 'react'. 'C:/cm-plan-next-20260910/vendor/pi-desktop/node_modules/.pnpm/react@19.2.8/node_modules/react/index.js' implicitly has an 'any' type.
  Try `npm i --save-dev @types/react` if it exists or add a new declaration (.d.ts) file containing `declare module 'react';`
vendor/pi-desktop/apps/desktop/src/components/Sidebar.tsx(36,30): error TS7016: Could not find a declaration file for module 'react-dom'. 'C:/cm-plan-next-20260910/vendor/pi-desktop/node_modules/.pnpm/react-dom@19.2.8_react@19.2.8/node_modules/react-dom/index.js' implicitly has an 'any' type.
  Try `npm i --save-dev @types/react-dom` if it exists or add a new declaration (.d.ts) file containing `declare module 'react-dom';`
vendor/pi-desktop/apps/desktop/src/components/Sidebar.tsx(622,18): error TS2339: Property 'focus' does not exist on type '{}'.
vendor/pi-desktop/apps/desktop/src/components/Sidebar.tsx(851,16): error TS7006: Parameter 'session' implicitly has an 'any' type.
vendor/pi-desktop/apps/desktop/src/components/Sidebar.tsx(878,7): error TS7026: JSX element implicitly has type 'any' because no interface 'JSX.IntrinsicElements' exists.
vendor/pi-desktop/apps/desktop/src/components/Sidebar.tsx(881,7): error TS7026: JSX element implicitly has type 'any' because no interface 'JSX.IntrinsicElements' exists.
vendor/pi-desktop/apps/desktop/src/components/Sidebar.tsx(964,33): error TS7006: Parameter 'prev' implicitly has an 'any' type.
vendor/pi-desktop/apps/desktop/src/components/Sidebar.tsx(979,22): error TS7006: Parameter 'entry' implicitly has an 'any' type.
vendor/pi-desktop/apps/desktop/src/components/Sidebar.tsx(981,18): error TS7006: Parameter 'item' implicitly has an 'any' type.
vendor/pi-desktop/apps/desktop/src/components/Sidebar.tsx(986,16): error TS7006: Parameter 'item' implicitly has an 'any' type.
vendor/pi-desktop/apps/desktop/src/components/Sidebar.tsx(1025,12): error TS7006: Parameter 'entry' implicitly has an 'any' type.
vendor/pi-desktop/apps/desktop/src/components/Sidebar.tsx(1030,12): error TS7006: Parameter 'item' implicitly has an 'any' type.
vendor/pi-desktop/apps/desktop/src/components/Sidebar.tsx(1034,21): error TS7006: Parameter 'entry' implicitly has an 'any' type.
vendor/pi-desktop/apps/desktop/src/components/Sidebar.tsx(1036,14): error TS7006: Parameter 'item' implicitly has an 'any' type.
vendor/pi-desktop/apps/desktop/src/components/Sidebar.tsx(1096,12): error TS7006: Parameter 'candidate' implicitly has an 'any' type.
vendor/pi-desktop/apps/desktop/src/components/Sidebar.tsx(1167,7): error TS7026: JSX element implicitly has type 'any' because no interface 'JSX.IntrinsicElements' exists.
vendor/pi-desktop/apps/desktop/src/components/Sidebar.tsx(1171,25): error TS7006: Parameter 'event' implicitly has an 'any' type.
vendor/pi-desktop/apps/desktop/src/components/Sidebar.tsx(1177,13): error TS2347: Untyped function calls may not accept type arguments.
vendor/pi-desktop/apps/desktop/src/components/Sidebar.tsx(1184,9): error TS7026: JSX element implicitly has type 'any' because no interface 'JSX.IntrinsicElements' exists.
vendor/pi-desktop/apps/desktop/src/components/Sidebar.tsx(1190,26): error TS7006: Parameter 'event' implicitly has an 'any' type.
vendor/pi-desktop/apps/desktop/src/components/Sidebar.tsx(1194,28): error TS7006: Parameter 'event' implicitly has an 'any' type.
vendor/pi-desktop/apps/desktop/src/components/Sidebar.tsx(1208,32): error TS2322: Type '{ size: number; className: string; "aria-hidden": true; }' is not assignable to type 'LucideProps'.
  Property 'className' does not exist on type 'LucideProps'.
vendor/pi-desktop/apps/desktop/src/components/Sidebar.tsx(1210,11): error TS7026: JSX element implicitly has type 'any' because no interface 'JSX.IntrinsicElements' exists.
vendor/pi-desktop/apps/desktop/src/components/Sidebar.tsx(1210,73): error TS7026: JSX element implicitly has type 'any' because no interface 'JSX.IntrinsicElements' exists.
vendor/pi-desktop/apps/desktop/src/components/Sidebar.tsx(1211,9): error TS7026: JSX element implicitly has type 'any' because no interface 'JSX.IntrinsicElements' exists.
vendor/pi-desktop/apps/desktop/src/components/Sidebar.tsx(1212,9): error TS7026: JSX element implicitly has type 'any' because no interface 'JSX.IntrinsicElements' exists.
vendor/pi-desktop/apps/desktop/src/components/Sidebar.tsx(1213,11): error TS7026: JSX element implicitly has type 'any' because no interface 'JSX.IntrinsicElements' exists.
vendor/pi-desktop/apps/desktop/src/components/Sidebar.tsx(1220,23): error TS7006: Parameter 'event' implicitly has an 'any' type.
vendor/pi-desktop/apps/desktop/src/components/Sidebar.tsx(1231,11): error TS7026: JSX element implicitly has type 'any' because no interface 'JSX.IntrinsicElements' exists.
vendor/pi-desktop/apps/desktop/src/components/Sidebar.tsx(1232,9): error TS7026: JSX element implicitly has type 'any' because no interface 'JSX.IntrinsicElements' exists.
vendor/pi-desktop/apps/desktop/src/components/Sidebar.tsx(1233,7): error TS7026: JSX element implicitly has type 'any' because no interface 'JSX.IntrinsicElements' exists.
vendor/pi-desktop/apps/desktop/src/components/Sidebar.tsx(1259,21): error TS2503: Cannot find namespace 'React'.
vendor/pi-desktop/apps/desktop/src/components/Sidebar.tsx(1272,13): error TS7026: JSX element implicitly has type 'any' because no interface 'JSX.IntrinsicElements' exists.
vendor/pi-desktop/apps/desktop/src/components/Sidebar.tsx(1274,13): error TS7026: JSX element implicitly has type 'any' because no interface 'JSX.IntrinsicElements' exists.
vendor/pi-desktop/apps/desktop/src/components/Sidebar.tsx(1282,11): error TS7026: JSX element implicitly has type 'any' because no interface 'JSX.IntrinsicElements' exists.
vendor/pi-desktop/apps/desktop/src/components/Sidebar.tsx(1289,11): error TS7026: JSX element implicitly has type 'any' because no interface 'JSX.IntrinsicElements' exists.
vendor/pi-desktop/apps/desktop/src/components/Sidebar.tsx(1296,7): error TS7026: JSX element implicitly has type 'any' because no interface 'JSX.IntrinsicElements' exists.
vendor/pi-desktop/apps/desktop/src/components/Sidebar.tsx(1302,9): error TS7026: JSX element implicitly has type 'any' because no interface 'JSX.IntrinsicElements' exists.
vendor/pi-desktop/apps/desktop/src/components/Sidebar.tsx(1304,27): error TS7006: Parameter 'event' implicitly has an 'any' type.
vendor/pi-desktop/apps/desktop/src/components/Sidebar.tsx(1310,15): error TS2347: Untyped function calls may not accept type arguments.
vendor/pi-desktop/apps/desktop/src/components/Sidebar.tsx(1316,11): error TS7026: JSX element implicitly has type 'any' because no interface 'JSX.IntrinsicElements' exists.
vendor/pi-desktop/apps/desktop/src/components/Sidebar.tsx(1325,28): error TS7006: Parameter 'event' implicitly has an 'any' type.
vendor/pi-desktop/apps/desktop/src/components/Sidebar.tsx(1330,23): error TS7006: Parameter 'event' implicitly has an 'any' type.
vendor/pi-desktop/apps/desktop/src/components/Sidebar.tsx(1342,15): error TS2322: Type '{ size: number; className: string; }' is not assignable to type 'LucideProps'.
  Property 'className' does not exist on type 'LucideProps'.
vendor/pi-desktop/apps/desktop/src/components/Sidebar.tsx(1347,17): error TS2322: Type '{ size: number; fill: string; className: string; "aria-hidden": true; }' is not assignable to type 'LucideProps'.
  Property 'fill' does not exist on type 'LucideProps'.
vendor/pi-desktop/apps/desktop/src/components/Sidebar.tsx(1354,13): error TS7026: JSX element implicitly has type 'any' because no interface 'JSX.IntrinsicElements' exists.
vendor/pi-desktop/apps/desktop/src/components/Sidebar.tsx(1354,31): error TS7026: JSX element implicitly has type 'any' because no interface 'JSX.IntrinsicElements' exists.
vendor/pi-desktop/apps/desktop/src/components/Sidebar.tsx(1355,29): error TS7026: JSX element implicitly has type 'any' because no interface 'JSX.IntrinsicElements' exists.
vendor/pi-desktop/apps/desktop/src/components/Sidebar.tsx(1356,11): error TS7026: JSX element implicitly has type 'any' because no interface 'JSX.IntrinsicElements' exists.
vendor/pi-desktop/apps/desktop/src/components/Sidebar.tsx(1357,11): error TS7026: JSX element implicitly has type 'any' because no interface 'JSX.IntrinsicElements' exists.
vendor/pi-desktop/apps/desktop/src/components/Sidebar.tsx(1359,11): error TS7026: JSX element implicitly has type 'any' because no interface 'JSX.IntrinsicElements' exists.
vendor/pi-desktop/apps/desktop/src/components/Sidebar.tsx(1360,11): error TS7026: JSX element implicitly has type 'any' because no interface 'JSX.IntrinsicElements' exists.
vendor/pi-desktop/apps/desktop/src/components/Sidebar.tsx(1361,13): error TS7026: JSX element implicitly has type 'any' because no interface 'JSX.IntrinsicElements' exists.
vendor/pi-desktop/apps/desktop/src/components/Sidebar.tsx(1367,25): error TS7006: Parameter 'event' implicitly has an 'any' type.
vendor/pi-desktop/apps/desktop/src/components/Sidebar.tsx(1378,13): error TS7026: JSX element implicitly has type 'any' because no interface 'JSX.IntrinsicElements' exists.
vendor/pi-desktop/apps/desktop/src/components/Sidebar.tsx(1379,11): error TS7026: JSX element implicitly has type 'any' because no interface 'JSX.IntrinsicElements' exists.
vendor/pi-desktop/apps/desktop/src/components/Sidebar.tsx(1380,11): error TS7026: JSX element implicitly has type 'any' because no interface 'JSX.IntrinsicElements' exists.
vendor/pi-desktop/apps/desktop/src/components/Sidebar.tsx(1388,11): error TS7026: JSX element implicitly has type 'any' because no interface 'JSX.IntrinsicElements' exists.
vendor/pi-desktop/apps/desktop/src/components/Sidebar.tsx(1389,9): error TS7026: JSX element implicitly has type 'any' because no interface 'JSX.IntrinsicElements' exists.
vendor/pi-desktop/apps/desktop/src/components/Sidebar.tsx(1390,9): error TS7026: JSX element implicitly has type 'any' because no interface 'JSX.IntrinsicElements' exists.
vendor/pi-desktop/apps/desktop/src/components/Sidebar.tsx(1397,13): error TS7026: JSX element implicitly has type 'any' because no interface 'JSX.IntrinsicElements' exists.
vendor/pi-desktop/apps/desktop/src/components/Sidebar.tsx(1397,80): error TS7026: JSX element implicitly has type 'any' because no interface 'JSX.IntrinsicElements' exists.
vendor/pi-desktop/apps/desktop/src/components/Sidebar.tsx(1399,9): error TS7026: JSX element implicitly has type 'any' because no interface 'JSX.IntrinsicElements' exists.
vendor/pi-desktop/apps/desktop/src/components/Sidebar.tsx(1400,7): error TS7026: JSX element implicitly has type 'any' because no interface 'JSX.IntrinsicElements' exists.
vendor/pi-desktop/apps/desktop/src/components/Sidebar.tsx(1420,9): error TS7026: JSX element implicitly has type 'any' because no interface 'JSX.IntrinsicElements' exists.
vendor/pi-desktop/apps/desktop/src/components/Sidebar.tsx(1430,11): error TS7026: JSX element implicitly has type 'any' because no interface 'JSX.IntrinsicElements' exists.
vendor/pi-desktop/apps/desktop/src/components/Sidebar.tsx(1442,13): error TS7026: JSX element implicitly has type 'any' because no interface 'JSX.IntrinsicElements' exists.
vendor/pi-desktop/apps/desktop/src/components/Sidebar.tsx(1442,26): error TS7026: JSX element implicitly has type 'any' because no interface 'JSX.IntrinsicElements' exists.
vendor/pi-desktop/apps/desktop/src/components/Sidebar.tsx(1443,11): error TS7026: JSX element implicitly has type 'any' because no interface 'JSX.IntrinsicElements' exists.
vendor/pi-desktop/apps/desktop/src/components/Sidebar.tsx(1444,9): error TS7026: JSX element implicitly has type 'any' because no interface 'JSX.IntrinsicElements' exists.
vendor/pi-desktop/apps/desktop/src/components/Sidebar.tsx(1450,9): error TS7026: JSX element implicitly has type 'any' because no interface 'JSX.IntrinsicElements' exists.
vendor/pi-desktop/apps/desktop/src/components/Sidebar.tsx(1459,11): error TS7026: JSX element implicitly has type 'any' because no interface 'JSX.IntrinsicElements' exists.
vendor/pi-desktop/apps/desktop/src/components/Sidebar.tsx(1461,11): error TS7026: JSX element implicitly has type 'any' because no interface 'JSX.IntrinsicElements' exists.
vendor/pi-desktop/apps/desktop/src/components/Sidebar.tsx(1463,13): error TS7026: JSX element implicitly has type 'any' because no interface 'JSX.IntrinsicElements' exists.
vendor/pi-desktop/apps/desktop/src/components/Sidebar.tsx(1464,15): error TS7026: JSX element implicitly has type 'any' because no interface 'JSX.IntrinsicElements' exists.
vendor/pi-desktop/apps/desktop/src/components/Sidebar.tsx(1464,300): error TS7026: JSX element implicitly has type 'any' because no interface 'JSX.IntrinsicElements' exists.
vendor/pi-desktop/apps/desktop/src/components/Sidebar.tsx(1465,47): error TS7026: JSX element implicitly has type 'any' because no interface 'JSX.IntrinsicElements' exists.
vendor/pi-desktop/apps/desktop/src/components/Sidebar.tsx(1465,85): error TS7026: JSX element implicitly has type 'any' because no interface 'JSX.IntrinsicElements' exists.
vendor/pi-desktop/apps/desktop/src/components/Sidebar.tsx(1466,13): error TS7026: JSX element implicitly has type 'any' because no interface 'JSX.IntrinsicElements' exists.
vendor/pi-desktop/apps/desktop/src/components/Sidebar.tsx(1468,11): error TS7026: JSX element implicitly has type 'any' because no interface 'JSX.IntrinsicElements' exists.
vendor/pi-desktop/apps/desktop/src/components/Sidebar.tsx(1469,11): error TS7026: JSX element implicitly has type 'any' because no interface 'JSX.IntrinsicElements' exists.
vendor/pi-desktop/apps/desktop/src/components/Sidebar.tsx(1470,13): error TS7026: JSX element implicitly has type 'any' because no interface 'JSX.IntrinsicElements' exists.
vendor/pi-desktop/apps/desktop/src/components/Sidebar.tsx(1470,151): error TS7026: JSX element implicitly has type 'any' because no interface 'JSX.IntrinsicElements' exists.
vendor/pi-desktop/apps/desktop/src/components/Sidebar.tsx(1471,13): error TS7026: JSX element implicitly has type 'any' because no interface 'JSX.IntrinsicElements' exists.
vendor/pi-desktop/apps/desktop/src/components/Sidebar.tsx(1471,108): error TS7026: JSX element implicitly has type 'any' because no interface 'JSX.IntrinsicElements' exists.
vendor/pi-desktop/apps/desktop/src/components/Sidebar.tsx(1472,11): error TS7026: JSX element implicitly has type 'any' because no interface 'JSX.IntrinsicElements' exists.
vendor/pi-desktop/apps/desktop/src/components/Sidebar.tsx(1473,9): error TS7026: JSX element implicitly has type 'any' because no interface 'JSX.IntrinsicElements' exists.
vendor/pi-desktop/apps/desktop/src/components/Sidebar.tsx(1481,30): error TS7006: Parameter 'item' implicitly has an 'any' type.
vendor/pi-desktop/apps/desktop/src/components/Sidebar.tsx(1485,7): error TS7026: JSX element implicitly has type 'any' because no interface 'JSX.IntrinsicElements' exists.
vendor/pi-desktop/apps/desktop/src/components/Sidebar.tsx(1496,13): error TS7026: JSX element implicitly has type 'any' because no interface 'JSX.IntrinsicElements' exists.
vendor/pi-desktop/apps/desktop/src/components/Sidebar.tsx(1508,13): error TS7026: JSX element implicitly has type 'any' because no interface 'JSX.IntrinsicElements' exists.
vendor/pi-desktop/apps/desktop/src/components/Sidebar.tsx(1509,13): error TS7026: JSX element implicitly has type 'any' because no interface 'JSX.IntrinsicElements' exists.
vendor/pi-desktop/apps/desktop/src/components/Sidebar.tsx(1519,13): error TS7026: JSX element implicitly has type 'any' because no interface 'JSX.IntrinsicElements' exists.
vendor/pi-desktop/apps/desktop/src/components/Sidebar.tsx(1520,13): error TS7026: JSX element implicitly has type 'any' because no interface 'JSX.IntrinsicElements' exists.
vendor/pi-desktop/apps/desktop/src/components/Sidebar.tsx(1534,13): error TS7026: JSX element implicitly has type 'any' because no interface 'JSX.IntrinsicElements' exists.
vendor/pi-desktop/apps/desktop/src/components/Sidebar.tsx(1535,13): error TS7026: JSX element implicitly has type 'any' because no interface 'JSX.IntrinsicElements' exists.
vendor/pi-desktop/apps/desktop/src/components/Sidebar.tsx(1544,13): error TS7026: JSX element implicitly has type 'any' because no interface 'JSX.IntrinsicElements' exists.
vendor/pi-desktop/apps/desktop/src/components/Sidebar.tsx(1546,15): error TS7026: JSX element implicitly has type 'any' because no interface 'JSX.IntrinsicElements' exists.
vendor/pi-desktop/apps/desktop/src/components/Sidebar.tsx(1554,15): error TS7026: JSX element implicitly has type 'any' because no interface 'JSX.IntrinsicElements' exists.
vendor/pi-desktop/apps/desktop/src/components/Sidebar.tsx(1556,13): error TS7026: JSX element implicitly has type 'any' because no interface 'JSX.IntrinsicElements' exists.
vendor/pi-desktop/apps/desktop/src/components/Sidebar.tsx(1565,13): error TS7026: JSX element implicitly has type 'any' because no interface 'JSX.IntrinsicElements' exists.
vendor/pi-desktop/apps/desktop/src/components/Sidebar.tsx(1570,13): error TS7026: JSX element implicitly has type 'any' because no interface 'JSX.IntrinsicElements' exists.
vendor/pi-desktop/apps/desktop/src/components/Sidebar.tsx(1587,13): error TS7026: JSX element implicitly has type 'any' because no interface 'JSX.IntrinsicElements' exists.
vendor/pi-desktop/apps/desktop/src/components/Sidebar.tsx(1588,13): error TS7026: JSX element implicitly has type 'any' because no interface 'JSX.IntrinsicElements' exists.
vendor/pi-desktop/apps/desktop/src/components/Sidebar.tsx(1596,13): error TS7026: JSX element implicitly has type 'any' because no interface 'JSX.IntrinsicElements' exists.
vendor/pi-desktop/apps/desktop/src/components/Sidebar.tsx(1597,13): error TS7026: JSX element implicitly has type 'any' because no interface 'JSX.IntrinsicElements' exists.
vendor/pi-desktop/apps/desktop/src/components/Sidebar.tsx(1608,13): error TS7026: JSX element implicitly has type 'any' because no interface 'JSX.IntrinsicElements' exists.
vendor/pi-desktop/apps/desktop/src/components/Sidebar.tsx(1609,13): error TS7026: JSX element implicitly has type 'any' because no interface 'JSX.IntrinsicElements' exists.
vendor/pi-desktop/apps/desktop/src/components/Sidebar.tsx(1617,13): error TS7026: JSX element implicitly has type 'any' because no interface 'JSX.IntrinsicElements' exists.
vendor/pi-desktop/apps/desktop/src/components/Sidebar.tsx(1618,13): error TS7026: JSX element implicitly has type 'any' because no interface 'JSX.IntrinsicElements' exists.
vendor/pi-desktop/apps/desktop/src/components/Sidebar.tsx(1632,13): error TS7026: JSX element implicitly has type 'any' because no interface 'JSX.IntrinsicElements' exists.
vendor/pi-desktop/apps/desktop/src/components/Sidebar.tsx(1634,15): error TS7026: JSX element implicitly has type 'any' because no interface 'JSX.IntrinsicElements' exists.
vendor/pi-desktop/apps/desktop/src/components/Sidebar.tsx(1641,15): error TS7026: JSX element implicitly has type 'any' because no interface 'JSX.IntrinsicElements' exists.
vendor/pi-desktop/apps/desktop/src/components/Sidebar.tsx(1645,7): error TS7026: JSX element implicitly has type 'any' because no interface 'JSX.IntrinsicElements' exists.
vendor/pi-desktop/apps/desktop/src/components/Sidebar.tsx(1653,7): error TS7026: JSX element implicitly has type 'any' because no interface 'JSX.IntrinsicElements' exists.
vendor/pi-desktop/apps/desktop/src/components/Sidebar.tsx(1660,7): error TS7026: JSX element implicitly has type 'any' because no interface 'JSX.IntrinsicElements' exists.
vendor/pi-desktop/apps/desktop/src/components/Sidebar.tsx(1679,7): error TS7026: JSX element implicitly has type 'any' because no interface 'JSX.IntrinsicElements' exists.
vendor/pi-desktop/apps/desktop/src/components/Sidebar.tsx(1685,9): error TS7026: JSX element implicitly has type 'any' because no interface 'JSX.IntrinsicElements' exists.
vendor/pi-desktop/apps/desktop/src/components/Sidebar.tsx(1687,9): error TS7026: JSX element implicitly has type 'any' because no interface 'JSX.IntrinsicElements' exists.
vendor/pi-desktop/apps/desktop/src/components/Sidebar.tsx(1688,9): error TS7026: JSX element implicitly has type 'any' because no interface 'JSX.IntrinsicElements' exists.
vendor/pi-desktop/apps/desktop/src/components/Sidebar.tsx(1689,11): error TS7026: JSX element implicitly has type 'any' because no interface 'JSX.IntrinsicElements' exists.
vendor/pi-desktop/apps/desktop/src/components/Sidebar.tsx(1692,11): error TS7026: JSX element implicitly has type 'any' because no interface 'JSX.IntrinsicElements' exists.
vendor/pi-desktop/apps/desktop/src/components/Sidebar.tsx(1693,11): error TS7026: JSX element implicitly has type 'any' because no interface 'JSX.IntrinsicElements' exists.
vendor/pi-desktop/apps/desktop/src/components/Sidebar.tsx(1695,11): error TS7026: JSX element implicitly has type 'any' because no interface 'JSX.IntrinsicElements' exists.
vendor/pi-desktop/apps/desktop/src/components/Sidebar.tsx(1696,9): error TS7026: JSX element implicitly has type 'any' because no interface 'JSX.IntrinsicElements' exists.
vendor/pi-desktop/apps/desktop/src/components/Sidebar.tsx(1697,9): error TS7026: JSX element implicitly has type 'any' because no interface 'JSX.IntrinsicElements' exists.
vendor/pi-desktop/apps/desktop/src/components/Sidebar.tsx(1698,11): error TS7026: JSX element implicitly has type 'any' because no interface 'JSX.IntrinsicElements' exists.
vendor/pi-desktop/apps/desktop/src/components/Sidebar.tsx(1699,13): error TS7026: JSX element implicitly has type 'any' because no interface 'JSX.IntrinsicElements' exists.
vendor/pi-desktop/apps/desktop/src/components/Sidebar.tsx(1701,13): error TS7026: JSX element implicitly has type 'any' because no interface 'JSX.IntrinsicElements' exists.
vendor/pi-desktop/apps/desktop/src/components/Sidebar.tsx(1702,13): error TS7026: JSX element implicitly has type 'any' because no interface 'JSX.IntrinsicElements' exists.
vendor/pi-desktop/apps/desktop/src/components/Sidebar.tsx(1704,13): error TS7026: JSX element implicitly has type 'any' because no interface 'JSX.IntrinsicElements' exists.
vendor/pi-desktop/apps/desktop/src/components/Sidebar.tsx(1705,13): error TS7026: JSX element implicitly has type 'any' because no interface 'JSX.IntrinsicElements' exists.
vendor/pi-desktop/apps/desktop/src/components/Sidebar.tsx(1707,13): error TS7026: JSX element implicitly has type 'any' because no interface 'JSX.IntrinsicElements' exists.
vendor/pi-desktop/apps/desktop/src/components/Sidebar.tsx(1708,11): error TS7026: JSX element implicitly has type 'any' because no interface 'JSX.IntrinsicElements' exists.
vendor/pi-desktop/apps/desktop/src/components/Sidebar.tsx(1710,13): error TS7026: JSX element implicitly has type 'any' because no interface 'JSX.IntrinsicElements' exists.
vendor/pi-desktop/apps/desktop/src/components/Sidebar.tsx(1711,15): error TS7026: JSX element implicitly has type 'any' because no interface 'JSX.IntrinsicElements' exists.
vendor/pi-desktop/apps/desktop/src/components/Sidebar.tsx(1713,15): error TS7026: JSX element implicitly has type 'any' because no interface 'JSX.IntrinsicElements' exists.
vendor/pi-desktop/apps/desktop/src/components/Sidebar.tsx(1714,15): error TS7026: JSX element implicitly has type 'any' because no interface 'JSX.IntrinsicElements' exists.
vendor/pi-desktop/apps/desktop/src/components/Sidebar.tsx(1721,15): error TS7026: JSX element implicitly has type 'any' because no interface 'JSX.IntrinsicElements' exists.
vendor/pi-desktop/apps/desktop/src/components/Sidebar.tsx(1722,13): error TS7026: JSX element implicitly has type 'any' because no interface 'JSX.IntrinsicElements' exists.
vendor/pi-desktop/apps/desktop/src/components/Sidebar.tsx(1724,11): error TS7026: JSX element implicitly has type 'any' because no interface 'JSX.IntrinsicElements' exists.
vendor/pi-desktop/apps/desktop/src/components/Sidebar.tsx(1725,13): error TS7026: JSX element implicitly has type 'any' because no interface 'JSX.IntrinsicElements' exists.
vendor/pi-desktop/apps/desktop/src/components/Sidebar.tsx(1727,13): error TS7026: JSX element implicitly has type 'any' because no interface 'JSX.IntrinsicElements' exists.
vendor/pi-desktop/apps/desktop/src/components/Sidebar.tsx(1728,13): error TS7026: JSX element implicitly has type 'any' because no interface 'JSX.IntrinsicElements' exists.
vendor/pi-desktop/apps/desktop/src/components/Sidebar.tsx(1732,13): error TS7026: JSX element implicitly has type 'any' because no interface 'JSX.IntrinsicElements' exists.
vendor/pi-desktop/apps/desktop/src/components/Sidebar.tsx(1733,11): error TS7026: JSX element implicitly has type 'any' because no interface 'JSX.IntrinsicElements' exists.
vendor/pi-desktop/apps/desktop/src/components/Sidebar.tsx(1734,9): error TS7026: JSX element implicitly has type 'any' because no interface 'JSX.IntrinsicElements' exists.
vendor/pi-desktop/apps/desktop/src/components/Sidebar.tsx(1735,7): error TS7026: JSX element implicitly has type 'any' because no interface 'JSX.IntrinsicElements' exists.
vendor/pi-desktop/apps/desktop/src/components/Sidebar.tsx(1741,5): error TS7026: JSX element implicitly has type 'any' because no interface 'JSX.IntrinsicElements' exists.
vendor/pi-desktop/apps/desktop/src/components/Sidebar.tsx(1741,5): error TS7016: Could not find a declaration file for module 'react/jsx-runtime'. 'C:/cm-plan-next-20260910/vendor/pi-desktop/node_modules/.pnpm/react@19.2.8/node_modules/react/jsx-runtime.js' implicitly has an 'any' type.
  Try `npm i --save-dev @types/react` if it exists or add a new declaration (.d.ts) file containing `declare module 'react/jsx-runtime';`
vendor/pi-desktop/apps/desktop/src/components/Sidebar.tsx(1745,7): error TS7026: JSX element implicitly has type 'any' because no interface 'JSX.IntrinsicElements' exists.
vendor/pi-desktop/apps/desktop/src/components/Sidebar.tsx(1746,9): error TS7026: JSX element implicitly has type 'any' because no interface 'JSX.IntrinsicElements' exists.
vendor/pi-desktop/apps/desktop/src/components/Sidebar.tsx(1755,11): error TS7026: JSX element implicitly has type 'any' because no interface 'JSX.IntrinsicElements' exists.
vendor/pi-desktop/apps/desktop/src/components/Sidebar.tsx(1755,37): error TS7026: JSX element implicitly has type 'any' because no interface 'JSX.IntrinsicElements' exists.
vendor/pi-desktop/apps/desktop/src/components/Sidebar.tsx(1756,9): error TS7026: JSX element implicitly has type 'any' because no interface 'JSX.IntrinsicElements' exists.
vendor/pi-desktop/apps/desktop/src/components/Sidebar.tsx(1757,9): error TS7026: JSX element implicitly has type 'any' because no interface 'JSX.IntrinsicElements' exists.
vendor/pi-desktop/apps/desktop/src/components/Sidebar.tsx(1758,11): error TS7026: JSX element implicitly has type 'any' because no interface 'JSX.IntrinsicElements' exists.
vendor/pi-desktop/apps/desktop/src/components/Sidebar.tsx(1766,11): error TS7026: JSX element implicitly has type 'any' because no interface 'JSX.IntrinsicElements' exists.
vendor/pi-desktop/apps/desktop/src/components/Sidebar.tsx(1767,11): error TS7026: JSX element implicitly has type 'any' because no interface 'JSX.IntrinsicElements' exists.
vendor/pi-desktop/apps/desktop/src/components/Sidebar.tsx(1781,11): error TS7026: JSX element implicitly has type 'any' because no interface 'JSX.IntrinsicElements' exists.
vendor/pi-desktop/apps/desktop/src/components/Sidebar.tsx(1782,9): error TS7026: JSX element implicitly has type 'any' because no interface 'JSX.IntrinsicElements' exists.
vendor/pi-desktop/apps/desktop/src/components/Sidebar.tsx(1783,7): error TS7026: JSX element implicitly has type 'any' because no interface 'JSX.IntrinsicElements' exists.
vendor/pi-desktop/apps/desktop/src/components/Sidebar.tsx(1785,7): error TS7026: JSX element implicitly has type 'any' because no interface 'JSX.IntrinsicElements' exists.
vendor/pi-desktop/apps/desktop/src/components/Sidebar.tsx(1788,9): error TS7026: JSX element implicitly has type 'any' because no interface 'JSX.IntrinsicElements' exists.
vendor/pi-desktop/apps/desktop/src/components/Sidebar.tsx(1793,11): error TS7026: JSX element implicitly has type 'any' because no interface 'JSX.IntrinsicElements' exists.
vendor/pi-desktop/apps/desktop/src/components/Sidebar.tsx(1796,29): error TS7006: Parameter 'event' implicitly has an 'any' type.
vendor/pi-desktop/apps/desktop/src/components/Sidebar.tsx(1801,29): error TS7006: Parameter 'event' implicitly has an 'any' type.
vendor/pi-desktop/apps/desktop/src/components/Sidebar.tsx(1806,13): error TS7026: JSX element implicitly has type 'any' because no interface 'JSX.IntrinsicElements' exists.
vendor/pi-desktop/apps/desktop/src/components/Sidebar.tsx(1808,13): error TS7026: JSX element implicitly has type 'any' because no interface 'JSX.IntrinsicElements' exists.
vendor/pi-desktop/apps/desktop/src/components/Sidebar.tsx(1809,13): error TS7026: JSX element implicitly has type 'any' because no interface 'JSX.IntrinsicElements' exists.
vendor/pi-desktop/apps/desktop/src/components/Sidebar.tsx(1810,15): error TS7026: JSX element implicitly has type 'any' because no interface 'JSX.IntrinsicElements' exists.
vendor/pi-desktop/apps/desktop/src/components/Sidebar.tsx(1811,17): error TS7026: JSX element implicitly has type 'any' because no interface 'JSX.IntrinsicElements' exists.
vendor/pi-desktop/apps/desktop/src/components/Sidebar.tsx(1818,29): error TS7006: Parameter 'event' implicitly has an 'any' type.
vendor/pi-desktop/apps/desktop/src/components/Sidebar.tsx(1832,17): error TS7026: JSX element implicitly has type 'any' because no interface 'JSX.IntrinsicElements' exists.
vendor/pi-desktop/apps/desktop/src/components/Sidebar.tsx(1833,15): error TS7026: JSX element implicitly has type 'any' because no interface 'JSX.IntrinsicElements' exists.
vendor/pi-desktop/apps/desktop/src/components/Sidebar.tsx(1834,15): error TS7026: JSX element implicitly has type 'any' because no interface 'JSX.IntrinsicElements' exists.
vendor/pi-desktop/apps/desktop/src/components/Sidebar.tsx(1843,15): error TS7026: JSX element implicitly has type 'any' because no interface 'JSX.IntrinsicElements' exists.
vendor/pi-desktop/apps/desktop/src/components/Sidebar.tsx(1844,13): error TS7026: JSX element implicitly has type 'any' because no interface 'JSX.IntrinsicElements' exists.
vendor/pi-desktop/apps/desktop/src/components/Sidebar.tsx(1845,11): error TS7026: JSX element implicitly has type 'any' because no interface 'JSX.IntrinsicElements' exists.
vendor/pi-desktop/apps/desktop/src/components/Sidebar.tsx(1846,11): error TS7026: JSX element implicitly has type 'any' because no interface 'JSX.IntrinsicElements' exists.
vendor/pi-desktop/apps/desktop/src/components/Sidebar.tsx(1853,29): error TS7006: Parameter 'event' implicitly has an 'any' type.
vendor/pi-desktop/apps/desktop/src/components/Sidebar.tsx(1861,15): error TS7026: JSX element implicitly has type 'any' because no interface 'JSX.IntrinsicElements' exists.
vendor/pi-desktop/apps/desktop/src/components/Sidebar.tsx(1861,84): error TS7026: JSX element implicitly has type 'any' because no interface 'JSX.IntrinsicElements' exists.
vendor/pi-desktop/apps/desktop/src/components/Sidebar.tsx(1863,11): error TS7026: JSX element implicitly has type 'any' because no interface 'JSX.IntrinsicElements' exists.
vendor/pi-desktop/apps/desktop/src/components/Sidebar.tsx(1864,9): error TS7026: JSX element implicitly has type 'any' because no interface 'JSX.IntrinsicElements' exists.
vendor/pi-desktop/apps/desktop/src/components/Sidebar.tsx(1866,9): error TS7026: JSX element implicitly has type 'any' because no interface 'JSX.IntrinsicElements' exists.
vendor/pi-desktop/apps/desktop/src/components/Sidebar.tsx(1869,27): error TS7006: Parameter 'event' implicitly has an 'any' type.
vendor/pi-desktop/apps/desktop/src/components/Sidebar.tsx(1874,27): error TS7006: Parameter 'event' implicitly has an 'any' type.
vendor/pi-desktop/apps/desktop/src/components/Sidebar.tsx(1878,11): error TS7026: JSX element implicitly has type 'any' because no interface 'JSX.IntrinsicElements' exists.
vendor/pi-desktop/apps/desktop/src/components/Sidebar.tsx(1878,67): error TS7026: JSX element implicitly has type 'any' because no interface 'JSX.IntrinsicElements' exists.
vendor/pi-desktop/apps/desktop/src/components/Sidebar.tsx(1879,11): error TS7026: JSX element implicitly has type 'any' because no interface 'JSX.IntrinsicElements' exists.
vendor/pi-desktop/apps/desktop/src/components/Sidebar.tsx(1888,11): error TS7026: JSX element implicitly has type 'any' because no interface 'JSX.IntrinsicElements' exists.
vendor/pi-desktop/apps/desktop/src/components/Sidebar.tsx(1889,9): error TS7026: JSX element implicitly has type 'any' because no interface 'JSX.IntrinsicElements' exists.
vendor/pi-desktop/apps/desktop/src/components/Sidebar.tsx(1891,9): error TS7026: JSX element implicitly has type 'any' because no interface 'JSX.IntrinsicElements' exists.
vendor/pi-desktop/apps/desktop/src/components/Sidebar.tsx(1898,27): error TS7006: Parameter 'event' implicitly has an 'any' type.
vendor/pi-desktop/apps/desktop/src/components/Sidebar.tsx(1912,13): error TS7026: JSX element implicitly has type 'any' because no interface 'JSX.IntrinsicElements' exists.
vendor/pi-desktop/apps/desktop/src/components/Sidebar.tsx(1913,15): error TS7026: JSX element implicitly has type 'any' because no interface 'JSX.IntrinsicElements' exists.
vendor/pi-desktop/apps/desktop/src/components/Sidebar.tsx(1914,17): error TS7026: JSX element implicitly has type 'any' because no interface 'JSX.IntrinsicElements' exists.
vendor/pi-desktop/apps/desktop/src/components/Sidebar.tsx(1916,19): error TS7026: JSX element implicitly has type 'any' because no interface 'JSX.IntrinsicElements' exists.
vendor/pi-desktop/apps/desktop/src/components/Sidebar.tsx(1916,44): error TS7026: JSX element implicitly has type 'any' because no interface 'JSX.IntrinsicElements' exists.
vendor/pi-desktop/apps/desktop/src/components/Sidebar.tsx(1917,17): error TS7026: JSX element implicitly has type 'any' because no interface 'JSX.IntrinsicElements' exists.
vendor/pi-desktop/apps/desktop/src/components/Sidebar.tsx(1918,15): error TS7026: JSX element implicitly has type 'any' because no interface 'JSX.IntrinsicElements' exists.
vendor/pi-desktop/apps/desktop/src/components/Sidebar.tsx(1919,13): error TS7026: JSX element implicitly has type 'any' because no interface 'JSX.IntrinsicElements' exists.
vendor/pi-desktop/apps/desktop/src/components/Sidebar.tsx(1921,9): error TS7026: JSX element implicitly has type 'any' because no interface 'JSX.IntrinsicElements' exists.
vendor/pi-desktop/apps/desktop/src/components/Sidebar.tsx(1923,9): error TS7026: JSX element implicitly has type 'any' because no interface 'JSX.IntrinsicElements' exists.
vendor/pi-desktop/apps/desktop/src/components/Sidebar.tsx(1924,11): error TS7026: JSX element implicitly has type 'any' because no interface 'JSX.IntrinsicElements' exists.
vendor/pi-desktop/apps/desktop/src/components/Sidebar.tsx(1925,13): error TS7026: JSX element implicitly has type 'any' because no interface 'JSX.IntrinsicElements' exists.
vendor/pi-desktop/apps/desktop/src/components/Sidebar.tsx(1934,13): error TS7026: JSX element implicitly has type 'any' because no interface 'JSX.IntrinsicElements' exists.
vendor/pi-desktop/apps/desktop/src/components/Sidebar.tsx(1935,13): error TS7026: JSX element implicitly has type 'any' because no interface 'JSX.IntrinsicElements' exists.
vendor/pi-desktop/apps/desktop/src/components/Sidebar.tsx(1944,13): error TS7026: JSX element implicitly has type 'any' because no interface 'JSX.IntrinsicElements' exists.
vendor/pi-desktop/apps/desktop/src/components/Sidebar.tsx(1946,11): error TS7026: JSX element implicitly has type 'any' because no interface 'JSX.IntrinsicElements' exists.
vendor/pi-desktop/apps/desktop/src/components/Sidebar.tsx(1948,11): error TS7026: JSX element implicitly has type 'any' because no interface 'JSX.IntrinsicElements' exists.
vendor/pi-desktop/apps/desktop/src/components/Sidebar.tsx(1967,13): error TS7026: JSX element implicitly has type 'any' because no interface 'JSX.IntrinsicElements' exists.
vendor/pi-desktop/apps/desktop/src/components/Sidebar.tsx(1967,64): error TS7026: JSX element implicitly has type 'any' because no interface 'JSX.IntrinsicElements' exists.
vendor/pi-desktop/apps/desktop/src/components/Sidebar.tsx(1968,28): error TS7026: JSX element implicitly has type 'any' because no interface 'JSX.IntrinsicElements' exists.
vendor/pi-desktop/apps/desktop/src/components/Sidebar.tsx(1969,11): error TS7026: JSX element implicitly has type 'any' because no interface 'JSX.IntrinsicElements' exists.
vendor/pi-desktop/apps/desktop/src/components/Sidebar.tsx(1970,9): error TS7026: JSX element implicitly has type 'any' because no interface 'JSX.IntrinsicElements' exists.
vendor/pi-desktop/apps/desktop/src/components/Sidebar.tsx(1971,7): error TS7026: JSX element implicitly has type 'any' because no interface 'JSX.IntrinsicElements' exists.
vendor/pi-desktop/apps/desktop/src/components/Sidebar.tsx(1991,7): error TS7026: JSX element implicitly has type 'any' because no interface 'JSX.IntrinsicElements' exists.
vendor/pi-desktop/apps/desktop/src/components/Sidebar.tsx(2008,5): error TS7026: JSX element implicitly has type 'any' because no interface 'JSX.IntrinsicElements' exists.
vendor/pi-desktop/apps/desktop/src/components/StartupSplash.tsx(10,5): error TS7026: JSX element implicitly has type 'any' because no interface 'JSX.IntrinsicElements' exists.
vendor/pi-desktop/apps/desktop/src/components/StartupSplash.tsx(10,5): error TS7016: Could not find a declaration file for module 'react/jsx-runtime'. 'C:/cm-plan-next-20260910/vendor/pi-desktop/node_modules/.pnpm/react@19.2.8/node_modules/react/jsx-runtime.js' implicitly has an 'any' type.
  Try `npm i --save-dev @types/react` if it exists or add a new declaration (.d.ts) file containing `declare module 'react/jsx-runtime';`
vendor/pi-desktop/apps/desktop/src/components/StartupSplash.tsx(17,7): error TS7026: JSX element implicitly has type 'any' because no interface 'JSX.IntrinsicElements' exists.
vendor/pi-desktop/apps/desktop/src/components/StartupSplash.tsx(18,9): error TS7026: JSX element implicitly has type 'any' because no interface 'JSX.IntrinsicElements' exists.
vendor/pi-desktop/apps/desktop/src/components/StartupSplash.tsx(20,9): error TS7026: JSX element implicitly has type 'any' because no interface 'JSX.IntrinsicElements' exists.
vendor/pi-desktop/apps/desktop/src/components/StartupSplash.tsx(21,9): error TS7026: JSX element implicitly has type 'any' because no interface 'JSX.IntrinsicElements' exists.
vendor/pi-desktop/apps/desktop/src/components/StartupSplash.tsx(22,11): error TS7026: JSX element implicitly has type 'any' because no interface 'JSX.IntrinsicElements' exists.
vendor/pi-desktop/apps/desktop/src/components/StartupSplash.tsx(22,68): error TS7026: JSX element implicitly has type 'any' because no interface 'JSX.IntrinsicElements' exists.
vendor/pi-desktop/apps/desktop/src/components/StartupSplash.tsx(23,11): error TS7026: JSX element implicitly has type 'any' because no interface 'JSX.IntrinsicElements' exists.
vendor/pi-desktop/apps/desktop/src/components/StartupSplash.tsx(23,69): error TS7026: JSX element implicitly has type 'any' because no interface 'JSX.IntrinsicElements' exists.
vendor/pi-desktop/apps/desktop/src/components/StartupSplash.tsx(24,9): error TS7026: JSX element implicitly has type 'any' because no interface 'JSX.IntrinsicElements' exists.
vendor/pi-desktop/apps/desktop/src/components/StartupSplash.tsx(25,9): error TS7026: JSX element implicitly has type 'any' because no interface 'JSX.IntrinsicElements' exists.
vendor/pi-desktop/apps/desktop/src/components/StartupSplash.tsx(26,11): error TS7026: JSX element implicitly has type 'any' because no interface 'JSX.IntrinsicElements' exists.
vendor/pi-desktop/apps/desktop/src/components/StartupSplash.tsx(27,9): error TS7026: JSX element implicitly has type 'any' because no interface 'JSX.IntrinsicElements' exists.
vendor/pi-desktop/apps/desktop/src/components/StartupSplash.tsx(28,9): error TS7026: JSX element implicitly has type 'any' because no interface 'JSX.IntrinsicElements' exists.
vendor/pi-desktop/apps/desktop/src/components/StartupSplash.tsx(28,54): error TS7026: JSX element implicitly has type 'any' because no interface 'JSX.IntrinsicElements' exists.
vendor/pi-desktop/apps/desktop/src/components/StartupSplash.tsx(29,7): error TS7026: JSX element implicitly has type 'any' because no interface 'JSX.IntrinsicElements' exists.
vendor/pi-desktop/apps/desktop/src/components/StartupSplash.tsx(30,5): error TS7026: JSX element implicitly has type 'any' because no interface 'JSX.IntrinsicElements' exists.
vendor/pi-desktop/apps/desktop/src/components/Toast.tsx(1,79): error TS7016: Could not find a declaration file for module 'react'. 'C:/cm-plan-next-20260910/vendor/pi-desktop/node_modules/.pnpm/react@19.2.8/node_modules/react/index.js' implicitly has an 'any' type.
  Try `npm i --save-dev @types/react` if it exists or add a new declaration (.d.ts) file containing `declare module 'react';`
vendor/pi-desktop/apps/desktop/src/components/Toast.tsx(54,5): error TS7026: JSX element implicitly has type 'any' because no interface 'JSX.IntrinsicElements' exists.
vendor/pi-desktop/apps/desktop/src/components/Toast.tsx(54,5): error TS7016: Could not find a declaration file for module 'react/jsx-runtime'. 'C:/cm-plan-next-20260910/vendor/pi-desktop/node_modules/.pnpm/react@19.2.8/node_modules/react/jsx-runtime.js' implicitly has an 'any' type.
  Try `npm i --save-dev @types/react` if it exists or add a new declaration (.d.ts) file containing `declare module 'react/jsx-runtime';`
vendor/pi-desktop/apps/desktop/src/components/Toast.tsx(61,7): error TS7026: JSX element implicitly has type 'any' because no interface 'JSX.IntrinsicElements' exists.
vendor/pi-desktop/apps/desktop/src/components/Toast.tsx(63,7): error TS7026: JSX element implicitly has type 'any' because no interface 'JSX.IntrinsicElements' exists.
vendor/pi-desktop/apps/desktop/src/components/Toast.tsx(64,7): error TS7026: JSX element implicitly has type 'any' because no interface 'JSX.IntrinsicElements' exists.
vendor/pi-desktop/apps/desktop/src/components/Toast.tsx(64,53): error TS7026: JSX element implicitly has type 'any' because no interface 'JSX.IntrinsicElements' exists.
vendor/pi-desktop/apps/desktop/src/components/Toast.tsx(65,7): error TS7026: JSX element implicitly has type 'any' because no interface 'JSX.IntrinsicElements' exists.
vendor/pi-desktop/apps/desktop/src/components/Toast.tsx(72,7): error TS7026: JSX element implicitly has type 'any' because no interface 'JSX.IntrinsicElements' exists.
vendor/pi-desktop/apps/desktop/src/components/Toast.tsx(73,5): error TS7026: JSX element implicitly has type 'any' because no interface 'JSX.IntrinsicElements' exists.
vendor/pi-desktop/apps/desktop/src/components/Toast.tsx(81,5): error TS7026: JSX element implicitly has type 'any' because no interface 'JSX.IntrinsicElements' exists.
vendor/pi-desktop/apps/desktop/src/components/Toast.tsx(83,20): error TS2322: Type '{ key: number; item: ToastItem; }' is not assignable to type '{ item: ToastItem; }'.
  Property 'key' does not exist on type '{ item: ToastItem; }'.
vendor/pi-desktop/apps/desktop/src/components/Toast.tsx(85,5): error TS7026: JSX element implicitly has type 'any' because no interface 'JSX.IntrinsicElements' exists.
vendor/pi-desktop/apps/desktop/src/components/ToolDetails.tsx(58,5): error TS7026: JSX element implicitly has type 'any' because no interface 'JSX.IntrinsicElements' exists.
vendor/pi-desktop/apps/desktop/src/components/ToolDetails.tsx(58,5): error TS7016: Could not find a declaration file for module 'react/jsx-runtime'. 'C:/cm-plan-next-20260910/vendor/pi-desktop/node_modules/.pnpm/react@19.2.8/node_modules/react/jsx-runtime.js' implicitly has an 'any' type.
  Try `npm i --save-dev @types/react` if it exists or add a new declaration (.d.ts) file containing `declare module 'react/jsx-runtime';`
vendor/pi-desktop/apps/desktop/src/components/ToolDetails.tsx(59,7): error TS7026: JSX element implicitly has type 'any' because no interface 'JSX.IntrinsicElements' exists.
vendor/pi-desktop/apps/desktop/src/components/ToolDetails.tsx(59,20): error TS7026: JSX element implicitly has type 'any' because no interface 'JSX.IntrinsicElements' exists.
vendor/pi-desktop/apps/desktop/src/components/ToolDetails.tsx(60,7): error TS7026: JSX element implicitly has type 'any' because no interface 'JSX.IntrinsicElements' exists.
vendor/pi-desktop/apps/desktop/src/components/ToolDetails.tsx(67,7): error TS7026: JSX element implicitly has type 'any' because no interface 'JSX.IntrinsicElements' exists.
vendor/pi-desktop/apps/desktop/src/components/ToolDetails.tsx(68,5): error TS7026: JSX element implicitly has type 'any' because no interface 'JSX.IntrinsicElements' exists.
vendor/pi-desktop/apps/desktop/src/components/ToolDetails.tsx(76,5): error TS7026: JSX element implicitly has type 'any' because no interface 'JSX.IntrinsicElements' exists.
vendor/pi-desktop/apps/desktop/src/components/ToolDetails.tsx(78,5): error TS7026: JSX element implicitly has type 'any' because no interface 'JSX.IntrinsicElements' exists.
vendor/pi-desktop/apps/desktop/src/components/ToolDetails.tsx(88,5): error TS7026: JSX element implicitly has type 'any' because no interface 'JSX.IntrinsicElements' exists.
vendor/pi-desktop/apps/desktop/src/components/ToolDetails.tsx(93,13): error TS7026: JSX element implicitly has type 'any' because no interface 'JSX.IntrinsicElements' exists.
vendor/pi-desktop/apps/desktop/src/components/ToolDetails.tsx(95,13): error TS7026: JSX element implicitly has type 'any' because no interface 'JSX.IntrinsicElements' exists.
vendor/pi-desktop/apps/desktop/src/components/ToolDetails.tsx(99,11): error TS7026: JSX element implicitly has type 'any' because no interface 'JSX.IntrinsicElements' exists.
vendor/pi-desktop/apps/desktop/src/components/ToolDetails.tsx(107,11): error TS7026: JSX element implicitly has type 'any' because no interface 'JSX.IntrinsicElements' exists.
vendor/pi-desktop/apps/desktop/src/components/ToolDetails.tsx(110,5): error TS7026: JSX element implicitly has type 'any' because no interface 'JSX.IntrinsicElements' exists.
vendor/pi-desktop/apps/desktop/src/components/ToolDetails.tsx(120,5): error TS7026: JSX element implicitly has type 'any' because no interface 'JSX.IntrinsicElements' exists.
vendor/pi-desktop/apps/desktop/src/components/ToolDetails.tsx(124,11): error TS7026: JSX element implicitly has type 'any' because no interface 'JSX.IntrinsicElements' exists.
vendor/pi-desktop/apps/desktop/src/components/ToolDetails.tsx(126,15): error TS7026: JSX element implicitly has type 'any' because no interface 'JSX.IntrinsicElements' exists.
vendor/pi-desktop/apps/desktop/src/components/ToolDetails.tsx(133,15): error TS7026: JSX element implicitly has type 'any' because no interface 'JSX.IntrinsicElements' exists.
vendor/pi-desktop/apps/desktop/src/components/ToolDetails.tsx(135,15): error TS7026: JSX element implicitly has type 'any' because no interface 'JSX.IntrinsicElements' exists.
vendor/pi-desktop/apps/desktop/src/components/ToolDetails.tsx(135,61): error TS7026: JSX element implicitly has type 'any' because no interface 'JSX.IntrinsicElements' exists.
vendor/pi-desktop/apps/desktop/src/components/ToolDetails.tsx(138,15): error TS7026: JSX element implicitly has type 'any' because no interface 'JSX.IntrinsicElements' exists.
vendor/pi-desktop/apps/desktop/src/components/ToolDetails.tsx(139,17): error TS7026: JSX element implicitly has type 'any' because no interface 'JSX.IntrinsicElements' exists.
vendor/pi-desktop/apps/desktop/src/components/ToolDetails.tsx(139,65): error TS7026: JSX element implicitly has type 'any' because no interface 'JSX.IntrinsicElements' exists.
vendor/pi-desktop/apps/desktop/src/components/ToolDetails.tsx(140,17): error TS7026: JSX element implicitly has type 'any' because no interface 'JSX.IntrinsicElements' exists.
vendor/pi-desktop/apps/desktop/src/components/ToolDetails.tsx(140,67): error TS7026: JSX element implicitly has type 'any' because no interface 'JSX.IntrinsicElements' exists.
vendor/pi-desktop/apps/desktop/src/components/ToolDetails.tsx(141,15): error TS7026: JSX element implicitly has type 'any' because no interface 'JSX.IntrinsicElements' exists.
vendor/pi-desktop/apps/desktop/src/components/ToolDetails.tsx(143,11): error TS7026: JSX element implicitly has type 'any' because no interface 'JSX.IntrinsicElements' exists.
vendor/pi-desktop/apps/desktop/src/components/ToolDetails.tsx(146,5): error TS7026: JSX element implicitly has type 'any' because no interface 'JSX.IntrinsicElements' exists.
vendor/pi-desktop/apps/desktop/src/components/ToolDetails.tsx(154,9): error TS7026: JSX element implicitly has type 'any' because no interface 'JSX.IntrinsicElements' exists.
vendor/pi-desktop/apps/desktop/src/components/ToolDetails.tsx(160,9): error TS7026: JSX element implicitly has type 'any' because no interface 'JSX.IntrinsicElements' exists.
vendor/pi-desktop/apps/desktop/src/components/ToolDetails.tsx(164,9): error TS7026: JSX element implicitly has type 'any' because no interface 'JSX.IntrinsicElements' exists.
vendor/pi-desktop/apps/desktop/src/components/ToolDetails.tsx(165,11): error TS7026: JSX element implicitly has type 'any' because no interface 'JSX.IntrinsicElements' exists.
vendor/pi-desktop/apps/desktop/src/components/ToolDetails.tsx(167,15): error TS7026: JSX element implicitly has type 'any' because no interface 'JSX.IntrinsicElements' exists.
vendor/pi-desktop/apps/desktop/src/components/ToolDetails.tsx(168,17): error TS7026: JSX element implicitly has type 'any' because no interface 'JSX.IntrinsicElements' exists.
vendor/pi-desktop/apps/desktop/src/components/ToolDetails.tsx(170,17): error TS7026: JSX element implicitly has type 'any' because no interface 'JSX.IntrinsicElements' exists.
vendor/pi-desktop/apps/desktop/src/components/ToolDetails.tsx(171,17): error TS7026: JSX element implicitly has type 'any' because no interface 'JSX.IntrinsicElements' exists.
vendor/pi-desktop/apps/desktop/src/components/ToolDetails.tsx(171,61): error TS7026: JSX element implicitly has type 'any' because no interface 'JSX.IntrinsicElements' exists.
vendor/pi-desktop/apps/desktop/src/components/ToolDetails.tsx(172,15): error TS7026: JSX element implicitly has type 'any' because no interface 'JSX.IntrinsicElements' exists.
vendor/pi-desktop/apps/desktop/src/components/ToolDetails.tsx(174,11): error TS7026: JSX element implicitly has type 'any' because no interface 'JSX.IntrinsicElements' exists.
vendor/pi-desktop/apps/desktop/src/components/ToolDetails.tsx(176,9): error TS7026: JSX element implicitly has type 'any' because no interface 'JSX.IntrinsicElements' exists.
vendor/pi-desktop/apps/desktop/src/components/ToolDetails.tsx(194,9): error TS7026: JSX element implicitly has type 'any' because no interface 'JSX.IntrinsicElements' exists.
vendor/pi-desktop/apps/desktop/src/components/ToolDetails.tsx(196,13): error TS7026: JSX element implicitly has type 'any' because no interface 'JSX.IntrinsicElements' exists.
vendor/pi-desktop/apps/desktop/src/components/ToolDetails.tsx(197,15): error TS7026: JSX element implicitly has type 'any' because no interface 'JSX.IntrinsicElements' exists.
vendor/pi-desktop/apps/desktop/src/components/ToolDetails.tsx(197,59): error TS7026: JSX element implicitly has type 'any' because no interface 'JSX.IntrinsicElements' exists.
vendor/pi-desktop/apps/desktop/src/components/ToolDetails.tsx(198,15): error TS7026: JSX element implicitly has type 'any' because no interface 'JSX.IntrinsicElements' exists.
vendor/pi-desktop/apps/desktop/src/components/ToolDetails.tsx(198,59): error TS7026: JSX element implicitly has type 'any' because no interface 'JSX.IntrinsicElements' exists.
vendor/pi-desktop/apps/desktop/src/components/ToolDetails.tsx(199,13): error TS7026: JSX element implicitly has type 'any' because no interface 'JSX.IntrinsicElements' exists.
vendor/pi-desktop/apps/desktop/src/components/ToolDetails.tsx(201,9): error TS7026: JSX element implicitly has type 'any' because no interface 'JSX.IntrinsicElements' exists.
vendor/pi-desktop/apps/desktop/src/components/ToolDetails.tsx(205,9): error TS7026: JSX element implicitly has type 'any' because no interface 'JSX.IntrinsicElements' exists.
vendor/pi-desktop/apps/desktop/src/components/ToolDetails.tsx(211,11): error TS7026: JSX element implicitly has type 'any' because no interface 'JSX.IntrinsicElements' exists.
vendor/pi-desktop/apps/desktop/src/components/ToolDetails.tsx(213,11): error TS7026: JSX element implicitly has type 'any' because no interface 'JSX.IntrinsicElements' exists.
vendor/pi-desktop/apps/desktop/src/components/ToolDetails.tsx(214,9): error TS7026: JSX element implicitly has type 'any' because no interface 'JSX.IntrinsicElements' exists.
vendor/pi-desktop/apps/desktop/src/components/ToolDetails.tsx(232,11): error TS7026: JSX element implicitly has type 'any' because no interface 'JSX.IntrinsicElements' exists.
vendor/pi-desktop/apps/desktop/src/components/ToolDetails.tsx(240,15): error TS7026: JSX element implicitly has type 'any' because no interface 'JSX.IntrinsicElements' exists.
vendor/pi-desktop/apps/desktop/src/components/ToolDetails.tsx(240,48): error TS7026: JSX element implicitly has type 'any' because no interface 'JSX.IntrinsicElements' exists.
vendor/pi-desktop/apps/desktop/src/components/ToolDetails.tsx(245,11): error TS7026: JSX element implicitly has type 'any' because no interface 'JSX.IntrinsicElements' exists.
vendor/pi-desktop/apps/desktop/src/components/ToolDetails.tsx(267,5): error TS7026: JSX element implicitly has type 'any' because no interface 'JSX.IntrinsicElements' exists.
vendor/pi-desktop/apps/desktop/src/components/ToolDetails.tsx(269,9): error TS7026: JSX element implicitly has type 'any' because no interface 'JSX.IntrinsicElements' exists.
vendor/pi-desktop/apps/desktop/src/components/ToolDetails.tsx(277,9): error TS7026: JSX element implicitly has type 'any' because no interface 'JSX.IntrinsicElements' exists.
vendor/pi-desktop/apps/desktop/src/components/ToolDetails.tsx(279,5): error TS7026: JSX element implicitly has type 'any' because no interface 'JSX.IntrinsicElements' exists.
vendor/pi-desktop/apps/desktop/src/components/TurnOutcomeCard.tsx(44,5): error TS7026: JSX element implicitly has type 'any' because no interface 'JSX.IntrinsicElements' exists.
vendor/pi-desktop/apps/desktop/src/components/TurnOutcomeCard.tsx(44,5): error TS7016: Could not find a declaration file for module 'react/jsx-runtime'. 'C:/cm-plan-next-20260910/vendor/pi-desktop/node_modules/.pnpm/react@19.2.8/node_modules/react/jsx-runtime.js' implicitly has an 'any' type.
  Try `npm i --save-dev @types/react` if it exists or add a new declaration (.d.ts) file containing `declare module 'react/jsx-runtime';`
vendor/pi-desktop/apps/desktop/src/components/TurnOutcomeCard.tsx(51,7): error TS7026: JSX element implicitly has type 'any' because no interface 'JSX.IntrinsicElements' exists.
vendor/pi-desktop/apps/desktop/src/components/TurnOutcomeCard.tsx(52,9): error TS7026: JSX element implicitly has type 'any' because no interface 'JSX.IntrinsicElements' exists.
vendor/pi-desktop/apps/desktop/src/components/TurnOutcomeCard.tsx(54,9): error TS7026: JSX element implicitly has type 'any' because no interface 'JSX.IntrinsicElements' exists.
vendor/pi-desktop/apps/desktop/src/components/TurnOutcomeCard.tsx(55,9): error TS7026: JSX element implicitly has type 'any' because no interface 'JSX.IntrinsicElements' exists.
vendor/pi-desktop/apps/desktop/src/components/TurnOutcomeCard.tsx(56,11): error TS7026: JSX element implicitly has type 'any' because no interface 'JSX.IntrinsicElements' exists.
vendor/pi-desktop/apps/desktop/src/components/TurnOutcomeCard.tsx(56,51): error TS7026: JSX element implicitly has type 'any' because no interface 'JSX.IntrinsicElements' exists.
vendor/pi-desktop/apps/desktop/src/components/TurnOutcomeCard.tsx(57,11): error TS7026: JSX element implicitly has type 'any' because no interface 'JSX.IntrinsicElements' exists.
vendor/pi-desktop/apps/desktop/src/components/TurnOutcomeCard.tsx(57,45): error TS7026: JSX element implicitly has type 'any' because no interface 'JSX.IntrinsicElements' exists.
vendor/pi-desktop/apps/desktop/src/components/TurnOutcomeCard.tsx(58,9): error TS7026: JSX element implicitly has type 'any' because no interface 'JSX.IntrinsicElements' exists.
vendor/pi-desktop/apps/desktop/src/components/TurnOutcomeCard.tsx(59,7): error TS7026: JSX element implicitly has type 'any' because no interface 'JSX.IntrinsicElements' exists.
vendor/pi-desktop/apps/desktop/src/components/TurnOutcomeCard.tsx(61,9): error TS7026: JSX element implicitly has type 'any' because no interface 'JSX.IntrinsicElements' exists.
vendor/pi-desktop/apps/desktop/src/components/TurnOutcomeCard.tsx(62,11): error TS7026: JSX element implicitly has type 'any' because no interface 'JSX.IntrinsicElements' exists.
vendor/pi-desktop/apps/desktop/src/components/TurnOutcomeCard.tsx(62,62): error TS7026: JSX element implicitly has type 'any' because no interface 'JSX.IntrinsicElements' exists.
vendor/pi-desktop/apps/desktop/src/components/TurnOutcomeCard.tsx(63,9): error TS7026: JSX element implicitly has type 'any' because no interface 'JSX.IntrinsicElements' exists.
vendor/pi-desktop/apps/desktop/src/components/TurnOutcomeCard.tsx(65,7): error TS7026: JSX element implicitly has type 'any' because no interface 'JSX.IntrinsicElements' exists.
vendor/pi-desktop/apps/desktop/src/components/TurnOutcomeCard.tsx(66,9): error TS7026: JSX element implicitly has type 'any' because no interface 'JSX.IntrinsicElements' exists.
vendor/pi-desktop/apps/desktop/src/components/TurnOutcomeCard.tsx(74,9): error TS7026: JSX element implicitly has type 'any' because no interface 'JSX.IntrinsicElements' exists.
vendor/pi-desktop/apps/desktop/src/components/TurnOutcomeCard.tsx(75,7): error TS7026: JSX element implicitly has type 'any' because no interface 'JSX.IntrinsicElements' exists.
vendor/pi-desktop/apps/desktop/src/components/TurnOutcomeCard.tsx(76,5): error TS7026: JSX element implicitly has type 'any' because no interface 'JSX.IntrinsicElements' exists.
vendor/pi-desktop/apps/desktop/src/components/ui.tsx(1,126): error TS7016: Could not find a declaration file for module 'react'. 'C:/cm-plan-next-20260910/vendor/pi-desktop/node_modules/.pnpm/react@19.2.8/node_modules/react/index.js' implicitly has an 'any' type.
  Try `npm i --save-dev @types/react` if it exists or add a new declaration (.d.ts) file containing `declare module 'react';`
vendor/pi-desktop/apps/desktop/src/components/ui.tsx(20,5): error TS7016: Could not find a declaration file for module 'react/jsx-runtime'. 'C:/cm-plan-next-20260910/vendor/pi-desktop/node_modules/.pnpm/react@19.2.8/node_modules/react/jsx-runtime.js' implicitly has an 'any' type.
  Try `npm i --save-dev @types/react` if it exists or add a new declaration (.d.ts) file containing `declare module 'react/jsx-runtime';`
vendor/pi-desktop/apps/desktop/src/components/ui.tsx(20,5): error TS7026: JSX element implicitly has type 'any' because no interface 'JSX.IntrinsicElements' exists.
vendor/pi-desktop/apps/desktop/src/components/ui.tsx(44,5): error TS7026: JSX element implicitly has type 'any' because no interface 'JSX.IntrinsicElements' exists.
vendor/pi-desktop/apps/desktop/src/components/ui.tsx(57,5): error TS7026: JSX element implicitly has type 'any' because no interface 'JSX.IntrinsicElements' exists.
vendor/pi-desktop/apps/desktop/src/components/ui.tsx(68,10): error TS7026: JSX element implicitly has type 'any' because no interface 'JSX.IntrinsicElements' exists.
vendor/pi-desktop/apps/desktop/src/components/ui.tsx(81,5): error TS7026: JSX element implicitly has type 'any' because no interface 'JSX.IntrinsicElements' exists.
vendor/pi-desktop/apps/desktop/src/components/ui.tsx(82,7): error TS7026: JSX element implicitly has type 'any' because no interface 'JSX.IntrinsicElements' exists.
vendor/pi-desktop/apps/desktop/src/components/ui.tsx(82,59): error TS7026: JSX element implicitly has type 'any' because no interface 'JSX.IntrinsicElements' exists.
vendor/pi-desktop/apps/desktop/src/components/ui.tsx(84,15): error TS7026: JSX element implicitly has type 'any' because no interface 'JSX.IntrinsicElements' exists.
vendor/pi-desktop/apps/desktop/src/components/ui.tsx(84,62): error TS7026: JSX element implicitly has type 'any' because no interface 'JSX.IntrinsicElements' exists.
vendor/pi-desktop/apps/desktop/src/components/ui.tsx(85,5): error TS7026: JSX element implicitly has type 'any' because no interface 'JSX.IntrinsicElements' exists.
vendor/pi-desktop/apps/desktop/src/components/ui.tsx(96,10): error TS7026: JSX element implicitly has type 'any' because no interface 'JSX.IntrinsicElements' exists.
vendor/pi-desktop/apps/desktop/src/components/ui.tsx(96,65): error TS7026: JSX element implicitly has type 'any' because no interface 'JSX.IntrinsicElements' exists.
vendor/pi-desktop/apps/desktop/src/components/ui.tsx(109,5): error TS7026: JSX element implicitly has type 'any' because no interface 'JSX.IntrinsicElements' exists.
vendor/pi-desktop/apps/desktop/src/components/ui.tsx(120,5): error TS7026: JSX element implicitly has type 'any' because no interface 'JSX.IntrinsicElements' exists.
vendor/pi-desktop/apps/desktop/src/components/UpdateBanner.tsx(1,26): error TS7016: Could not find a declaration file for module 'react'. 'C:/cm-plan-next-20260910/vendor/pi-desktop/node_modules/.pnpm/react@19.2.8/node_modules/react/index.js' implicitly has an 'any' type.
  Try `npm i --save-dev @types/react` if it exists or add a new declaration (.d.ts) file containing `declare module 'react';`
vendor/pi-desktop/apps/desktop/src/components/UpdateBanner.tsx(36,5): error TS7026: JSX element implicitly has type 'any' because no interface 'JSX.IntrinsicElements' exists.
vendor/pi-desktop/apps/desktop/src/components/UpdateBanner.tsx(36,5): error TS7016: Could not find a declaration file for module 'react/jsx-runtime'. 'C:/cm-plan-next-20260910/vendor/pi-desktop/node_modules/.pnpm/react@19.2.8/node_modules/react/jsx-runtime.js' implicitly has an 'any' type.
  Try `npm i --save-dev @types/react` if it exists or add a new declaration (.d.ts) file containing `declare module 'react/jsx-runtime';`
vendor/pi-desktop/apps/desktop/src/components/UpdateBanner.tsx(43,7): error TS7026: JSX element implicitly has type 'any' because no interface 'JSX.IntrinsicElements' exists.
vendor/pi-desktop/apps/desktop/src/components/UpdateBanner.tsx(44,24): error TS2322: Type '{ className: string; }' is not assignable to type 'LucideProps'.
  Property 'className' does not exist on type 'LucideProps'.
vendor/pi-desktop/apps/desktop/src/components/UpdateBanner.tsx(45,7): error TS7026: JSX element implicitly has type 'any' because no interface 'JSX.IntrinsicElements' exists.
vendor/pi-desktop/apps/desktop/src/components/UpdateBanner.tsx(47,7): error TS7026: JSX element implicitly has type 'any' because no interface 'JSX.IntrinsicElements' exists.
vendor/pi-desktop/apps/desktop/src/components/UpdateBanner.tsx(48,9): error TS7026: JSX element implicitly has type 'any' because no interface 'JSX.IntrinsicElements' exists.
vendor/pi-desktop/apps/desktop/src/components/UpdateBanner.tsx(48,66): error TS7026: JSX element implicitly has type 'any' because no interface 'JSX.IntrinsicElements' exists.
vendor/pi-desktop/apps/desktop/src/components/UpdateBanner.tsx(49,9): error TS7026: JSX element implicitly has type 'any' because no interface 'JSX.IntrinsicElements' exists.
vendor/pi-desktop/apps/desktop/src/components/UpdateBanner.tsx(49,57): error TS7026: JSX element implicitly has type 'any' because no interface 'JSX.IntrinsicElements' exists.
vendor/pi-desktop/apps/desktop/src/components/UpdateBanner.tsx(52,11): error TS7026: JSX element implicitly has type 'any' because no interface 'JSX.IntrinsicElements' exists.
vendor/pi-desktop/apps/desktop/src/components/UpdateBanner.tsx(53,13): error TS7026: JSX element implicitly has type 'any' because no interface 'JSX.IntrinsicElements' exists.
vendor/pi-desktop/apps/desktop/src/components/UpdateBanner.tsx(53,79): error TS7026: JSX element implicitly has type 'any' because no interface 'JSX.IntrinsicElements' exists.
vendor/pi-desktop/apps/desktop/src/components/UpdateBanner.tsx(54,13): error TS7026: JSX element implicitly has type 'any' because no interface 'JSX.IntrinsicElements' exists.
vendor/pi-desktop/apps/desktop/src/components/UpdateBanner.tsx(54,62): error TS7026: JSX element implicitly has type 'any' because no interface 'JSX.IntrinsicElements' exists.
vendor/pi-desktop/apps/desktop/src/components/UpdateBanner.tsx(55,11): error TS7026: JSX element implicitly has type 'any' because no interface 'JSX.IntrinsicElements' exists.
vendor/pi-desktop/apps/desktop/src/components/UpdateBanner.tsx(59,11): error TS7026: JSX element implicitly has type 'any' because no interface 'JSX.IntrinsicElements' exists.
vendor/pi-desktop/apps/desktop/src/components/UpdateBanner.tsx(67,13): error TS7026: JSX element implicitly has type 'any' because no interface 'JSX.IntrinsicElements' exists.
vendor/pi-desktop/apps/desktop/src/components/UpdateBanner.tsx(68,11): error TS7026: JSX element implicitly has type 'any' because no interface 'JSX.IntrinsicElements' exists.
vendor/pi-desktop/apps/desktop/src/components/UpdateBanner.tsx(71,9): error TS7026: JSX element implicitly has type 'any' because no interface 'JSX.IntrinsicElements' exists.
vendor/pi-desktop/apps/desktop/src/components/UpdateBanner.tsx(89,29): error TS2322: Type '{ className: string; }' is not assignable to type 'LucideProps'.
  Property 'className' does not exist on type 'LucideProps'.
vendor/pi-desktop/apps/desktop/src/components/UpdateBanner.tsx(93,9): error TS7026: JSX element implicitly has type 'any' because no interface 'JSX.IntrinsicElements' exists.
vendor/pi-desktop/apps/desktop/src/components/UpdateBanner.tsx(94,7): error TS7026: JSX element implicitly has type 'any' because no interface 'JSX.IntrinsicElements' exists.
vendor/pi-desktop/apps/desktop/src/components/UpdateBanner.tsx(96,7): error TS7026: JSX element implicitly has type 'any' because no interface 'JSX.IntrinsicElements' exists.
vendor/pi-desktop/apps/desktop/src/components/UpdateBanner.tsx(102,20): error TS2322: Type '{ className: string; }' is not assignable to type 'LucideProps'.
  Property 'className' does not exist on type 'LucideProps'.
vendor/pi-desktop/apps/desktop/src/components/UpdateBanner.tsx(103,7): error TS7026: JSX element implicitly has type 'any' because no interface 'JSX.IntrinsicElements' exists.
vendor/pi-desktop/apps/desktop/src/components/UpdateBanner.tsx(104,5): error TS7026: JSX element implicitly has type 'any' because no interface 'JSX.IntrinsicElements' exists.
vendor/pi-desktop/apps/desktop/src/components/WindowControls.tsx(1,37): error TS7016: Could not find a declaration file for module 'react'. 'C:/cm-plan-next-20260910/vendor/pi-desktop/node_modules/.pnpm/react@19.2.8/node_modules/react/index.js' implicitly has an 'any' type.
  Try `npm i --save-dev @types/react` if it exists or add a new declaration (.d.ts) file containing `declare module 'react';`
vendor/pi-desktop/apps/desktop/src/components/WindowControls.tsx(42,5): error TS7026: JSX element implicitly has type 'any' because no interface 'JSX.IntrinsicElements' exists.
vendor/pi-desktop/apps/desktop/src/components/WindowControls.tsx(42,5): error TS7016: Could not find a declaration file for module 'react/jsx-runtime'. 'C:/cm-plan-next-20260910/vendor/pi-desktop/node_modules/.pnpm/react@19.2.8/node_modules/react/jsx-runtime.js' implicitly has an 'any' type.
  Try `npm i --save-dev @types/react` if it exists or add a new declaration (.d.ts) file containing `declare module 'react/jsx-runtime';`
vendor/pi-desktop/apps/desktop/src/components/WindowControls.tsx(47,7): error TS7026: JSX element implicitly has type 'any' because no interface 'JSX.IntrinsicElements' exists.
vendor/pi-desktop/apps/desktop/src/components/WindowControls.tsx(55,7): error TS7026: JSX element implicitly has type 'any' because no interface 'JSX.IntrinsicElements' exists.
vendor/pi-desktop/apps/desktop/src/components/WindowControls.tsx(56,7): error TS7026: JSX element implicitly has type 'any' because no interface 'JSX.IntrinsicElements' exists.
vendor/pi-desktop/apps/desktop/src/components/WindowControls.tsx(80,7): error TS7026: JSX element implicitly has type 'any' because no interface 'JSX.IntrinsicElements' exists.
vendor/pi-desktop/apps/desktop/src/components/WindowControls.tsx(81,7): error TS7026: JSX element implicitly has type 'any' because no interface 'JSX.IntrinsicElements' exists.
vendor/pi-desktop/apps/desktop/src/components/WindowControls.tsx(89,7): error TS7026: JSX element implicitly has type 'any' because no interface 'JSX.IntrinsicElements' exists.
vendor/pi-desktop/apps/desktop/src/components/WindowControls.tsx(90,5): error TS7026: JSX element implicitly has type 'any' because no interface 'JSX.IntrinsicElements' exists.
vendor/pi-desktop/apps/desktop/src/components/workpanel/FilesTab.tsx(8,8): error TS7016: Could not find a declaration file for module 'react'. 'C:/cm-plan-next-20260910/vendor/pi-desktop/node_modules/.pnpm/react@19.2.8/node_modules/react/index.js' implicitly has an 'any' type.
  Try `npm i --save-dev @types/react` if it exists or add a new declaration (.d.ts) file containing `declare module 'react';`
vendor/pi-desktop/apps/desktop/src/components/workpanel/FilesTab.tsx(84,6): error TS7006: Parameter 'notify' implicitly has an 'any' type.
vendor/pi-desktop/apps/desktop/src/components/workpanel/FilesTab.tsx(118,5): error TS7026: JSX element implicitly has type 'any' because no interface 'JSX.IntrinsicElements' exists.
vendor/pi-desktop/apps/desktop/src/components/workpanel/FilesTab.tsx(118,5): error TS7016: Could not find a declaration file for module 'react/jsx-runtime'. 'C:/cm-plan-next-20260910/vendor/pi-desktop/node_modules/.pnpm/react@19.2.8/node_modules/react/jsx-runtime.js' implicitly has an 'any' type.
  Try `npm i --save-dev @types/react` if it exists or add a new declaration (.d.ts) file containing `declare module 'react/jsx-runtime';`
vendor/pi-desktop/apps/desktop/src/components/workpanel/FilesTab.tsx(120,30): error TS7006: Parameter 'row' implicitly has an 'any' type.
vendor/pi-desktop/apps/desktop/src/components/workpanel/FilesTab.tsx(120,35): error TS7006: Parameter 'i' implicitly has an 'any' type.
vendor/pi-desktop/apps/desktop/src/components/workpanel/FilesTab.tsx(121,13): error TS7026: JSX element implicitly has type 'any' because no interface 'JSX.IntrinsicElements' exists.
vendor/pi-desktop/apps/desktop/src/components/workpanel/FilesTab.tsx(124,28): error TS7006: Parameter 'token' implicitly has an 'any' type.
vendor/pi-desktop/apps/desktop/src/components/workpanel/FilesTab.tsx(124,35): error TS7006: Parameter 'j' implicitly has an 'any' type.
vendor/pi-desktop/apps/desktop/src/components/workpanel/FilesTab.tsx(125,21): error TS7026: JSX element implicitly has type 'any' because no interface 'JSX.IntrinsicElements' exists.
vendor/pi-desktop/apps/desktop/src/components/workpanel/FilesTab.tsx(127,21): error TS7026: JSX element implicitly has type 'any' because no interface 'JSX.IntrinsicElements' exists.
vendor/pi-desktop/apps/desktop/src/components/workpanel/FilesTab.tsx(129,13): error TS7026: JSX element implicitly has type 'any' because no interface 'JSX.IntrinsicElements' exists.
vendor/pi-desktop/apps/desktop/src/components/workpanel/FilesTab.tsx(131,36): error TS7006: Parameter 'line' implicitly has an 'any' type.
vendor/pi-desktop/apps/desktop/src/components/workpanel/FilesTab.tsx(131,42): error TS7006: Parameter 'i' implicitly has an 'any' type.
vendor/pi-desktop/apps/desktop/src/components/workpanel/FilesTab.tsx(132,13): error TS7026: JSX element implicitly has type 'any' because no interface 'JSX.IntrinsicElements' exists.
vendor/pi-desktop/apps/desktop/src/components/workpanel/FilesTab.tsx(134,13): error TS7026: JSX element implicitly has type 'any' because no interface 'JSX.IntrinsicElements' exists.
vendor/pi-desktop/apps/desktop/src/components/workpanel/FilesTab.tsx(136,18): error TS7026: JSX element implicitly has type 'any' because no interface 'JSX.IntrinsicElements' exists.
vendor/pi-desktop/apps/desktop/src/components/workpanel/FilesTab.tsx(136,52): error TS7026: JSX element implicitly has type 'any' because no interface 'JSX.IntrinsicElements' exists.
vendor/pi-desktop/apps/desktop/src/components/workpanel/FilesTab.tsx(137,5): error TS7026: JSX element implicitly has type 'any' because no interface 'JSX.IntrinsicElements' exists.
vendor/pi-desktop/apps/desktop/src/components/workpanel/FilesTab.tsx(179,18): error TS7006: Parameter 'prev' implicitly has an 'any' type.
vendor/pi-desktop/apps/desktop/src/components/workpanel/FilesTab.tsx(181,18): error TS7006: Parameter 'prev' implicitly has an 'any' type.
vendor/pi-desktop/apps/desktop/src/components/workpanel/FilesTab.tsx(193,20): error TS7006: Parameter 'prev' implicitly has an 'any' type.
vendor/pi-desktop/apps/desktop/src/components/workpanel/FilesTab.tsx(239,20): error TS7006: Parameter 'prev' implicitly has an 'any' type.
vendor/pi-desktop/apps/desktop/src/components/workpanel/FilesTab.tsx(245,51): error TS2503: Cannot find namespace 'React'.
vendor/pi-desktop/apps/desktop/src/components/workpanel/FilesTab.tsx(249,9): error TS7026: JSX element implicitly has type 'any' because no interface 'JSX.IntrinsicElements' exists.
vendor/pi-desktop/apps/desktop/src/components/workpanel/FilesTab.tsx(255,9): error TS7026: JSX element implicitly has type 'any' because no interface 'JSX.IntrinsicElements' exists.
vendor/pi-desktop/apps/desktop/src/components/workpanel/FilesTab.tsx(260,9): error TS7026: JSX element implicitly has type 'any' because no interface 'JSX.IntrinsicElements' exists.
vendor/pi-desktop/apps/desktop/src/components/workpanel/FilesTab.tsx(266,9): error TS7026: JSX element implicitly has type 'any' because no interface 'JSX.IntrinsicElements' exists.
vendor/pi-desktop/apps/desktop/src/components/workpanel/FilesTab.tsx(269,31): error TS7006: Parameter 'entry' implicitly has an 'any' type.
vendor/pi-desktop/apps/desktop/src/components/workpanel/FilesTab.tsx(274,11): error TS7026: JSX element implicitly has type 'any' because no interface 'JSX.IntrinsicElements' exists.
vendor/pi-desktop/apps/desktop/src/components/workpanel/FilesTab.tsx(275,13): error TS7026: JSX element implicitly has type 'any' because no interface 'JSX.IntrinsicElements' exists.
vendor/pi-desktop/apps/desktop/src/components/workpanel/FilesTab.tsx(281,15): error TS7026: JSX element implicitly has type 'any' because no interface 'JSX.IntrinsicElements' exists.
vendor/pi-desktop/apps/desktop/src/components/workpanel/FilesTab.tsx(283,15): error TS7026: JSX element implicitly has type 'any' because no interface 'JSX.IntrinsicElements' exists.
vendor/pi-desktop/apps/desktop/src/components/workpanel/FilesTab.tsx(285,15): error TS7026: JSX element implicitly has type 'any' because no interface 'JSX.IntrinsicElements' exists.
vendor/pi-desktop/apps/desktop/src/components/workpanel/FilesTab.tsx(285,60): error TS7026: JSX element implicitly has type 'any' because no interface 'JSX.IntrinsicElements' exists.
vendor/pi-desktop/apps/desktop/src/components/workpanel/FilesTab.tsx(286,13): error TS7026: JSX element implicitly has type 'any' because no interface 'JSX.IntrinsicElements' exists.
vendor/pi-desktop/apps/desktop/src/components/workpanel/FilesTab.tsx(288,11): error TS7026: JSX element implicitly has type 'any' because no interface 'JSX.IntrinsicElements' exists.
vendor/pi-desktop/apps/desktop/src/components/workpanel/FilesTab.tsx(292,9): error TS7026: JSX element implicitly has type 'any' because no interface 'JSX.IntrinsicElements' exists.
vendor/pi-desktop/apps/desktop/src/components/workpanel/FilesTab.tsx(301,11): error TS7026: JSX element implicitly has type 'any' because no interface 'JSX.IntrinsicElements' exists.
vendor/pi-desktop/apps/desktop/src/components/workpanel/FilesTab.tsx(301,56): error TS7026: JSX element implicitly has type 'any' because no interface 'JSX.IntrinsicElements' exists.
vendor/pi-desktop/apps/desktop/src/components/workpanel/FilesTab.tsx(302,9): error TS7026: JSX element implicitly has type 'any' because no interface 'JSX.IntrinsicElements' exists.
vendor/pi-desktop/apps/desktop/src/components/workpanel/FilesTab.tsx(319,7): error TS7026: JSX element implicitly has type 'any' because no interface 'JSX.IntrinsicElements' exists.
vendor/pi-desktop/apps/desktop/src/components/workpanel/FilesTab.tsx(320,9): error TS7026: JSX element implicitly has type 'any' because no interface 'JSX.IntrinsicElements' exists.
vendor/pi-desktop/apps/desktop/src/components/workpanel/FilesTab.tsx(321,11): error TS7026: JSX element implicitly has type 'any' because no interface 'JSX.IntrinsicElements' exists.
vendor/pi-desktop/apps/desktop/src/components/workpanel/FilesTab.tsx(331,11): error TS7026: JSX element implicitly has type 'any' because no interface 'JSX.IntrinsicElements' exists.
vendor/pi-desktop/apps/desktop/src/components/workpanel/FilesTab.tsx(332,11): error TS7026: JSX element implicitly has type 'any' because no interface 'JSX.IntrinsicElements' exists.
vendor/pi-desktop/apps/desktop/src/components/workpanel/FilesTab.tsx(334,11): error TS7026: JSX element implicitly has type 'any' because no interface 'JSX.IntrinsicElements' exists.
vendor/pi-desktop/apps/desktop/src/components/workpanel/FilesTab.tsx(335,20): error TS7026: JSX element implicitly has type 'any' because no interface 'JSX.IntrinsicElements' exists.
vendor/pi-desktop/apps/desktop/src/components/workpanel/FilesTab.tsx(335,78): error TS7026: JSX element implicitly has type 'any' because no interface 'JSX.IntrinsicElements' exists.
vendor/pi-desktop/apps/desktop/src/components/workpanel/FilesTab.tsx(336,11): error TS7026: JSX element implicitly has type 'any' because no interface 'JSX.IntrinsicElements' exists.
vendor/pi-desktop/apps/desktop/src/components/workpanel/FilesTab.tsx(343,11): error TS7026: JSX element implicitly has type 'any' because no interface 'JSX.IntrinsicElements' exists.
vendor/pi-desktop/apps/desktop/src/components/workpanel/FilesTab.tsx(344,9): error TS7026: JSX element implicitly has type 'any' because no interface 'JSX.IntrinsicElements' exists.
vendor/pi-desktop/apps/desktop/src/components/workpanel/FilesTab.tsx(345,9): error TS7026: JSX element implicitly has type 'any' because no interface 'JSX.IntrinsicElements' exists.
vendor/pi-desktop/apps/desktop/src/components/workpanel/FilesTab.tsx(349,13): error TS7026: JSX element implicitly has type 'any' because no interface 'JSX.IntrinsicElements' exists.
vendor/pi-desktop/apps/desktop/src/components/workpanel/FilesTab.tsx(349,71): error TS7026: JSX element implicitly has type 'any' because no interface 'JSX.IntrinsicElements' exists.
vendor/pi-desktop/apps/desktop/src/components/workpanel/FilesTab.tsx(351,13): error TS7026: JSX element implicitly has type 'any' because no interface 'JSX.IntrinsicElements' exists.
vendor/pi-desktop/apps/desktop/src/components/workpanel/FilesTab.tsx(353,13): error TS7026: JSX element implicitly has type 'any' because no interface 'JSX.IntrinsicElements' exists.
vendor/pi-desktop/apps/desktop/src/components/workpanel/FilesTab.tsx(357,13): error TS7026: JSX element implicitly has type 'any' because no interface 'JSX.IntrinsicElements' exists.
vendor/pi-desktop/apps/desktop/src/components/workpanel/FilesTab.tsx(358,15): error TS7026: JSX element implicitly has type 'any' because no interface 'JSX.IntrinsicElements' exists.
vendor/pi-desktop/apps/desktop/src/components/workpanel/FilesTab.tsx(359,13): error TS7026: JSX element implicitly has type 'any' because no interface 'JSX.IntrinsicElements' exists.
vendor/pi-desktop/apps/desktop/src/components/workpanel/FilesTab.tsx(370,9): error TS7026: JSX element implicitly has type 'any' because no interface 'JSX.IntrinsicElements' exists.
vendor/pi-desktop/apps/desktop/src/components/workpanel/FilesTab.tsx(371,7): error TS7026: JSX element implicitly has type 'any' because no interface 'JSX.IntrinsicElements' exists.
vendor/pi-desktop/apps/desktop/src/components/workpanel/FilesTab.tsx(375,10): error TS7026: JSX element implicitly has type 'any' because no interface 'JSX.IntrinsicElements' exists.
vendor/pi-desktop/apps/desktop/src/components/workpanel/FilesTab.tsx(375,55): error TS7026: JSX element implicitly has type 'any' because no interface 'JSX.IntrinsicElements' exists.
vendor/pi-desktop/apps/desktop/src/components/workpanel/PluginViewTab.tsx(1,45): error TS7016: Could not find a declaration file for module 'react'. 'C:/cm-plan-next-20260910/vendor/pi-desktop/node_modules/.pnpm/react@19.2.8/node_modules/react/index.js' implicitly has an 'any' type.
  Try `npm i --save-dev @types/react` if it exists or add a new declaration (.d.ts) file containing `declare module 'react';`
vendor/pi-desktop/apps/desktop/src/components/workpanel/PluginViewTab.tsx(101,7): error TS7026: JSX element implicitly has type 'any' because no interface 'JSX.IntrinsicElements' exists.
vendor/pi-desktop/apps/desktop/src/components/workpanel/PluginViewTab.tsx(101,7): error TS7016: Could not find a declaration file for module 'react/jsx-runtime'. 'C:/cm-plan-next-20260910/vendor/pi-desktop/node_modules/.pnpm/react@19.2.8/node_modules/react/jsx-runtime.js' implicitly has an 'any' type.
  Try `npm i --save-dev @types/react` if it exists or add a new declaration (.d.ts) file containing `declare module 'react/jsx-runtime';`
vendor/pi-desktop/apps/desktop/src/components/workpanel/PluginViewTab.tsx(107,7): error TS7026: JSX element implicitly has type 'any' because no interface 'JSX.IntrinsicElements' exists.
vendor/pi-desktop/apps/desktop/src/components/workpanel/PluginViewTab.tsx(112,5): error TS7026: JSX element implicitly has type 'any' because no interface 'JSX.IntrinsicElements' exists.
vendor/pi-desktop/apps/desktop/src/components/workpanel/PluginViewTab.tsx(113,7): error TS7026: JSX element implicitly has type 'any' because no interface 'JSX.IntrinsicElements' exists.
vendor/pi-desktop/apps/desktop/src/components/workpanel/PluginViewTab.tsx(114,5): error TS7026: JSX element implicitly has type 'any' because no interface 'JSX.IntrinsicElements' exists.
vendor/pi-desktop/apps/desktop/src/components/workpanel/ReviewTab.tsx(1,25): error TS7016: Could not find a declaration file for module 'react'. 'C:/cm-plan-next-20260910/vendor/pi-desktop/node_modules/.pnpm/react@19.2.8/node_modules/react/index.js' implicitly has an 'any' type.
  Try `npm i --save-dev @types/react` if it exists or add a new declaration (.d.ts) file containing `declare module 'react';`
vendor/pi-desktop/apps/desktop/src/components/workpanel/ReviewTab.tsx(17,7): error TS7016: Could not find a declaration file for module 'react/jsx-runtime'. 'C:/cm-plan-next-20260910/vendor/pi-desktop/node_modules/.pnpm/react@19.2.8/node_modules/react/jsx-runtime.js' implicitly has an 'any' type.
  Try `npm i --save-dev @types/react` if it exists or add a new declaration (.d.ts) file containing `declare module 'react/jsx-runtime';`
vendor/pi-desktop/apps/desktop/src/components/workpanel/ReviewTab.tsx(26,5): error TS7026: JSX element implicitly has type 'any' because no interface 'JSX.IntrinsicElements' exists.
vendor/pi-desktop/apps/desktop/src/components/workpanel/ReviewTab.tsx(27,7): error TS7026: JSX element implicitly has type 'any' because no interface 'JSX.IntrinsicElements' exists.
vendor/pi-desktop/apps/desktop/src/components/workpanel/ReviewTab.tsx(28,9): error TS7026: JSX element implicitly has type 'any' because no interface 'JSX.IntrinsicElements' exists.
vendor/pi-desktop/apps/desktop/src/components/workpanel/ReviewTab.tsx(30,9): error TS7026: JSX element implicitly has type 'any' because no interface 'JSX.IntrinsicElements' exists.
vendor/pi-desktop/apps/desktop/src/components/workpanel/ReviewTab.tsx(31,9): error TS7026: JSX element implicitly has type 'any' because no interface 'JSX.IntrinsicElements' exists.
vendor/pi-desktop/apps/desktop/src/components/workpanel/ReviewTab.tsx(32,11): error TS7026: JSX element implicitly has type 'any' because no interface 'JSX.IntrinsicElements' exists.
vendor/pi-desktop/apps/desktop/src/components/workpanel/ReviewTab.tsx(32,64): error TS7026: JSX element implicitly has type 'any' because no interface 'JSX.IntrinsicElements' exists.
vendor/pi-desktop/apps/desktop/src/components/workpanel/ReviewTab.tsx(33,11): error TS7026: JSX element implicitly has type 'any' because no interface 'JSX.IntrinsicElements' exists.
vendor/pi-desktop/apps/desktop/src/components/workpanel/ReviewTab.tsx(33,64): error TS7026: JSX element implicitly has type 'any' because no interface 'JSX.IntrinsicElements' exists.
vendor/pi-desktop/apps/desktop/src/components/workpanel/ReviewTab.tsx(34,9): error TS7026: JSX element implicitly has type 'any' because no interface 'JSX.IntrinsicElements' exists.
vendor/pi-desktop/apps/desktop/src/components/workpanel/ReviewTab.tsx(35,7): error TS7026: JSX element implicitly has type 'any' because no interface 'JSX.IntrinsicElements' exists.
vendor/pi-desktop/apps/desktop/src/components/workpanel/ReviewTab.tsx(36,7): error TS7026: JSX element implicitly has type 'any' because no interface 'JSX.IntrinsicElements' exists.
vendor/pi-desktop/apps/desktop/src/components/workpanel/ReviewTab.tsx(37,23): error TS7006: Parameter 'entry' implicitly has an 'any' type.
vendor/pi-desktop/apps/desktop/src/components/workpanel/ReviewTab.tsx(44,7): error TS7026: JSX element implicitly has type 'any' because no interface 'JSX.IntrinsicElements' exists.
vendor/pi-desktop/apps/desktop/src/components/workpanel/ReviewTab.tsx(45,5): error TS7026: JSX element implicitly has type 'any' because no interface 'JSX.IntrinsicElements' exists.
vendor/pi-desktop/apps/desktop/src/components/workpanel/SubagentPanel.tsx(1,42): error TS7016: Could not find a declaration file for module 'react'. 'C:/cm-plan-next-20260910/vendor/pi-desktop/node_modules/.pnpm/react@19.2.8/node_modules/react/index.js' implicitly has an 'any' type.
  Try `npm i --save-dev @types/react` if it exists or add a new declaration (.d.ts) file containing `declare module 'react';`
vendor/pi-desktop/apps/desktop/src/components/workpanel/SubagentPanel.tsx(106,5): error TS7026: JSX element implicitly has type 'any' because no interface 'JSX.IntrinsicElements' exists.
vendor/pi-desktop/apps/desktop/src/components/workpanel/SubagentPanel.tsx(106,5): error TS7016: Could not find a declaration file for module 'react/jsx-runtime'. 'C:/cm-plan-next-20260910/vendor/pi-desktop/node_modules/.pnpm/react@19.2.8/node_modules/react/jsx-runtime.js' implicitly has an 'any' type.
  Try `npm i --save-dev @types/react` if it exists or add a new declaration (.d.ts) file containing `declare module 'react/jsx-runtime';`
vendor/pi-desktop/apps/desktop/src/components/workpanel/SubagentPanel.tsx(113,7): error TS7026: JSX element implicitly has type 'any' because no interface 'JSX.IntrinsicElements' exists.
vendor/pi-desktop/apps/desktop/src/components/workpanel/SubagentPanel.tsx(121,9): error TS7026: JSX element implicitly has type 'any' because no interface 'JSX.IntrinsicElements' exists.
vendor/pi-desktop/apps/desktop/src/components/workpanel/SubagentPanel.tsx(132,13): error TS7026: JSX element implicitly has type 'any' because no interface 'JSX.IntrinsicElements' exists.
vendor/pi-desktop/apps/desktop/src/components/workpanel/SubagentPanel.tsx(134,13): error TS7026: JSX element implicitly has type 'any' because no interface 'JSX.IntrinsicElements' exists.
vendor/pi-desktop/apps/desktop/src/components/workpanel/SubagentPanel.tsx(136,9): error TS7026: JSX element implicitly has type 'any' because no interface 'JSX.IntrinsicElements' exists.
vendor/pi-desktop/apps/desktop/src/components/workpanel/SubagentPanel.tsx(137,7): error TS7026: JSX element implicitly has type 'any' because no interface 'JSX.IntrinsicElements' exists.
vendor/pi-desktop/apps/desktop/src/components/workpanel/SubagentPanel.tsx(139,9): error TS7026: JSX element implicitly has type 'any' because no interface 'JSX.IntrinsicElements' exists.
vendor/pi-desktop/apps/desktop/src/components/workpanel/SubagentPanel.tsx(147,9): error TS7026: JSX element implicitly has type 'any' because no interface 'JSX.IntrinsicElements' exists.
vendor/pi-desktop/apps/desktop/src/components/workpanel/SubagentPanel.tsx(149,7): error TS7026: JSX element implicitly has type 'any' because no interface 'JSX.IntrinsicElements' exists.
vendor/pi-desktop/apps/desktop/src/components/workpanel/SubagentPanel.tsx(153,7): error TS7026: JSX element implicitly has type 'any' because no interface 'JSX.IntrinsicElements' exists.
vendor/pi-desktop/apps/desktop/src/components/workpanel/SubagentPanel.tsx(154,5): error TS7026: JSX element implicitly has type 'any' because no interface 'JSX.IntrinsicElements' exists.
vendor/pi-desktop/apps/desktop/src/components/workpanel/WorkPanel.tsx(8,8): error TS7016: Could not find a declaration file for module 'react'. 'C:/cm-plan-next-20260910/vendor/pi-desktop/node_modules/.pnpm/react@19.2.8/node_modules/react/index.js' implicitly has an 'any' type.
  Try `npm i --save-dev @types/react` if it exists or add a new declaration (.d.ts) file containing `declare module 'react';`
vendor/pi-desktop/apps/desktop/src/components/workpanel/WorkPanel.tsx(195,10): error TS7006: Parameter 'item' implicitly has an 'any' type.
vendor/pi-desktop/apps/desktop/src/components/workpanel/WorkPanel.tsx(299,13): error TS2503: Cannot find namespace 'React'.
vendor/pi-desktop/apps/desktop/src/components/workpanel/WorkPanel.tsx(319,13): error TS2503: Cannot find namespace 'React'.
vendor/pi-desktop/apps/desktop/src/components/workpanel/WorkPanel.tsx(338,13): error TS2503: Cannot find namespace 'React'.
vendor/pi-desktop/apps/desktop/src/components/workpanel/WorkPanel.tsx(345,13): error TS2503: Cannot find namespace 'React'.
vendor/pi-desktop/apps/desktop/src/components/workpanel/WorkPanel.tsx(404,5): error TS7026: JSX element implicitly has type 'any' because no interface 'JSX.IntrinsicElements' exists.
vendor/pi-desktop/apps/desktop/src/components/workpanel/WorkPanel.tsx(404,5): error TS7016: Could not find a declaration file for module 'react/jsx-runtime'. 'C:/cm-plan-next-20260910/vendor/pi-desktop/node_modules/.pnpm/react@19.2.8/node_modules/react/jsx-runtime.js' implicitly has an 'any' type.
  Try `npm i --save-dev @types/react` if it exists or add a new declaration (.d.ts) file containing `declare module 'react/jsx-runtime';`
vendor/pi-desktop/apps/desktop/src/components/workpanel/WorkPanel.tsx(414,24): error TS7006: Parameter 'event' implicitly has an 'any' type.
vendor/pi-desktop/apps/desktop/src/components/workpanel/WorkPanel.tsx(422,7): error TS7026: JSX element implicitly has type 'any' because no interface 'JSX.IntrinsicElements' exists.
vendor/pi-desktop/apps/desktop/src/components/workpanel/WorkPanel.tsx(438,7): error TS7026: JSX element implicitly has type 'any' because no interface 'JSX.IntrinsicElements' exists.
vendor/pi-desktop/apps/desktop/src/components/workpanel/WorkPanel.tsx(439,9): error TS7026: JSX element implicitly has type 'any' because no interface 'JSX.IntrinsicElements' exists.
vendor/pi-desktop/apps/desktop/src/components/workpanel/WorkPanel.tsx(441,11): error TS7026: JSX element implicitly has type 'any' because no interface 'JSX.IntrinsicElements' exists.
vendor/pi-desktop/apps/desktop/src/components/workpanel/WorkPanel.tsx(443,15): error TS7026: JSX element implicitly has type 'any' because no interface 'JSX.IntrinsicElements' exists.
vendor/pi-desktop/apps/desktop/src/components/workpanel/WorkPanel.tsx(448,17): error TS7026: JSX element implicitly has type 'any' because no interface 'JSX.IntrinsicElements' exists.
vendor/pi-desktop/apps/desktop/src/components/workpanel/WorkPanel.tsx(450,17): error TS7026: JSX element implicitly has type 'any' because no interface 'JSX.IntrinsicElements' exists.
vendor/pi-desktop/apps/desktop/src/components/workpanel/WorkPanel.tsx(451,17): error TS7026: JSX element implicitly has type 'any' because no interface 'JSX.IntrinsicElements' exists.
vendor/pi-desktop/apps/desktop/src/components/workpanel/WorkPanel.tsx(451,73): error TS7026: JSX element implicitly has type 'any' because no interface 'JSX.IntrinsicElements' exists.
vendor/pi-desktop/apps/desktop/src/components/workpanel/WorkPanel.tsx(452,15): error TS7026: JSX element implicitly has type 'any' because no interface 'JSX.IntrinsicElements' exists.
vendor/pi-desktop/apps/desktop/src/components/workpanel/WorkPanel.tsx(454,15): error TS7026: JSX element implicitly has type 'any' because no interface 'JSX.IntrinsicElements' exists.
vendor/pi-desktop/apps/desktop/src/components/workpanel/WorkPanel.tsx(462,48): error TS7006: Parameter 'open' implicitly has an 'any' type.
vendor/pi-desktop/apps/desktop/src/components/workpanel/WorkPanel.tsx(465,17): error TS7026: JSX element implicitly has type 'any' because no interface 'JSX.IntrinsicElements' exists.
vendor/pi-desktop/apps/desktop/src/components/workpanel/WorkPanel.tsx(467,17): error TS7026: JSX element implicitly has type 'any' because no interface 'JSX.IntrinsicElements' exists.
vendor/pi-desktop/apps/desktop/src/components/workpanel/WorkPanel.tsx(468,17): error TS7026: JSX element implicitly has type 'any' because no interface 'JSX.IntrinsicElements' exists.
vendor/pi-desktop/apps/desktop/src/components/workpanel/WorkPanel.tsx(473,17): error TS7026: JSX element implicitly has type 'any' because no interface 'JSX.IntrinsicElements' exists.
vendor/pi-desktop/apps/desktop/src/components/workpanel/WorkPanel.tsx(476,19): error TS2322: Type '{ size: number; className: string; }' is not assignable to type 'LucideProps'.
  Property 'className' does not exist on type 'LucideProps'.
vendor/pi-desktop/apps/desktop/src/components/workpanel/WorkPanel.tsx(478,15): error TS7026: JSX element implicitly has type 'any' because no interface 'JSX.IntrinsicElements' exists.
vendor/pi-desktop/apps/desktop/src/components/workpanel/WorkPanel.tsx(481,15): error TS7026: JSX element implicitly has type 'any' because no interface 'JSX.IntrinsicElements' exists.
vendor/pi-desktop/apps/desktop/src/components/workpanel/WorkPanel.tsx(489,19): error TS7026: JSX element implicitly has type 'any' because no interface 'JSX.IntrinsicElements' exists.
vendor/pi-desktop/apps/desktop/src/components/workpanel/WorkPanel.tsx(494,23): error TS7026: JSX element implicitly has type 'any' because no interface 'JSX.IntrinsicElements' exists.
vendor/pi-desktop/apps/desktop/src/components/workpanel/WorkPanel.tsx(499,23): error TS7026: JSX element implicitly has type 'any' because no interface 'JSX.IntrinsicElements' exists.
vendor/pi-desktop/apps/desktop/src/components/workpanel/WorkPanel.tsx(507,27): error TS7026: JSX element implicitly has type 'any' because no interface 'JSX.IntrinsicElements' exists.
vendor/pi-desktop/apps/desktop/src/components/workpanel/WorkPanel.tsx(512,29): error TS7026: JSX element implicitly has type 'any' because no interface 'JSX.IntrinsicElements' exists.
vendor/pi-desktop/apps/desktop/src/components/workpanel/WorkPanel.tsx(527,33): error TS7026: JSX element implicitly has type 'any' because no interface 'JSX.IntrinsicElements' exists.
vendor/pi-desktop/apps/desktop/src/components/workpanel/WorkPanel.tsx(529,33): error TS7026: JSX element implicitly has type 'any' because no interface 'JSX.IntrinsicElements' exists.
vendor/pi-desktop/apps/desktop/src/components/workpanel/WorkPanel.tsx(531,31): error TS7026: JSX element implicitly has type 'any' because no interface 'JSX.IntrinsicElements' exists.
vendor/pi-desktop/apps/desktop/src/components/workpanel/WorkPanel.tsx(531,83): error TS7026: JSX element implicitly has type 'any' because no interface 'JSX.IntrinsicElements' exists.
vendor/pi-desktop/apps/desktop/src/components/workpanel/WorkPanel.tsx(533,33): error TS7026: JSX element implicitly has type 'any' because no interface 'JSX.IntrinsicElements' exists.
vendor/pi-desktop/apps/desktop/src/components/workpanel/WorkPanel.tsx(535,29): error TS7026: JSX element implicitly has type 'any' because no interface 'JSX.IntrinsicElements' exists.
vendor/pi-desktop/apps/desktop/src/components/workpanel/WorkPanel.tsx(536,29): error TS7026: JSX element implicitly has type 'any' because no interface 'JSX.IntrinsicElements' exists.
vendor/pi-desktop/apps/desktop/src/components/workpanel/WorkPanel.tsx(538,33): error TS7026: JSX element implicitly has type 'any' because no interface 'JSX.IntrinsicElements' exists.
vendor/pi-desktop/apps/desktop/src/components/workpanel/WorkPanel.tsx(548,33): error TS7026: JSX element implicitly has type 'any' because no interface 'JSX.IntrinsicElements' exists.
vendor/pi-desktop/apps/desktop/src/components/workpanel/WorkPanel.tsx(550,29): error TS7026: JSX element implicitly has type 'any' because no interface 'JSX.IntrinsicElements' exists.
vendor/pi-desktop/apps/desktop/src/components/workpanel/WorkPanel.tsx(551,27): error TS7026: JSX element implicitly has type 'any' because no interface 'JSX.IntrinsicElements' exists.
vendor/pi-desktop/apps/desktop/src/components/workpanel/WorkPanel.tsx(554,19): error TS7026: JSX element implicitly has type 'any' because no interface 'JSX.IntrinsicElements' exists.
vendor/pi-desktop/apps/desktop/src/components/workpanel/WorkPanel.tsx(559,23): error TS7026: JSX element implicitly has type 'any' because no interface 'JSX.IntrinsicElements' exists.
vendor/pi-desktop/apps/desktop/src/components/workpanel/WorkPanel.tsx(561,21): error TS7026: JSX element implicitly has type 'any' because no interface 'JSX.IntrinsicElements' exists.
vendor/pi-desktop/apps/desktop/src/components/workpanel/WorkPanel.tsx(566,23): error TS7026: JSX element implicitly has type 'any' because no interface 'JSX.IntrinsicElements' exists.
vendor/pi-desktop/apps/desktop/src/components/workpanel/WorkPanel.tsx(571,23): error TS7026: JSX element implicitly has type 'any' because no interface 'JSX.IntrinsicElements' exists.
vendor/pi-desktop/apps/desktop/src/components/workpanel/WorkPanel.tsx(580,27): error TS7026: JSX element implicitly has type 'any' because no interface 'JSX.IntrinsicElements' exists.
vendor/pi-desktop/apps/desktop/src/components/workpanel/WorkPanel.tsx(586,29): error TS7026: JSX element implicitly has type 'any' because no interface 'JSX.IntrinsicElements' exists.
vendor/pi-desktop/apps/desktop/src/components/workpanel/WorkPanel.tsx(599,31): error TS7026: JSX element implicitly has type 'any' because no interface 'JSX.IntrinsicElements' exists.
vendor/pi-desktop/apps/desktop/src/components/workpanel/WorkPanel.tsx(599,78): error TS7026: JSX element implicitly has type 'any' because no interface 'JSX.IntrinsicElements' exists.
vendor/pi-desktop/apps/desktop/src/components/workpanel/WorkPanel.tsx(600,29): error TS7026: JSX element implicitly has type 'any' because no interface 'JSX.IntrinsicElements' exists.
vendor/pi-desktop/apps/desktop/src/components/workpanel/WorkPanel.tsx(601,29): error TS7026: JSX element implicitly has type 'any' because no interface 'JSX.IntrinsicElements' exists.
vendor/pi-desktop/apps/desktop/src/components/workpanel/WorkPanel.tsx(602,31): error TS7026: JSX element implicitly has type 'any' because no interface 'JSX.IntrinsicElements' exists.
vendor/pi-desktop/apps/desktop/src/components/workpanel/WorkPanel.tsx(612,31): error TS7026: JSX element implicitly has type 'any' because no interface 'JSX.IntrinsicElements' exists.
vendor/pi-desktop/apps/desktop/src/components/workpanel/WorkPanel.tsx(613,29): error TS7026: JSX element implicitly has type 'any' because no interface 'JSX.IntrinsicElements' exists.
vendor/pi-desktop/apps/desktop/src/components/workpanel/WorkPanel.tsx(614,27): error TS7026: JSX element implicitly has type 'any' because no interface 'JSX.IntrinsicElements' exists.
vendor/pi-desktop/apps/desktop/src/components/workpanel/WorkPanel.tsx(617,21): error TS7026: JSX element implicitly has type 'any' because no interface 'JSX.IntrinsicElements' exists.
vendor/pi-desktop/apps/desktop/src/components/workpanel/WorkPanel.tsx(620,15): error TS7026: JSX element implicitly has type 'any' because no interface 'JSX.IntrinsicElements' exists.
vendor/pi-desktop/apps/desktop/src/components/workpanel/WorkPanel.tsx(622,11): error TS7026: JSX element implicitly has type 'any' because no interface 'JSX.IntrinsicElements' exists.
vendor/pi-desktop/apps/desktop/src/components/workpanel/WorkPanel.tsx(623,11): error TS7026: JSX element implicitly has type 'any' because no interface 'JSX.IntrinsicElements' exists.
vendor/pi-desktop/apps/desktop/src/components/workpanel/WorkPanel.tsx(625,15): error TS7026: JSX element implicitly has type 'any' because no interface 'JSX.IntrinsicElements' exists.
vendor/pi-desktop/apps/desktop/src/components/workpanel/WorkPanel.tsx(633,15): error TS7026: JSX element implicitly has type 'any' because no interface 'JSX.IntrinsicElements' exists.
vendor/pi-desktop/apps/desktop/src/components/workpanel/WorkPanel.tsx(636,15): error TS7026: JSX element implicitly has type 'any' because no interface 'JSX.IntrinsicElements' exists.
vendor/pi-desktop/apps/desktop/src/components/workpanel/WorkPanel.tsx(644,15): error TS7026: JSX element implicitly has type 'any' because no interface 'JSX.IntrinsicElements' exists.
vendor/pi-desktop/apps/desktop/src/components/workpanel/WorkPanel.tsx(647,15): error TS7026: JSX element implicitly has type 'any' because no interface 'JSX.IntrinsicElements' exists.
vendor/pi-desktop/apps/desktop/src/components/workpanel/WorkPanel.tsx(656,15): error TS7026: JSX element implicitly has type 'any' because no interface 'JSX.IntrinsicElements' exists.
vendor/pi-desktop/apps/desktop/src/components/workpanel/WorkPanel.tsx(658,11): error TS7026: JSX element implicitly has type 'any' because no interface 'JSX.IntrinsicElements' exists.
vendor/pi-desktop/apps/desktop/src/components/workpanel/WorkPanel.tsx(659,9): error TS7026: JSX element implicitly has type 'any' because no interface 'JSX.IntrinsicElements' exists.
vendor/pi-desktop/apps/desktop/src/components/workpanel/WorkPanel.tsx(660,9): error TS7026: JSX element implicitly has type 'any' because no interface 'JSX.IntrinsicElements' exists.
vendor/pi-desktop/apps/desktop/src/components/workpanel/WorkPanel.tsx(663,13): error TS7026: JSX element implicitly has type 'any' because no interface 'JSX.IntrinsicElements' exists.
vendor/pi-desktop/apps/desktop/src/components/workpanel/WorkPanel.tsx(670,13): error TS7026: JSX element implicitly has type 'any' because no interface 'JSX.IntrinsicElements' exists.
vendor/pi-desktop/apps/desktop/src/components/workpanel/WorkPanel.tsx(673,13): error TS7026: JSX element implicitly has type 'any' because no interface 'JSX.IntrinsicElements' exists.
vendor/pi-desktop/apps/desktop/src/components/workpanel/WorkPanel.tsx(681,13): error TS7026: JSX element implicitly has type 'any' because no interface 'JSX.IntrinsicElements' exists.
vendor/pi-desktop/apps/desktop/src/components/workpanel/WorkPanel.tsx(693,17): error TS7026: JSX element implicitly has type 'any' because no interface 'JSX.IntrinsicElements' exists.
vendor/pi-desktop/apps/desktop/src/components/workpanel/WorkPanel.tsx(711,17): error TS7026: JSX element implicitly has type 'any' because no interface 'JSX.IntrinsicElements' exists.
vendor/pi-desktop/apps/desktop/src/components/workpanel/WorkPanel.tsx(719,13): error TS7026: JSX element implicitly has type 'any' because no interface 'JSX.IntrinsicElements' exists.
vendor/pi-desktop/apps/desktop/src/components/workpanel/WorkPanel.tsx(725,17): error TS7026: JSX element implicitly has type 'any' because no interface 'JSX.IntrinsicElements' exists.
vendor/pi-desktop/apps/desktop/src/components/workpanel/WorkPanel.tsx(733,23): error TS7026: JSX element implicitly has type 'any' because no interface 'JSX.IntrinsicElements' exists.
vendor/pi-desktop/apps/desktop/src/components/workpanel/WorkPanel.tsx(744,27): error TS7026: JSX element implicitly has type 'any' because no interface 'JSX.IntrinsicElements' exists.
vendor/pi-desktop/apps/desktop/src/components/workpanel/WorkPanel.tsx(746,27): error TS7026: JSX element implicitly has type 'any' because no interface 'JSX.IntrinsicElements' exists.
vendor/pi-desktop/apps/desktop/src/components/workpanel/WorkPanel.tsx(748,25): error TS7026: JSX element implicitly has type 'any' because no interface 'JSX.IntrinsicElements' exists.
vendor/pi-desktop/apps/desktop/src/components/workpanel/WorkPanel.tsx(748,43): error TS7026: JSX element implicitly has type 'any' because no interface 'JSX.IntrinsicElements' exists.
vendor/pi-desktop/apps/desktop/src/components/workpanel/WorkPanel.tsx(749,23): error TS7026: JSX element implicitly has type 'any' because no interface 'JSX.IntrinsicElements' exists.
vendor/pi-desktop/apps/desktop/src/components/workpanel/WorkPanel.tsx(752,17): error TS7026: JSX element implicitly has type 'any' because no interface 'JSX.IntrinsicElements' exists.
vendor/pi-desktop/apps/desktop/src/components/workpanel/WorkPanel.tsx(754,13): error TS7026: JSX element implicitly has type 'any' because no interface 'JSX.IntrinsicElements' exists.
vendor/pi-desktop/apps/desktop/src/components/workpanel/WorkPanel.tsx(756,9): error TS7026: JSX element implicitly has type 'any' because no interface 'JSX.IntrinsicElements' exists.
vendor/pi-desktop/apps/desktop/src/components/workpanel/WorkPanel.tsx(757,7): error TS7026: JSX element implicitly has type 'any' because no interface 'JSX.IntrinsicElements' exists.
vendor/pi-desktop/apps/desktop/src/components/workpanel/WorkPanel.tsx(758,5): error TS7026: JSX element implicitly has type 'any' because no interface 'JSX.IntrinsicElements' exists.
vendor/pi-desktop/apps/desktop/src/components/workpanel/WorkTabEmpty.tsx(1,47): error TS7016: Could not find a declaration file for module 'react'. 'C:/cm-plan-next-20260910/vendor/pi-desktop/node_modules/.pnpm/react@19.2.8/node_modules/react/index.js' implicitly has an 'any' type.
  Try `npm i --save-dev @types/react` if it exists or add a new declaration (.d.ts) file containing `declare module 'react';`
vendor/pi-desktop/apps/desktop/src/components/workpanel/WorkTabEmpty.tsx(21,5): error TS7026: JSX element implicitly has type 'any' because no interface 'JSX.IntrinsicElements' exists.
vendor/pi-desktop/apps/desktop/src/components/workpanel/WorkTabEmpty.tsx(21,5): error TS7016: Could not find a declaration file for module 'react/jsx-runtime'. 'C:/cm-plan-next-20260910/vendor/pi-desktop/node_modules/.pnpm/react@19.2.8/node_modules/react/jsx-runtime.js' implicitly has an 'any' type.
  Try `npm i --save-dev @types/react` if it exists or add a new declaration (.d.ts) file containing `declare module 'react/jsx-runtime';`
vendor/pi-desktop/apps/desktop/src/components/workpanel/WorkTabEmpty.tsx(22,7): error TS7026: JSX element implicitly has type 'any' because no interface 'JSX.IntrinsicElements' exists.
vendor/pi-desktop/apps/desktop/src/components/workpanel/WorkTabEmpty.tsx(24,7): error TS7026: JSX element implicitly has type 'any' because no interface 'JSX.IntrinsicElements' exists.
vendor/pi-desktop/apps/desktop/src/components/workpanel/WorkTabEmpty.tsx(25,7): error TS7026: JSX element implicitly has type 'any' because no interface 'JSX.IntrinsicElements' exists.
vendor/pi-desktop/apps/desktop/src/components/workpanel/WorkTabEmpty.tsx(25,50): error TS7026: JSX element implicitly has type 'any' because no interface 'JSX.IntrinsicElements' exists.
vendor/pi-desktop/apps/desktop/src/components/workpanel/WorkTabEmpty.tsx(26,16): error TS7026: JSX element implicitly has type 'any' because no interface 'JSX.IntrinsicElements' exists.
vendor/pi-desktop/apps/desktop/src/components/workpanel/WorkTabEmpty.tsx(26,57): error TS7026: JSX element implicitly has type 'any' because no interface 'JSX.IntrinsicElements' exists.
vendor/pi-desktop/apps/desktop/src/components/workpanel/WorkTabEmpty.tsx(28,5): error TS7026: JSX element implicitly has type 'any' because no interface 'JSX.IntrinsicElements' exists.
vendor/pi-desktop/apps/desktop/src/hooks/use-composer-autocomplete.ts(1,67): error TS7016: Could not find a declaration file for module 'react'. 'C:/cm-plan-next-20260910/vendor/pi-desktop/node_modules/.pnpm/react@19.2.8/node_modules/react/index.js' implicitly has an 'any' type.
  Try `npm i --save-dev @types/react` if it exists or add a new declaration (.d.ts) file containing `declare module 'react';`
vendor/pi-desktop/apps/desktop/src/hooks/use-craftmine-worlds.ts(1,67): error TS7016: Could not find a declaration file for module 'react'. 'C:/cm-plan-next-20260910/vendor/pi-desktop/node_modules/.pnpm/react@19.2.8/node_modules/react/index.js' implicitly has an 'any' type.
  Try `npm i --save-dev @types/react` if it exists or add a new declaration (.d.ts) file containing `declare module 'react';`
vendor/pi-desktop/apps/desktop/src/hooks/use-craftmine-worlds.ts(128,35): error TS7006: Parameter 'entry' implicitly has an 'any' type.
vendor/pi-desktop/apps/desktop/src/hooks/use-craftmine-worlds.ts(283,31): error TS7006: Parameter 'entry' implicitly has an 'any' type.
vendor/pi-desktop/apps/desktop/src/hooks/use-follow-scroll.ts(9,8): error TS7016: Could not find a declaration file for module 'react'. 'C:/cm-plan-next-20260910/vendor/pi-desktop/node_modules/.pnpm/react@19.2.8/node_modules/react/index.js' implicitly has an 'any' type.
  Try `npm i --save-dev @types/react` if it exists or add a new declaration (.d.ts) file containing `declare module 'react';`
vendor/pi-desktop/apps/desktop/src/hooks/use-preview-target.ts(1,29): error TS7016: Could not find a declaration file for module 'react'. 'C:/cm-plan-next-20260910/vendor/pi-desktop/node_modules/.pnpm/react@19.2.8/node_modules/react/index.js' implicitly has an 'any' type.
  Try `npm i --save-dev @types/react` if it exists or add a new declaration (.d.ts) file containing `declare module 'react';`
vendor/pi-desktop/apps/desktop/src/hooks/use-update-state.ts(1,37): error TS7016: Could not find a declaration file for module 'react'. 'C:/cm-plan-next-20260910/vendor/pi-desktop/node_modules/.pnpm/react@19.2.8/node_modules/react/index.js' implicitly has an 'any' type.
  Try `npm i --save-dev @types/react` if it exists or add a new declaration (.d.ts) file containing `declare module 'react';`
vendor/pi-desktop/apps/desktop/src/hooks/use-update-state.ts(18,32): error TS7006: Parameter 'current' implicitly has an 'any' type.
vendor/pi-desktop/apps/desktop/src/lib/plugin-view-icons.ts(1,36): error TS7016: Could not find a declaration file for module 'react'. 'C:/cm-plan-next-20260910/vendor/pi-desktop/node_modules/.pnpm/react@19.2.8/node_modules/react/index.js' implicitly has an 'any' type.
  Try `npm i --save-dev @types/react` if it exists or add a new declaration (.d.ts) file containing `declare module 'react';`
vendor/pi-desktop/apps/desktop/src/lib/shiki.ts(6,8): error TS2307: Cannot find module 'shiki/core' or its corresponding type declarations.
vendor/pi-desktop/apps/desktop/src/lib/shiki.ts(7,39): error TS2307: Cannot find module 'shiki/core' or its corresponding type declarations.
vendor/pi-desktop/apps/desktop/src/lib/shiki.ts(8,45): error TS2307: Cannot find module 'shiki/engine/javascript' or its corresponding type declarations.
vendor/pi-desktop/apps/desktop/src/lib/shiki.ts(38,31): error TS2307: Cannot find module 'shiki/langs/astro.mjs' or its corresponding type declarations.
vendor/pi-desktop/apps/desktop/src/lib/shiki.ts(39,49): error TS2307: Cannot find module 'shiki/langs/bat.mjs' or its corresponding type declarations.
vendor/pi-desktop/apps/desktop/src/lib/shiki.ts(40,27): error TS2307: Cannot find module 'shiki/langs/c.mjs' or its corresponding type declarations.
vendor/pi-desktop/apps/desktop/src/lib/shiki.ts(41,47): error TS2307: Cannot find module 'shiki/langs/cpp.mjs' or its corresponding type declarations.
vendor/pi-desktop/apps/desktop/src/lib/shiki.ts(44,24): error TS2307: Cannot find module 'shiki/langs/csharp.mjs' or its corresponding type declarations.
vendor/pi-desktop/apps/desktop/src/lib/shiki.ts(46,29): error TS2307: Cannot find module 'shiki/langs/css.mjs' or its corresponding type declarations.
vendor/pi-desktop/apps/desktop/src/lib/shiki.ts(47,30): error TS2307: Cannot find module 'shiki/langs/dart.mjs' or its corresponding type declarations.
vendor/pi-desktop/apps/desktop/src/lib/shiki.ts(48,30): error TS2307: Cannot find module 'shiki/langs/diff.mjs' or its corresponding type declarations.
vendor/pi-desktop/apps/desktop/src/lib/shiki.ts(51,24): error TS2307: Cannot find module 'shiki/langs/docker.mjs' or its corresponding type declarations.
vendor/pi-desktop/apps/desktop/src/lib/shiki.ts(53,32): error TS2307: Cannot find module 'shiki/langs/dotenv.mjs' or its corresponding type declarations.
vendor/pi-desktop/apps/desktop/src/lib/shiki.ts(54,28): error TS2307: Cannot find module 'shiki/langs/go.mjs' or its corresponding type declarations.
vendor/pi-desktop/apps/desktop/src/lib/shiki.ts(57,24): error TS2307: Cannot find module 'shiki/langs/graphql.mjs' or its corresponding type declarations.
vendor/pi-desktop/apps/desktop/src/lib/shiki.ts(59,32): error TS2307: Cannot find module 'shiki/langs/groovy.mjs' or its corresponding type declarations.
vendor/pi-desktop/apps/desktop/src/lib/shiki.ts(60,29): error TS2307: Cannot find module 'shiki/langs/hcl.mjs' or its corresponding type declarations.
vendor/pi-desktop/apps/desktop/src/lib/shiki.ts(61,30): error TS2307: Cannot find module 'shiki/langs/html.mjs' or its corresponding type declarations.
vendor/pi-desktop/apps/desktop/src/lib/shiki.ts(62,54): error TS2307: Cannot find module 'shiki/langs/ini.mjs' or its corresponding type declarations.
vendor/pi-desktop/apps/desktop/src/lib/shiki.ts(63,30): error TS2307: Cannot find module 'shiki/langs/java.mjs' or its corresponding type declarations.
vendor/pi-desktop/apps/desktop/src/lib/shiki.ts(66,24): error TS2307: Cannot find module 'shiki/langs/javascript.mjs' or its corresponding type declarations.
vendor/pi-desktop/apps/desktop/src/lib/shiki.ts(68,30): error TS2307: Cannot find module 'shiki/langs/json.mjs' or its corresponding type declarations.
vendor/pi-desktop/apps/desktop/src/lib/shiki.ts(69,31): error TS2307: Cannot find module 'shiki/langs/jsonc.mjs' or its corresponding type declarations.
vendor/pi-desktop/apps/desktop/src/lib/shiki.ts(70,31): error TS2307: Cannot find module 'shiki/langs/jsonl.mjs' or its corresponding type declarations.
vendor/pi-desktop/apps/desktop/src/lib/shiki.ts(71,29): error TS2307: Cannot find module 'shiki/langs/jsx.mjs' or its corresponding type declarations.
vendor/pi-desktop/apps/desktop/src/lib/shiki.ts(74,24): error TS2307: Cannot find module 'shiki/langs/kotlin.mjs' or its corresponding type declarations.
vendor/pi-desktop/apps/desktop/src/lib/shiki.ts(76,29): error TS2307: Cannot find module 'shiki/langs/lua.mjs' or its corresponding type declarations.
vendor/pi-desktop/apps/desktop/src/lib/shiki.ts(79,24): error TS2307: Cannot find module 'shiki/langs/make.mjs' or its corresponding type declarations.
vendor/pi-desktop/apps/desktop/src/lib/shiki.ts(83,24): error TS2307: Cannot find module 'shiki/langs/markdown.mjs' or its corresponding type declarations.
vendor/pi-desktop/apps/desktop/src/lib/shiki.ts(85,29): error TS2307: Cannot find module 'shiki/langs/mdx.mjs' or its corresponding type declarations.
vendor/pi-desktop/apps/desktop/src/lib/shiki.ts(88,24): error TS2307: Cannot find module 'shiki/langs/mermaid.mjs' or its corresponding type declarations.
vendor/pi-desktop/apps/desktop/src/lib/shiki.ts(90,31): error TS2307: Cannot find module 'shiki/langs/nginx.mjs' or its corresponding type declarations.
vendor/pi-desktop/apps/desktop/src/lib/shiki.ts(91,29): error TS2307: Cannot find module 'shiki/langs/php.mjs' or its corresponding type declarations.
vendor/pi-desktop/apps/desktop/src/lib/shiki.ts(94,24): error TS2307: Cannot find module 'shiki/langs/powershell.mjs' or its corresponding type declarations.
vendor/pi-desktop/apps/desktop/src/lib/shiki.ts(96,32): error TS2307: Cannot find module 'shiki/langs/prisma.mjs' or its corresponding type declarations.
vendor/pi-desktop/apps/desktop/src/lib/shiki.ts(99,24): error TS2307: Cannot find module 'shiki/langs/proto.mjs' or its corresponding type declarations.
vendor/pi-desktop/apps/desktop/src/lib/shiki.ts(101,49): error TS2307: Cannot find module 'shiki/langs/python.mjs' or its corresponding type declarations.
vendor/pi-desktop/apps/desktop/src/lib/shiki.ts(102,47): error TS2307: Cannot find module 'shiki/langs/ruby.mjs' or its corresponding type declarations.
vendor/pi-desktop/apps/desktop/src/lib/shiki.ts(103,47): error TS2307: Cannot find module 'shiki/langs/rust.mjs' or its corresponding type declarations.
vendor/pi-desktop/apps/desktop/src/lib/shiki.ts(104,31): error TS2307: Cannot find module 'shiki/langs/scala.mjs' or its corresponding type declarations.
vendor/pi-desktop/apps/desktop/src/lib/shiki.ts(107,24): error TS2307: Cannot find module 'shiki/langs/shellscript.mjs' or its corresponding type declarations.
vendor/pi-desktop/apps/desktop/src/lib/shiki.ts(109,29): error TS2307: Cannot find module 'shiki/langs/sql.mjs' or its corresponding type declarations.
vendor/pi-desktop/apps/desktop/src/lib/shiki.ts(110,32): error TS2307: Cannot find module 'shiki/langs/svelte.mjs' or its corresponding type declarations.
vendor/pi-desktop/apps/desktop/src/lib/shiki.ts(111,31): error TS2307: Cannot find module 'shiki/langs/swift.mjs' or its corresponding type declarations.
vendor/pi-desktop/apps/desktop/src/lib/shiki.ts(114,24): error TS2307: Cannot find module 'shiki/langs/terraform.mjs' or its corresponding type declarations.
vendor/pi-desktop/apps/desktop/src/lib/shiki.ts(116,30): error TS2307: Cannot find module 'shiki/langs/toml.mjs' or its corresponding type declarations.
vendor/pi-desktop/apps/desktop/src/lib/shiki.ts(117,29): error TS2307: Cannot find module 'shiki/langs/tsx.mjs' or its corresponding type declarations.
vendor/pi-desktop/apps/desktop/src/lib/shiki.ts(120,24): error TS2307: Cannot find module 'shiki/langs/typescript.mjs' or its corresponding type declarations.
vendor/pi-desktop/apps/desktop/src/lib/shiki.ts(122,29): error TS2307: Cannot find module 'shiki/langs/vue.mjs' or its corresponding type declarations.
vendor/pi-desktop/apps/desktop/src/lib/shiki.ts(123,29): error TS2307: Cannot find module 'shiki/langs/xml.mjs' or its corresponding type declarations.
vendor/pi-desktop/apps/desktop/src/lib/shiki.ts(124,48): error TS2307: Cannot find module 'shiki/langs/yaml.mjs' or its corresponding type declarations.
vendor/pi-desktop/apps/desktop/src/lib/shiki.ts(180,14): error TS2307: Cannot find module 'shiki/themes/one-light.mjs' or its corresponding type declarations.
vendor/pi-desktop/apps/desktop/src/lib/shiki.ts(181,14): error TS2307: Cannot find module 'shiki/themes/one-dark-pro.mjs' or its corresponding type declarations.
vendor/pi-desktop/apps/desktop/src/lib/shiki.ts(185,12): error TS7006: Parameter 'instance' implicitly has an 'any' type.
vendor/pi-desktop/apps/desktop/src/lib/shiki.ts(189,3): error TS2322: Type 'Promise<HighlighterCore> | null' is not assignable to type 'Promise<HighlighterCore>'.
  Type 'null' is not assignable to type 'Promise<HighlighterCore>'.
vendor/pi-desktop/apps/desktop/src/lib/use-craftmine-immersion.ts(1,37): error TS7016: Could not find a declaration file for module 'react'. 'C:/cm-plan-next-20260910/vendor/pi-desktop/node_modules/.pnpm/react@19.2.8/node_modules/react/index.js' implicitly has an 'any' type.
  Try `npm i --save-dev @types/react` if it exists or add a new declaration (.d.ts) file containing `declare module 'react';`
vendor/pi-desktop/apps/desktop/src/lib/use-referenced-image-data-url.ts(1,37): error TS7016: Could not find a declaration file for module 'react'. 'C:/cm-plan-next-20260910/vendor/pi-desktop/node_modules/.pnpm/react@19.2.8/node_modules/react/index.js' implicitly has an 'any' type.
  Try `npm i --save-dev @types/react` if it exists or add a new declaration (.d.ts) file containing `declare module 'react';`
vendor/pi-desktop/apps/desktop/src/main.tsx(1,19): error TS7016: Could not find a declaration file for module 'react'. 'C:/cm-plan-next-20260910/vendor/pi-desktop/node_modules/.pnpm/react@19.2.8/node_modules/react/index.js' implicitly has an 'any' type.
  Try `npm i --save-dev @types/react` if it exists or add a new declaration (.d.ts) file containing `declare module 'react';`
vendor/pi-desktop/apps/desktop/src/main.tsx(2,22): error TS7016: Could not find a declaration file for module 'react-dom/client'. 'C:/cm-plan-next-20260910/vendor/pi-desktop/node_modules/.pnpm/react-dom@19.2.8_react@19.2.8/node_modules/react-dom/client.js' implicitly has an 'any' type.
  Try `npm i --save-dev @types/react-dom` if it exists or add a new declaration (.d.ts) file containing `declare module 'react-dom/client';`
vendor/pi-desktop/apps/desktop/src/main.tsx(48,5): error TS7016: Could not find a declaration file for module 'react/jsx-runtime'. 'C:/cm-plan-next-20260910/vendor/pi-desktop/node_modules/.pnpm/react@19.2.8/node_modules/react/jsx-runtime.js' implicitly has an 'any' type.
  Try `npm i --save-dev @types/react` if it exists or add a new declaration (.d.ts) file containing `declare module 'react/jsx-runtime';`
vendor/pi-desktop/apps/desktop/src/pages/PluginsPage.tsx(1,54): error TS7016: Could not find a declaration file for module 'react'. 'C:/cm-plan-next-20260910/vendor/pi-desktop/node_modules/.pnpm/react@19.2.8/node_modules/react/index.js' implicitly has an 'any' type.
  Try `npm i --save-dev @types/react` if it exists or add a new declaration (.d.ts) file containing `declare module 'react';`
vendor/pi-desktop/apps/desktop/src/pages/PluginsPage.tsx(262,12): error TS7026: JSX element implicitly has type 'any' because no interface 'JSX.IntrinsicElements' exists.
vendor/pi-desktop/apps/desktop/src/pages/PluginsPage.tsx(262,12): error TS7016: Could not find a declaration file for module 'react/jsx-runtime'. 'C:/cm-plan-next-20260910/vendor/pi-desktop/node_modules/.pnpm/react@19.2.8/node_modules/react/jsx-runtime.js' implicitly has an 'any' type.
  Try `npm i --save-dev @types/react` if it exists or add a new declaration (.d.ts) file containing `declare module 'react/jsx-runtime';`
vendor/pi-desktop/apps/desktop/src/pages/PluginsPage.tsx(262,76): error TS7026: JSX element implicitly has type 'any' because no interface 'JSX.IntrinsicElements' exists.
vendor/pi-desktop/apps/desktop/src/pages/PluginsPage.tsx(267,5): error TS7026: JSX element implicitly has type 'any' because no interface 'JSX.IntrinsicElements' exists.
vendor/pi-desktop/apps/desktop/src/pages/PluginsPage.tsx(269,9): error TS7026: JSX element implicitly has type 'any' because no interface 'JSX.IntrinsicElements' exists.
vendor/pi-desktop/apps/desktop/src/pages/PluginsPage.tsx(275,9): error TS7026: JSX element implicitly has type 'any' because no interface 'JSX.IntrinsicElements' exists.
vendor/pi-desktop/apps/desktop/src/pages/PluginsPage.tsx(278,9): error TS7026: JSX element implicitly has type 'any' because no interface 'JSX.IntrinsicElements' exists.
vendor/pi-desktop/apps/desktop/src/pages/PluginsPage.tsx(286,9): error TS7026: JSX element implicitly has type 'any' because no interface 'JSX.IntrinsicElements' exists.
vendor/pi-desktop/apps/desktop/src/pages/PluginsPage.tsx(288,5): error TS7026: JSX element implicitly has type 'any' because no interface 'JSX.IntrinsicElements' exists.
vendor/pi-desktop/apps/desktop/src/pages/PluginsPage.tsx(312,5): error TS7026: JSX element implicitly has type 'any' because no interface 'JSX.IntrinsicElements' exists.
vendor/pi-desktop/apps/desktop/src/pages/PluginsPage.tsx(314,9): error TS7026: JSX element implicitly has type 'any' because no interface 'JSX.IntrinsicElements' exists.
vendor/pi-desktop/apps/desktop/src/pages/PluginsPage.tsx(320,9): error TS7026: JSX element implicitly has type 'any' because no interface 'JSX.IntrinsicElements' exists.
vendor/pi-desktop/apps/desktop/src/pages/PluginsPage.tsx(322,5): error TS7026: JSX element implicitly has type 'any' because no interface 'JSX.IntrinsicElements' exists.
vendor/pi-desktop/apps/desktop/src/pages/PluginsPage.tsx(332,5): error TS7026: JSX element implicitly has type 'any' because no interface 'JSX.IntrinsicElements' exists.
vendor/pi-desktop/apps/desktop/src/pages/PluginsPage.tsx(334,9): error TS7026: JSX element implicitly has type 'any' because no interface 'JSX.IntrinsicElements' exists.
vendor/pi-desktop/apps/desktop/src/pages/PluginsPage.tsx(336,9): error TS7026: JSX element implicitly has type 'any' because no interface 'JSX.IntrinsicElements' exists.
vendor/pi-desktop/apps/desktop/src/pages/PluginsPage.tsx(338,5): error TS7026: JSX element implicitly has type 'any' because no interface 'JSX.IntrinsicElements' exists.
vendor/pi-desktop/apps/desktop/src/pages/PluginsPage.tsx(351,5): error TS7026: JSX element implicitly has type 'any' because no interface 'JSX.IntrinsicElements' exists.
vendor/pi-desktop/apps/desktop/src/pages/PluginsPage.tsx(353,9): error TS7026: JSX element implicitly has type 'any' because no interface 'JSX.IntrinsicElements' exists.
vendor/pi-desktop/apps/desktop/src/pages/PluginsPage.tsx(358,11): error TS7026: JSX element implicitly has type 'any' because no interface 'JSX.IntrinsicElements' exists.
vendor/pi-desktop/apps/desktop/src/pages/PluginsPage.tsx(359,11): error TS7026: JSX element implicitly has type 'any' because no interface 'JSX.IntrinsicElements' exists.
vendor/pi-desktop/apps/desktop/src/pages/PluginsPage.tsx(359,64): error TS7026: JSX element implicitly has type 'any' because no interface 'JSX.IntrinsicElements' exists.
vendor/pi-desktop/apps/desktop/src/pages/PluginsPage.tsx(360,11): error TS7026: JSX element implicitly has type 'any' because no interface 'JSX.IntrinsicElements' exists.
vendor/pi-desktop/apps/desktop/src/pages/PluginsPage.tsx(362,11): error TS7026: JSX element implicitly has type 'any' because no interface 'JSX.IntrinsicElements' exists.
vendor/pi-desktop/apps/desktop/src/pages/PluginsPage.tsx(364,13): error TS7026: JSX element implicitly has type 'any' because no interface 'JSX.IntrinsicElements' exists.
vendor/pi-desktop/apps/desktop/src/pages/PluginsPage.tsx(366,13): error TS7026: JSX element implicitly has type 'any' because no interface 'JSX.IntrinsicElements' exists.
vendor/pi-desktop/apps/desktop/src/pages/PluginsPage.tsx(368,9): error TS7026: JSX element implicitly has type 'any' because no interface 'JSX.IntrinsicElements' exists.
vendor/pi-desktop/apps/desktop/src/pages/PluginsPage.tsx(370,5): error TS7026: JSX element implicitly has type 'any' because no interface 'JSX.IntrinsicElements' exists.
vendor/pi-desktop/apps/desktop/src/pages/PluginsPage.tsx(394,5): error TS7026: JSX element implicitly has type 'any' because no interface 'JSX.IntrinsicElements' exists.
vendor/pi-desktop/apps/desktop/src/pages/PluginsPage.tsx(395,7): error TS7026: JSX element implicitly has type 'any' because no interface 'JSX.IntrinsicElements' exists.
vendor/pi-desktop/apps/desktop/src/pages/PluginsPage.tsx(400,9): error TS7026: JSX element implicitly has type 'any' because no interface 'JSX.IntrinsicElements' exists.
vendor/pi-desktop/apps/desktop/src/pages/PluginsPage.tsx(400,37): error TS7026: JSX element implicitly has type 'any' because no interface 'JSX.IntrinsicElements' exists.
vendor/pi-desktop/apps/desktop/src/pages/PluginsPage.tsx(401,7): error TS7026: JSX element implicitly has type 'any' because no interface 'JSX.IntrinsicElements' exists.
vendor/pi-desktop/apps/desktop/src/pages/PluginsPage.tsx(402,7): error TS7026: JSX element implicitly has type 'any' because no interface 'JSX.IntrinsicElements' exists.
vendor/pi-desktop/apps/desktop/src/pages/PluginsPage.tsx(404,11): error TS7026: JSX element implicitly has type 'any' because no interface 'JSX.IntrinsicElements' exists.
vendor/pi-desktop/apps/desktop/src/pages/PluginsPage.tsx(405,13): error TS7026: JSX element implicitly has type 'any' because no interface 'JSX.IntrinsicElements' exists.
vendor/pi-desktop/apps/desktop/src/pages/PluginsPage.tsx(407,13): error TS7026: JSX element implicitly has type 'any' because no interface 'JSX.IntrinsicElements' exists.
vendor/pi-desktop/apps/desktop/src/pages/PluginsPage.tsx(409,11): error TS7026: JSX element implicitly has type 'any' because no interface 'JSX.IntrinsicElements' exists.
vendor/pi-desktop/apps/desktop/src/pages/PluginsPage.tsx(412,11): error TS7026: JSX element implicitly has type 'any' because no interface 'JSX.IntrinsicElements' exists.
vendor/pi-desktop/apps/desktop/src/pages/PluginsPage.tsx(413,13): error TS7026: JSX element implicitly has type 'any' because no interface 'JSX.IntrinsicElements' exists.
vendor/pi-desktop/apps/desktop/src/pages/PluginsPage.tsx(413,84): error TS7026: JSX element implicitly has type 'any' because no interface 'JSX.IntrinsicElements' exists.
vendor/pi-desktop/apps/desktop/src/pages/PluginsPage.tsx(415,11): error TS7026: JSX element implicitly has type 'any' because no interface 'JSX.IntrinsicElements' exists.
vendor/pi-desktop/apps/desktop/src/pages/PluginsPage.tsx(418,11): error TS7026: JSX element implicitly has type 'any' because no interface 'JSX.IntrinsicElements' exists.
vendor/pi-desktop/apps/desktop/src/pages/PluginsPage.tsx(419,13): error TS7026: JSX element implicitly has type 'any' because no interface 'JSX.IntrinsicElements' exists.
vendor/pi-desktop/apps/desktop/src/pages/PluginsPage.tsx(421,13): error TS7026: JSX element implicitly has type 'any' because no interface 'JSX.IntrinsicElements' exists.
vendor/pi-desktop/apps/desktop/src/pages/PluginsPage.tsx(423,11): error TS7026: JSX element implicitly has type 'any' because no interface 'JSX.IntrinsicElements' exists.
vendor/pi-desktop/apps/desktop/src/pages/PluginsPage.tsx(426,11): error TS7026: JSX element implicitly has type 'any' because no interface 'JSX.IntrinsicElements' exists.
vendor/pi-desktop/apps/desktop/src/pages/PluginsPage.tsx(427,13): error TS7026: JSX element implicitly has type 'any' because no interface 'JSX.IntrinsicElements' exists.
vendor/pi-desktop/apps/desktop/src/pages/PluginsPage.tsx(427,86): error TS7026: JSX element implicitly has type 'any' because no interface 'JSX.IntrinsicElements' exists.
vendor/pi-desktop/apps/desktop/src/pages/PluginsPage.tsx(429,11): error TS7026: JSX element implicitly has type 'any' because no interface 'JSX.IntrinsicElements' exists.
vendor/pi-desktop/apps/desktop/src/pages/PluginsPage.tsx(434,11): error TS7026: JSX element implicitly has type 'any' because no interface 'JSX.IntrinsicElements' exists.
vendor/pi-desktop/apps/desktop/src/pages/PluginsPage.tsx(434,83): error TS7026: JSX element implicitly has type 'any' because no interface 'JSX.IntrinsicElements' exists.
vendor/pi-desktop/apps/desktop/src/pages/PluginsPage.tsx(436,7): error TS7026: JSX element implicitly has type 'any' because no interface 'JSX.IntrinsicElements' exists.
vendor/pi-desktop/apps/desktop/src/pages/PluginsPage.tsx(437,5): error TS7026: JSX element implicitly has type 'any' because no interface 'JSX.IntrinsicElements' exists.
vendor/pi-desktop/apps/desktop/src/pages/PluginsPage.tsx(454,5): error TS7026: JSX element implicitly has type 'any' because no interface 'JSX.IntrinsicElements' exists.
vendor/pi-desktop/apps/desktop/src/pages/PluginsPage.tsx(456,7): error TS7026: JSX element implicitly has type 'any' because no interface 'JSX.IntrinsicElements' exists.
vendor/pi-desktop/apps/desktop/src/pages/PluginsPage.tsx(462,20): error TS7006: Parameter 'e' implicitly has an 'any' type.
vendor/pi-desktop/apps/desktop/src/pages/PluginsPage.tsx(463,21): error TS7006: Parameter 'e' implicitly has an 'any' type.
vendor/pi-desktop/apps/desktop/src/pages/PluginsPage.tsx(475,9): error TS7026: JSX element implicitly has type 'any' because no interface 'JSX.IntrinsicElements' exists.
vendor/pi-desktop/apps/desktop/src/pages/PluginsPage.tsx(486,9): error TS7026: JSX element implicitly has type 'any' because no interface 'JSX.IntrinsicElements' exists.
vendor/pi-desktop/apps/desktop/src/pages/PluginsPage.tsx(488,5): error TS7026: JSX element implicitly has type 'any' because no interface 'JSX.IntrinsicElements' exists.
vendor/pi-desktop/apps/desktop/src/pages/PluginsPage.tsx(756,26): error TS7006: Parameter 'item' implicitly has an 'any' type.
vendor/pi-desktop/apps/desktop/src/pages/PluginsPage.tsx(764,29): error TS7006: Parameter 'v' implicitly has an 'any' type.
vendor/pi-desktop/apps/desktop/src/pages/PluginsPage.tsx(940,5): error TS7026: JSX element implicitly has type 'any' because no interface 'JSX.IntrinsicElements' exists.
vendor/pi-desktop/apps/desktop/src/pages/PluginsPage.tsx(941,7): error TS7026: JSX element implicitly has type 'any' because no interface 'JSX.IntrinsicElements' exists.
vendor/pi-desktop/apps/desktop/src/pages/PluginsPage.tsx(942,9): error TS7026: JSX element implicitly has type 'any' because no interface 'JSX.IntrinsicElements' exists.
vendor/pi-desktop/apps/desktop/src/pages/PluginsPage.tsx(943,11): error TS7026: JSX element implicitly has type 'any' because no interface 'JSX.IntrinsicElements' exists.
vendor/pi-desktop/apps/desktop/src/pages/PluginsPage.tsx(944,13): error TS7026: JSX element implicitly has type 'any' because no interface 'JSX.IntrinsicElements' exists.
vendor/pi-desktop/apps/desktop/src/pages/PluginsPage.tsx(946,13): error TS7026: JSX element implicitly has type 'any' because no interface 'JSX.IntrinsicElements' exists.
vendor/pi-desktop/apps/desktop/src/pages/PluginsPage.tsx(947,13): error TS7026: JSX element implicitly has type 'any' because no interface 'JSX.IntrinsicElements' exists.
vendor/pi-desktop/apps/desktop/src/pages/PluginsPage.tsx(948,15): error TS7026: JSX element implicitly has type 'any' because no interface 'JSX.IntrinsicElements' exists.
vendor/pi-desktop/apps/desktop/src/pages/PluginsPage.tsx(948,62): error TS7026: JSX element implicitly has type 'any' because no interface 'JSX.IntrinsicElements' exists.
vendor/pi-desktop/apps/desktop/src/pages/PluginsPage.tsx(949,13): error TS7026: JSX element implicitly has type 'any' because no interface 'JSX.IntrinsicElements' exists.
vendor/pi-desktop/apps/desktop/src/pages/PluginsPage.tsx(950,11): error TS7026: JSX element implicitly has type 'any' because no interface 'JSX.IntrinsicElements' exists.
vendor/pi-desktop/apps/desktop/src/pages/PluginsPage.tsx(951,11): error TS7026: JSX element implicitly has type 'any' because no interface 'JSX.IntrinsicElements' exists.
vendor/pi-desktop/apps/desktop/src/pages/PluginsPage.tsx(967,13): error TS7026: JSX element implicitly has type 'any' because no interface 'JSX.IntrinsicElements' exists.
vendor/pi-desktop/apps/desktop/src/pages/PluginsPage.tsx(971,15): error TS7026: JSX element implicitly has type 'any' because no interface 'JSX.IntrinsicElements' exists.
vendor/pi-desktop/apps/desktop/src/pages/PluginsPage.tsx(978,47): error TS7006: Parameter 'open' implicitly has an 'any' type.
vendor/pi-desktop/apps/desktop/src/pages/PluginsPage.tsx(981,15): error TS7026: JSX element implicitly has type 'any' because no interface 'JSX.IntrinsicElements' exists.
vendor/pi-desktop/apps/desktop/src/pages/PluginsPage.tsx(983,17): error TS7026: JSX element implicitly has type 'any' because no interface 'JSX.IntrinsicElements' exists.
vendor/pi-desktop/apps/desktop/src/pages/PluginsPage.tsx(985,21): error TS7026: JSX element implicitly has type 'any' because no interface 'JSX.IntrinsicElements' exists.
vendor/pi-desktop/apps/desktop/src/pages/PluginsPage.tsx(995,21): error TS7026: JSX element implicitly has type 'any' because no interface 'JSX.IntrinsicElements' exists.
vendor/pi-desktop/apps/desktop/src/pages/PluginsPage.tsx(997,17): error TS7026: JSX element implicitly has type 'any' because no interface 'JSX.IntrinsicElements' exists.
vendor/pi-desktop/apps/desktop/src/pages/PluginsPage.tsx(999,13): error TS7026: JSX element implicitly has type 'any' because no interface 'JSX.IntrinsicElements' exists.
vendor/pi-desktop/apps/desktop/src/pages/PluginsPage.tsx(1000,11): error TS7026: JSX element implicitly has type 'any' because no interface 'JSX.IntrinsicElements' exists.
vendor/pi-desktop/apps/desktop/src/pages/PluginsPage.tsx(1001,9): error TS7026: JSX element implicitly has type 'any' because no interface 'JSX.IntrinsicElements' exists.
vendor/pi-desktop/apps/desktop/src/pages/PluginsPage.tsx(1004,11): error TS7026: JSX element implicitly has type 'any' because no interface 'JSX.IntrinsicElements' exists.
vendor/pi-desktop/apps/desktop/src/pages/PluginsPage.tsx(1005,13): error TS7026: JSX element implicitly has type 'any' because no interface 'JSX.IntrinsicElements' exists.
vendor/pi-desktop/apps/desktop/src/pages/PluginsPage.tsx(1007,13): error TS7026: JSX element implicitly has type 'any' because no interface 'JSX.IntrinsicElements' exists.
vendor/pi-desktop/apps/desktop/src/pages/PluginsPage.tsx(1008,13): error TS7026: JSX element implicitly has type 'any' because no interface 'JSX.IntrinsicElements' exists.
vendor/pi-desktop/apps/desktop/src/pages/PluginsPage.tsx(1009,15): error TS7026: JSX element implicitly has type 'any' because no interface 'JSX.IntrinsicElements' exists.
vendor/pi-desktop/apps/desktop/src/pages/PluginsPage.tsx(1011,15): error TS7026: JSX element implicitly has type 'any' because no interface 'JSX.IntrinsicElements' exists.
vendor/pi-desktop/apps/desktop/src/pages/PluginsPage.tsx(1012,13): error TS7026: JSX element implicitly has type 'any' because no interface 'JSX.IntrinsicElements' exists.
vendor/pi-desktop/apps/desktop/src/pages/PluginsPage.tsx(1016,11): error TS7026: JSX element implicitly has type 'any' because no interface 'JSX.IntrinsicElements' exists.
vendor/pi-desktop/apps/desktop/src/pages/PluginsPage.tsx(1019,9): error TS7026: JSX element implicitly has type 'any' because no interface 'JSX.IntrinsicElements' exists.
vendor/pi-desktop/apps/desktop/src/pages/PluginsPage.tsx(1020,11): error TS7026: JSX element implicitly has type 'any' because no interface 'JSX.IntrinsicElements' exists.
vendor/pi-desktop/apps/desktop/src/pages/PluginsPage.tsx(1021,13): error TS7026: JSX element implicitly has type 'any' because no interface 'JSX.IntrinsicElements' exists.
vendor/pi-desktop/apps/desktop/src/pages/PluginsPage.tsx(1031,15): error TS7026: JSX element implicitly has type 'any' because no interface 'JSX.IntrinsicElements' exists.
vendor/pi-desktop/apps/desktop/src/pages/PluginsPage.tsx(1031,68): error TS7026: JSX element implicitly has type 'any' because no interface 'JSX.IntrinsicElements' exists.
vendor/pi-desktop/apps/desktop/src/pages/PluginsPage.tsx(1032,13): error TS7026: JSX element implicitly has type 'any' because no interface 'JSX.IntrinsicElements' exists.
vendor/pi-desktop/apps/desktop/src/pages/PluginsPage.tsx(1033,13): error TS7026: JSX element implicitly has type 'any' because no interface 'JSX.IntrinsicElements' exists.
vendor/pi-desktop/apps/desktop/src/pages/PluginsPage.tsx(1044,17): error TS7026: JSX element implicitly has type 'any' because no interface 'JSX.IntrinsicElements' exists.
vendor/pi-desktop/apps/desktop/src/pages/PluginsPage.tsx(1044,72): error TS7026: JSX element implicitly has type 'any' because no interface 'JSX.IntrinsicElements' exists.
vendor/pi-desktop/apps/desktop/src/pages/PluginsPage.tsx(1046,13): error TS7026: JSX element implicitly has type 'any' because no interface 'JSX.IntrinsicElements' exists.
vendor/pi-desktop/apps/desktop/src/pages/PluginsPage.tsx(1047,11): error TS7026: JSX element implicitly has type 'any' because no interface 'JSX.IntrinsicElements' exists.
vendor/pi-desktop/apps/desktop/src/pages/PluginsPage.tsx(1050,15): error TS7026: JSX element implicitly has type 'any' because no interface 'JSX.IntrinsicElements' exists.
vendor/pi-desktop/apps/desktop/src/pages/PluginsPage.tsx(1052,19): error TS7026: JSX element implicitly has type 'any' because no interface 'JSX.IntrinsicElements' exists.
vendor/pi-desktop/apps/desktop/src/pages/PluginsPage.tsx(1057,19): error TS7026: JSX element implicitly has type 'any' because no interface 'JSX.IntrinsicElements' exists.
vendor/pi-desktop/apps/desktop/src/pages/PluginsPage.tsx(1064,15): error TS7026: JSX element implicitly has type 'any' because no interface 'JSX.IntrinsicElements' exists.
vendor/pi-desktop/apps/desktop/src/pages/PluginsPage.tsx(1067,13): error TS7026: JSX element implicitly has type 'any' because no interface 'JSX.IntrinsicElements' exists.
vendor/pi-desktop/apps/desktop/src/pages/PluginsPage.tsx(1069,17): error TS7026: JSX element implicitly has type 'any' because no interface 'JSX.IntrinsicElements' exists.
vendor/pi-desktop/apps/desktop/src/pages/PluginsPage.tsx(1071,17): error TS7026: JSX element implicitly has type 'any' because no interface 'JSX.IntrinsicElements' exists.
vendor/pi-desktop/apps/desktop/src/pages/PluginsPage.tsx(1078,13): error TS7026: JSX element implicitly has type 'any' because no interface 'JSX.IntrinsicElements' exists.
vendor/pi-desktop/apps/desktop/src/pages/PluginsPage.tsx(1080,9): error TS7026: JSX element implicitly has type 'any' because no interface 'JSX.IntrinsicElements' exists.
vendor/pi-desktop/apps/desktop/src/pages/PluginsPage.tsx(1083,11): error TS7026: JSX element implicitly has type 'any' because no interface 'JSX.IntrinsicElements' exists.
vendor/pi-desktop/apps/desktop/src/pages/PluginsPage.tsx(1090,15): error TS7026: JSX element implicitly has type 'any' because no interface 'JSX.IntrinsicElements' exists.
vendor/pi-desktop/apps/desktop/src/pages/PluginsPage.tsx(1091,17): error TS7026: JSX element implicitly has type 'any' because no interface 'JSX.IntrinsicElements' exists.
vendor/pi-desktop/apps/desktop/src/pages/PluginsPage.tsx(1093,17): error TS7026: JSX element implicitly has type 'any' because no interface 'JSX.IntrinsicElements' exists.
vendor/pi-desktop/apps/desktop/src/pages/PluginsPage.tsx(1094,17): error TS7026: JSX element implicitly has type 'any' because no interface 'JSX.IntrinsicElements' exists.
vendor/pi-desktop/apps/desktop/src/pages/PluginsPage.tsx(1094,72): error TS7026: JSX element implicitly has type 'any' because no interface 'JSX.IntrinsicElements' exists.
vendor/pi-desktop/apps/desktop/src/pages/PluginsPage.tsx(1095,17): error TS7026: JSX element implicitly has type 'any' because no interface 'JSX.IntrinsicElements' exists.
vendor/pi-desktop/apps/desktop/src/pages/PluginsPage.tsx(1108,17): error TS7026: JSX element implicitly has type 'any' because no interface 'JSX.IntrinsicElements' exists.
vendor/pi-desktop/apps/desktop/src/pages/PluginsPage.tsx(1109,15): error TS7026: JSX element implicitly has type 'any' because no interface 'JSX.IntrinsicElements' exists.
vendor/pi-desktop/apps/desktop/src/pages/PluginsPage.tsx(1111,15): error TS7026: JSX element implicitly has type 'any' because no interface 'JSX.IntrinsicElements' exists.
vendor/pi-desktop/apps/desktop/src/pages/PluginsPage.tsx(1112,17): error TS7026: JSX element implicitly has type 'any' because no interface 'JSX.IntrinsicElements' exists.
vendor/pi-desktop/apps/desktop/src/pages/PluginsPage.tsx(1114,17): error TS7026: JSX element implicitly has type 'any' because no interface 'JSX.IntrinsicElements' exists.
vendor/pi-desktop/apps/desktop/src/pages/PluginsPage.tsx(1115,17): error TS7026: JSX element implicitly has type 'any' because no interface 'JSX.IntrinsicElements' exists.
vendor/pi-desktop/apps/desktop/src/pages/PluginsPage.tsx(1115,76): error TS7026: JSX element implicitly has type 'any' because no interface 'JSX.IntrinsicElements' exists.
vendor/pi-desktop/apps/desktop/src/pages/PluginsPage.tsx(1116,17): error TS7026: JSX element implicitly has type 'any' because no interface 'JSX.IntrinsicElements' exists.
vendor/pi-desktop/apps/desktop/src/pages/PluginsPage.tsx(1120,17): error TS7026: JSX element implicitly has type 'any' because no interface 'JSX.IntrinsicElements' exists.
vendor/pi-desktop/apps/desktop/src/pages/PluginsPage.tsx(1121,15): error TS7026: JSX element implicitly has type 'any' because no interface 'JSX.IntrinsicElements' exists.
vendor/pi-desktop/apps/desktop/src/pages/PluginsPage.tsx(1123,36): error TS7006: Parameter 'group' implicitly has an 'any' type.
vendor/pi-desktop/apps/desktop/src/pages/PluginsPage.tsx(1124,17): error TS7026: JSX element implicitly has type 'any' because no interface 'JSX.IntrinsicElements' exists.
vendor/pi-desktop/apps/desktop/src/pages/PluginsPage.tsx(1125,19): error TS7026: JSX element implicitly has type 'any' because no interface 'JSX.IntrinsicElements' exists.
vendor/pi-desktop/apps/desktop/src/pages/PluginsPage.tsx(1126,21): error TS7026: JSX element implicitly has type 'any' because no interface 'JSX.IntrinsicElements' exists.
vendor/pi-desktop/apps/desktop/src/pages/PluginsPage.tsx(1126,60): error TS7053: Element implicitly has an 'any' type because expression of type 'any' can't be used to index type 'Record<GroupId, string>'.
vendor/pi-desktop/apps/desktop/src/pages/PluginsPage.tsx(1126,88): error TS7026: JSX element implicitly has type 'any' because no interface 'JSX.IntrinsicElements' exists.
vendor/pi-desktop/apps/desktop/src/pages/PluginsPage.tsx(1127,21): error TS7026: JSX element implicitly has type 'any' because no interface 'JSX.IntrinsicElements' exists.
vendor/pi-desktop/apps/desktop/src/pages/PluginsPage.tsx(1127,78): error TS7026: JSX element implicitly has type 'any' because no interface 'JSX.IntrinsicElements' exists.
vendor/pi-desktop/apps/desktop/src/pages/PluginsPage.tsx(1128,19): error TS7026: JSX element implicitly has type 'any' because no interface 'JSX.IntrinsicElements' exists.
vendor/pi-desktop/apps/desktop/src/pages/PluginsPage.tsx(1129,19): error TS7026: JSX element implicitly has type 'any' because no interface 'JSX.IntrinsicElements' exists.
vendor/pi-desktop/apps/desktop/src/pages/PluginsPage.tsx(1132,35): error TS7053: Element implicitly has an 'any' type because expression of type 'any' can't be used to index type 'Record<GroupId, string>'.
vendor/pi-desktop/apps/desktop/src/pages/PluginsPage.tsx(1134,38): error TS7006: Parameter 'plugin' implicitly has an 'any' type.
vendor/pi-desktop/apps/desktop/src/pages/PluginsPage.tsx(1139,25): error TS7026: JSX element implicitly has type 'any' because no interface 'JSX.IntrinsicElements' exists.
vendor/pi-desktop/apps/desktop/src/pages/PluginsPage.tsx(1149,27): error TS7026: JSX element implicitly has type 'any' because no interface 'JSX.IntrinsicElements' exists.
vendor/pi-desktop/apps/desktop/src/pages/PluginsPage.tsx(1155,27): error TS7026: JSX element implicitly has type 'any' because no interface 'JSX.IntrinsicElements' exists.
vendor/pi-desktop/apps/desktop/src/pages/PluginsPage.tsx(1156,27): error TS7026: JSX element implicitly has type 'any' because no interface 'JSX.IntrinsicElements' exists.
vendor/pi-desktop/apps/desktop/src/pages/PluginsPage.tsx(1157,29): error TS7026: JSX element implicitly has type 'any' because no interface 'JSX.IntrinsicElements' exists.
vendor/pi-desktop/apps/desktop/src/pages/PluginsPage.tsx(1158,31): error TS7026: JSX element implicitly has type 'any' because no interface 'JSX.IntrinsicElements' exists.
vendor/pi-desktop/apps/desktop/src/pages/PluginsPage.tsx(1158,79): error TS7026: JSX element implicitly has type 'any' because no interface 'JSX.IntrinsicElements' exists.
vendor/pi-desktop/apps/desktop/src/pages/PluginsPage.tsx(1160,33): error TS7026: JSX element implicitly has type 'any' because no interface 'JSX.IntrinsicElements' exists.
vendor/pi-desktop/apps/desktop/src/pages/PluginsPage.tsx(1160,86): error TS7026: JSX element implicitly has type 'any' because no interface 'JSX.IntrinsicElements' exists.
vendor/pi-desktop/apps/desktop/src/pages/PluginsPage.tsx(1162,29): error TS7026: JSX element implicitly has type 'any' because no interface 'JSX.IntrinsicElements' exists.
vendor/pi-desktop/apps/desktop/src/pages/PluginsPage.tsx(1163,29): error TS7026: JSX element implicitly has type 'any' because no interface 'JSX.IntrinsicElements' exists.
vendor/pi-desktop/apps/desktop/src/pages/PluginsPage.tsx(1164,31): error TS7026: JSX element implicitly has type 'any' because no interface 'JSX.IntrinsicElements' exists.
vendor/pi-desktop/apps/desktop/src/pages/PluginsPage.tsx(1164,75): error TS7026: JSX element implicitly has type 'any' because no interface 'JSX.IntrinsicElements' exists.
vendor/pi-desktop/apps/desktop/src/pages/PluginsPage.tsx(1165,31): error TS7026: JSX element implicitly has type 'any' because no interface 'JSX.IntrinsicElements' exists.
vendor/pi-desktop/apps/desktop/src/pages/PluginsPage.tsx(1167,31): error TS7026: JSX element implicitly has type 'any' because no interface 'JSX.IntrinsicElements' exists.
vendor/pi-desktop/apps/desktop/src/pages/PluginsPage.tsx(1168,31): error TS7026: JSX element implicitly has type 'any' because no interface 'JSX.IntrinsicElements' exists.
vendor/pi-desktop/apps/desktop/src/pages/PluginsPage.tsx(1168,54): error TS7026: JSX element implicitly has type 'any' because no interface 'JSX.IntrinsicElements' exists.
vendor/pi-desktop/apps/desktop/src/pages/PluginsPage.tsx(1169,29): error TS7026: JSX element implicitly has type 'any' because no interface 'JSX.IntrinsicElements' exists.
vendor/pi-desktop/apps/desktop/src/pages/PluginsPage.tsx(1171,31): error TS7026: JSX element implicitly has type 'any' because no interface 'JSX.IntrinsicElements' exists.
vendor/pi-desktop/apps/desktop/src/pages/PluginsPage.tsx(1171,85): error TS7026: JSX element implicitly has type 'any' because no interface 'JSX.IntrinsicElements' exists.
vendor/pi-desktop/apps/desktop/src/pages/PluginsPage.tsx(1177,27): error TS7026: JSX element implicitly has type 'any' because no interface 'JSX.IntrinsicElements' exists.
vendor/pi-desktop/apps/desktop/src/pages/PluginsPage.tsx(1178,27): error TS7026: JSX element implicitly has type 'any' because no interface 'JSX.IntrinsicElements' exists.
vendor/pi-desktop/apps/desktop/src/pages/PluginsPage.tsx(1219,29): error TS7026: JSX element implicitly has type 'any' because no interface 'JSX.IntrinsicElements' exists.
vendor/pi-desktop/apps/desktop/src/pages/PluginsPage.tsx(1221,33): error TS7026: JSX element implicitly has type 'any' because no interface 'JSX.IntrinsicElements' exists.
vendor/pi-desktop/apps/desktop/src/pages/PluginsPage.tsx(1232,33): error TS7026: JSX element implicitly has type 'any' because no interface 'JSX.IntrinsicElements' exists.
vendor/pi-desktop/apps/desktop/src/pages/PluginsPage.tsx(1235,33): error TS7026: JSX element implicitly has type 'any' because no interface 'JSX.IntrinsicElements' exists.
vendor/pi-desktop/apps/desktop/src/pages/PluginsPage.tsx(1244,33): error TS7026: JSX element implicitly has type 'any' because no interface 'JSX.IntrinsicElements' exists.
vendor/pi-desktop/apps/desktop/src/pages/PluginsPage.tsx(1246,31): error TS7026: JSX element implicitly has type 'any' because no interface 'JSX.IntrinsicElements' exists.
vendor/pi-desktop/apps/desktop/src/pages/PluginsPage.tsx(1250,33): error TS7026: JSX element implicitly has type 'any' because no interface 'JSX.IntrinsicElements' exists.
vendor/pi-desktop/apps/desktop/src/pages/PluginsPage.tsx(1260,45): error TS7006: Parameter 'event' implicitly has an 'any' type.
vendor/pi-desktop/apps/desktop/src/pages/PluginsPage.tsx(1267,49): error TS7006: Parameter 'cur' implicitly has an 'any' type.
vendor/pi-desktop/apps/desktop/src/pages/PluginsPage.tsx(1273,33): error TS7026: JSX element implicitly has type 'any' because no interface 'JSX.IntrinsicElements' exists.
vendor/pi-desktop/apps/desktop/src/pages/PluginsPage.tsx(1275,35): error TS7026: JSX element implicitly has type 'any' because no interface 'JSX.IntrinsicElements' exists.
vendor/pi-desktop/apps/desktop/src/pages/PluginsPage.tsx(1283,39): error TS7026: JSX element implicitly has type 'any' because no interface 'JSX.IntrinsicElements' exists.
vendor/pi-desktop/apps/desktop/src/pages/PluginsPage.tsx(1297,39): error TS7026: JSX element implicitly has type 'any' because no interface 'JSX.IntrinsicElements' exists.
vendor/pi-desktop/apps/desktop/src/pages/PluginsPage.tsx(1299,37): error TS7026: JSX element implicitly has type 'any' because no interface 'JSX.IntrinsicElements' exists.
vendor/pi-desktop/apps/desktop/src/pages/PluginsPage.tsx(1317,37): error TS7026: JSX element implicitly has type 'any' because no interface 'JSX.IntrinsicElements' exists.
vendor/pi-desktop/apps/desktop/src/pages/PluginsPage.tsx(1318,37): error TS7026: JSX element implicitly has type 'any' because no interface 'JSX.IntrinsicElements' exists.
vendor/pi-desktop/apps/desktop/src/pages/PluginsPage.tsx(1319,37): error TS7026: JSX element implicitly has type 'any' because no interface 'JSX.IntrinsicElements' exists.
vendor/pi-desktop/apps/desktop/src/pages/PluginsPage.tsx(1333,37): error TS7026: JSX element implicitly has type 'any' because no interface 'JSX.IntrinsicElements' exists.
vendor/pi-desktop/apps/desktop/src/pages/PluginsPage.tsx(1334,35): error TS7026: JSX element implicitly has type 'any' because no interface 'JSX.IntrinsicElements' exists.
vendor/pi-desktop/apps/desktop/src/pages/PluginsPage.tsx(1336,31): error TS7026: JSX element implicitly has type 'any' because no interface 'JSX.IntrinsicElements' exists.
vendor/pi-desktop/apps/desktop/src/pages/PluginsPage.tsx(1337,29): error TS7026: JSX element implicitly has type 'any' because no interface 'JSX.IntrinsicElements' exists.
vendor/pi-desktop/apps/desktop/src/pages/PluginsPage.tsx(1338,27): error TS7026: JSX element implicitly has type 'any' because no interface 'JSX.IntrinsicElements' exists.
vendor/pi-desktop/apps/desktop/src/pages/PluginsPage.tsx(1339,25): error TS7026: JSX element implicitly has type 'any' because no interface 'JSX.IntrinsicElements' exists.
vendor/pi-desktop/apps/desktop/src/pages/PluginsPage.tsx(1342,19): error TS7026: JSX element implicitly has type 'any' because no interface 'JSX.IntrinsicElements' exists.
vendor/pi-desktop/apps/desktop/src/pages/PluginsPage.tsx(1343,17): error TS7026: JSX element implicitly has type 'any' because no interface 'JSX.IntrinsicElements' exists.
vendor/pi-desktop/apps/desktop/src/pages/PluginsPage.tsx(1346,11): error TS7026: JSX element implicitly has type 'any' because no interface 'JSX.IntrinsicElements' exists.
vendor/pi-desktop/apps/desktop/src/pages/PluginsPage.tsx(1348,11): error TS7026: JSX element implicitly has type 'any' because no interface 'JSX.IntrinsicElements' exists.
vendor/pi-desktop/apps/desktop/src/pages/PluginsPage.tsx(1365,15): error TS7026: JSX element implicitly has type 'any' because no interface 'JSX.IntrinsicElements' exists.
vendor/pi-desktop/apps/desktop/src/pages/PluginsPage.tsx(1370,17): error TS7026: JSX element implicitly has type 'any' because no interface 'JSX.IntrinsicElements' exists.
vendor/pi-desktop/apps/desktop/src/pages/PluginsPage.tsx(1377,17): error TS7026: JSX element implicitly has type 'any' because no interface 'JSX.IntrinsicElements' exists.
vendor/pi-desktop/apps/desktop/src/pages/PluginsPage.tsx(1378,34): error TS7006: Parameter 'value' implicitly has an 'any' type.
vendor/pi-desktop/apps/desktop/src/pages/PluginsPage.tsx(1379,19): error TS7026: JSX element implicitly has type 'any' because no interface 'JSX.IntrinsicElements' exists.
vendor/pi-desktop/apps/desktop/src/pages/PluginsPage.tsx(1387,19): error TS7026: JSX element implicitly has type 'any' because no interface 'JSX.IntrinsicElements' exists.
vendor/pi-desktop/apps/desktop/src/pages/PluginsPage.tsx(1389,15): error TS7026: JSX element implicitly has type 'any' because no interface 'JSX.IntrinsicElements' exists.
vendor/pi-desktop/apps/desktop/src/pages/PluginsPage.tsx(1393,15): error TS7026: JSX element implicitly has type 'any' because no interface 'JSX.IntrinsicElements' exists.
vendor/pi-desktop/apps/desktop/src/pages/PluginsPage.tsx(1395,19): error TS7026: JSX element implicitly has type 'any' because no interface 'JSX.IntrinsicElements' exists.
vendor/pi-desktop/apps/desktop/src/pages/PluginsPage.tsx(1396,21): error TS7026: JSX element implicitly has type 'any' because no interface 'JSX.IntrinsicElements' exists.
vendor/pi-desktop/apps/desktop/src/pages/PluginsPage.tsx(1397,21): error TS7026: JSX element implicitly has type 'any' because no interface 'JSX.IntrinsicElements' exists.
vendor/pi-desktop/apps/desktop/src/pages/PluginsPage.tsx(1398,21): error TS7026: JSX element implicitly has type 'any' because no interface 'JSX.IntrinsicElements' exists.
vendor/pi-desktop/apps/desktop/src/pages/PluginsPage.tsx(1399,19): error TS7026: JSX element implicitly has type 'any' because no interface 'JSX.IntrinsicElements' exists.
vendor/pi-desktop/apps/desktop/src/pages/PluginsPage.tsx(1401,15): error TS7026: JSX element implicitly has type 'any' because no interface 'JSX.IntrinsicElements' exists.
vendor/pi-desktop/apps/desktop/src/pages/PluginsPage.tsx(1403,15): error TS7026: JSX element implicitly has type 'any' because no interface 'JSX.IntrinsicElements' exists.
vendor/pi-desktop/apps/desktop/src/pages/PluginsPage.tsx(1404,17): error TS7026: JSX element implicitly has type 'any' because no interface 'JSX.IntrinsicElements' exists.
vendor/pi-desktop/apps/desktop/src/pages/PluginsPage.tsx(1406,17): error TS7026: JSX element implicitly has type 'any' because no interface 'JSX.IntrinsicElements' exists.
vendor/pi-desktop/apps/desktop/src/pages/PluginsPage.tsx(1407,17): error TS7026: JSX element implicitly has type 'any' because no interface 'JSX.IntrinsicElements' exists.
vendor/pi-desktop/apps/desktop/src/pages/PluginsPage.tsx(1407,78): error TS7026: JSX element implicitly has type 'any' because no interface 'JSX.IntrinsicElements' exists.
vendor/pi-desktop/apps/desktop/src/pages/PluginsPage.tsx(1408,17): error TS7026: JSX element implicitly has type 'any' because no interface 'JSX.IntrinsicElements' exists.
vendor/pi-desktop/apps/desktop/src/pages/PluginsPage.tsx(1426,17): error TS7026: JSX element implicitly has type 'any' because no interface 'JSX.IntrinsicElements' exists.
vendor/pi-desktop/apps/desktop/src/pages/PluginsPage.tsx(1427,15): error TS7026: JSX element implicitly has type 'any' because no interface 'JSX.IntrinsicElements' exists.
vendor/pi-desktop/apps/desktop/src/pages/PluginsPage.tsx(1429,15): error TS7026: JSX element implicitly has type 'any' because no interface 'JSX.IntrinsicElements' exists.
vendor/pi-desktop/apps/desktop/src/pages/PluginsPage.tsx(1430,37): error TS7006: Parameter 'item' implicitly has an 'any' type.
vendor/pi-desktop/apps/desktop/src/pages/PluginsPage.tsx(1437,21): error TS7026: JSX element implicitly has type 'any' because no interface 'JSX.IntrinsicElements' exists.
vendor/pi-desktop/apps/desktop/src/pages/PluginsPage.tsx(1442,23): error TS7026: JSX element implicitly has type 'any' because no interface 'JSX.IntrinsicElements' exists.
vendor/pi-desktop/apps/desktop/src/pages/PluginsPage.tsx(1448,25): error TS7026: JSX element implicitly has type 'any' because no interface 'JSX.IntrinsicElements' exists.
vendor/pi-desktop/apps/desktop/src/pages/PluginsPage.tsx(1449,27): error TS7026: JSX element implicitly has type 'any' because no interface 'JSX.IntrinsicElements' exists.
vendor/pi-desktop/apps/desktop/src/pages/PluginsPage.tsx(1451,27): error TS7026: JSX element implicitly has type 'any' because no interface 'JSX.IntrinsicElements' exists.
vendor/pi-desktop/apps/desktop/src/pages/PluginsPage.tsx(1452,27): error TS7026: JSX element implicitly has type 'any' because no interface 'JSX.IntrinsicElements' exists.
vendor/pi-desktop/apps/desktop/src/pages/PluginsPage.tsx(1453,29): error TS7026: JSX element implicitly has type 'any' because no interface 'JSX.IntrinsicElements' exists.
vendor/pi-desktop/apps/desktop/src/pages/PluginsPage.tsx(1454,31): error TS7026: JSX element implicitly has type 'any' because no interface 'JSX.IntrinsicElements' exists.
vendor/pi-desktop/apps/desktop/src/pages/PluginsPage.tsx(1454,78): error TS7026: JSX element implicitly has type 'any' because no interface 'JSX.IntrinsicElements' exists.
vendor/pi-desktop/apps/desktop/src/pages/PluginsPage.tsx(1456,33): error TS7026: JSX element implicitly has type 'any' because no interface 'JSX.IntrinsicElements' exists.
vendor/pi-desktop/apps/desktop/src/pages/PluginsPage.tsx(1462,33): error TS7026: JSX element implicitly has type 'any' because no interface 'JSX.IntrinsicElements' exists.
vendor/pi-desktop/apps/desktop/src/pages/PluginsPage.tsx(1464,29): error TS7026: JSX element implicitly has type 'any' because no interface 'JSX.IntrinsicElements' exists.
vendor/pi-desktop/apps/desktop/src/pages/PluginsPage.tsx(1465,29): error TS7026: JSX element implicitly has type 'any' because no interface 'JSX.IntrinsicElements' exists.
vendor/pi-desktop/apps/desktop/src/pages/PluginsPage.tsx(1466,31): error TS7026: JSX element implicitly has type 'any' because no interface 'JSX.IntrinsicElements' exists.
vendor/pi-desktop/apps/desktop/src/pages/PluginsPage.tsx(1466,82): error TS7026: JSX element implicitly has type 'any' because no interface 'JSX.IntrinsicElements' exists.
vendor/pi-desktop/apps/desktop/src/pages/PluginsPage.tsx(1467,31): error TS7026: JSX element implicitly has type 'any' because no interface 'JSX.IntrinsicElements' exists.
vendor/pi-desktop/apps/desktop/src/pages/PluginsPage.tsx(1469,31): error TS7026: JSX element implicitly has type 'any' because no interface 'JSX.IntrinsicElements' exists.
vendor/pi-desktop/apps/desktop/src/pages/PluginsPage.tsx(1470,31): error TS7026: JSX element implicitly has type 'any' because no interface 'JSX.IntrinsicElements' exists.
vendor/pi-desktop/apps/desktop/src/pages/PluginsPage.tsx(1470,58): error TS7026: JSX element implicitly has type 'any' because no interface 'JSX.IntrinsicElements' exists.
vendor/pi-desktop/apps/desktop/src/pages/PluginsPage.tsx(1473,35): error TS7026: JSX element implicitly has type 'any' because no interface 'JSX.IntrinsicElements' exists.
vendor/pi-desktop/apps/desktop/src/pages/PluginsPage.tsx(1475,35): error TS7026: JSX element implicitly has type 'any' because no interface 'JSX.IntrinsicElements' exists.
vendor/pi-desktop/apps/desktop/src/pages/PluginsPage.tsx(1476,35): error TS7026: JSX element implicitly has type 'any' because no interface 'JSX.IntrinsicElements' exists.
vendor/pi-desktop/apps/desktop/src/pages/PluginsPage.tsx(1478,35): error TS7026: JSX element implicitly has type 'any' because no interface 'JSX.IntrinsicElements' exists.
vendor/pi-desktop/apps/desktop/src/pages/PluginsPage.tsx(1481,29): error TS7026: JSX element implicitly has type 'any' because no interface 'JSX.IntrinsicElements' exists.
vendor/pi-desktop/apps/desktop/src/pages/PluginsPage.tsx(1482,27): error TS7026: JSX element implicitly has type 'any' because no interface 'JSX.IntrinsicElements' exists.
vendor/pi-desktop/apps/desktop/src/pages/PluginsPage.tsx(1483,25): error TS7026: JSX element implicitly has type 'any' because no interface 'JSX.IntrinsicElements' exists.
vendor/pi-desktop/apps/desktop/src/pages/PluginsPage.tsx(1484,25): error TS7026: JSX element implicitly has type 'any' because no interface 'JSX.IntrinsicElements' exists.
vendor/pi-desktop/apps/desktop/src/pages/PluginsPage.tsx(1484,79): error TS7026: JSX element implicitly has type 'any' because no interface 'JSX.IntrinsicElements' exists.
vendor/pi-desktop/apps/desktop/src/pages/PluginsPage.tsx(1486,23): error TS7026: JSX element implicitly has type 'any' because no interface 'JSX.IntrinsicElements' exists.
vendor/pi-desktop/apps/desktop/src/pages/PluginsPage.tsx(1487,23): error TS7026: JSX element implicitly has type 'any' because no interface 'JSX.IntrinsicElements' exists.
vendor/pi-desktop/apps/desktop/src/pages/PluginsPage.tsx(1488,25): error TS7026: JSX element implicitly has type 'any' because no interface 'JSX.IntrinsicElements' exists.
vendor/pi-desktop/apps/desktop/src/pages/PluginsPage.tsx(1494,25): error TS7026: JSX element implicitly has type 'any' because no interface 'JSX.IntrinsicElements' exists.
vendor/pi-desktop/apps/desktop/src/pages/PluginsPage.tsx(1496,27): error TS7026: JSX element implicitly has type 'any' because no interface 'JSX.IntrinsicElements' exists.
vendor/pi-desktop/apps/desktop/src/pages/PluginsPage.tsx(1499,27): error TS7026: JSX element implicitly has type 'any' because no interface 'JSX.IntrinsicElements' exists.
vendor/pi-desktop/apps/desktop/src/pages/PluginsPage.tsx(1530,23): error TS7026: JSX element implicitly has type 'any' because no interface 'JSX.IntrinsicElements' exists.
vendor/pi-desktop/apps/desktop/src/pages/PluginsPage.tsx(1531,21): error TS7026: JSX element implicitly has type 'any' because no interface 'JSX.IntrinsicElements' exists.
vendor/pi-desktop/apps/desktop/src/pages/PluginsPage.tsx(1534,15): error TS7026: JSX element implicitly has type 'any' because no interface 'JSX.IntrinsicElements' exists.
vendor/pi-desktop/apps/desktop/src/pages/PluginsPage.tsx(1536,11): error TS7026: JSX element implicitly has type 'any' because no interface 'JSX.IntrinsicElements' exists.
vendor/pi-desktop/apps/desktop/src/pages/PluginsPage.tsx(1538,7): error TS7026: JSX element implicitly has type 'any' because no interface 'JSX.IntrinsicElements' exists.
vendor/pi-desktop/apps/desktop/src/pages/PluginsPage.tsx(1541,9): error TS7026: JSX element implicitly has type 'any' because no interface 'JSX.IntrinsicElements' exists.
vendor/pi-desktop/apps/desktop/src/pages/PluginsPage.tsx(1542,11): error TS7026: JSX element implicitly has type 'any' because no interface 'JSX.IntrinsicElements' exists.
vendor/pi-desktop/apps/desktop/src/pages/PluginsPage.tsx(1548,11): error TS7026: JSX element implicitly has type 'any' because no interface 'JSX.IntrinsicElements' exists.
vendor/pi-desktop/apps/desktop/src/pages/PluginsPage.tsx(1554,13): error TS7026: JSX element implicitly has type 'any' because no interface 'JSX.IntrinsicElements' exists.
vendor/pi-desktop/apps/desktop/src/pages/PluginsPage.tsx(1555,15): error TS7026: JSX element implicitly has type 'any' because no interface 'JSX.IntrinsicElements' exists.
vendor/pi-desktop/apps/desktop/src/pages/PluginsPage.tsx(1557,15): error TS7026: JSX element implicitly has type 'any' because no interface 'JSX.IntrinsicElements' exists.
vendor/pi-desktop/apps/desktop/src/pages/PluginsPage.tsx(1558,15): error TS7026: JSX element implicitly has type 'any' because no interface 'JSX.IntrinsicElements' exists.
vendor/pi-desktop/apps/desktop/src/pages/PluginsPage.tsx(1559,17): error TS7026: JSX element implicitly has type 'any' because no interface 'JSX.IntrinsicElements' exists.
vendor/pi-desktop/apps/desktop/src/pages/PluginsPage.tsx(1562,21): error TS7026: JSX element implicitly has type 'any' because no interface 'JSX.IntrinsicElements' exists.
vendor/pi-desktop/apps/desktop/src/pages/PluginsPage.tsx(1568,21): error TS7026: JSX element implicitly has type 'any' because no interface 'JSX.IntrinsicElements' exists.
vendor/pi-desktop/apps/desktop/src/pages/PluginsPage.tsx(1570,17): error TS7026: JSX element implicitly has type 'any' because no interface 'JSX.IntrinsicElements' exists.
vendor/pi-desktop/apps/desktop/src/pages/PluginsPage.tsx(1571,17): error TS7026: JSX element implicitly has type 'any' because no interface 'JSX.IntrinsicElements' exists.
vendor/pi-desktop/apps/desktop/src/pages/PluginsPage.tsx(1572,19): error TS7026: JSX element implicitly has type 'any' because no interface 'JSX.IntrinsicElements' exists.
vendor/pi-desktop/apps/desktop/src/pages/PluginsPage.tsx(1572,78): error TS7026: JSX element implicitly has type 'any' because no interface 'JSX.IntrinsicElements' exists.
vendor/pi-desktop/apps/desktop/src/pages/PluginsPage.tsx(1575,23): error TS7026: JSX element implicitly has type 'any' because no interface 'JSX.IntrinsicElements' exists.
vendor/pi-desktop/apps/desktop/src/pages/PluginsPage.tsx(1577,23): error TS7026: JSX element implicitly has type 'any' because no interface 'JSX.IntrinsicElements' exists.
vendor/pi-desktop/apps/desktop/src/pages/PluginsPage.tsx(1578,23): error TS7026: JSX element implicitly has type 'any' because no interface 'JSX.IntrinsicElements' exists.
vendor/pi-desktop/apps/desktop/src/pages/PluginsPage.tsx(1578,44): error TS7026: JSX element implicitly has type 'any' because no interface 'JSX.IntrinsicElements' exists.
vendor/pi-desktop/apps/desktop/src/pages/PluginsPage.tsx(1581,17): error TS7026: JSX element implicitly has type 'any' because no interface 'JSX.IntrinsicElements' exists.
vendor/pi-desktop/apps/desktop/src/pages/PluginsPage.tsx(1582,15): error TS7026: JSX element implicitly has type 'any' because no interface 'JSX.IntrinsicElements' exists.
vendor/pi-desktop/apps/desktop/src/pages/PluginsPage.tsx(1583,15): error TS7026: JSX element implicitly has type 'any' because no interface 'JSX.IntrinsicElements' exists.
vendor/pi-desktop/apps/desktop/src/pages/PluginsPage.tsx(1591,15): error TS7026: JSX element implicitly has type 'any' because no interface 'JSX.IntrinsicElements' exists.
vendor/pi-desktop/apps/desktop/src/pages/PluginsPage.tsx(1592,13): error TS7026: JSX element implicitly has type 'any' because no interface 'JSX.IntrinsicElements' exists.
vendor/pi-desktop/apps/desktop/src/pages/PluginsPage.tsx(1595,15): error TS7026: JSX element implicitly has type 'any' because no interface 'JSX.IntrinsicElements' exists.
vendor/pi-desktop/apps/desktop/src/pages/PluginsPage.tsx(1595,80): error TS7026: JSX element implicitly has type 'any' because no interface 'JSX.IntrinsicElements' exists.
vendor/pi-desktop/apps/desktop/src/pages/PluginsPage.tsx(1597,15): error TS7026: JSX element implicitly has type 'any' because no interface 'JSX.IntrinsicElements' exists.
vendor/pi-desktop/apps/desktop/src/pages/PluginsPage.tsx(1597,79): error TS7026: JSX element implicitly has type 'any' because no interface 'JSX.IntrinsicElements' exists.
vendor/pi-desktop/apps/desktop/src/pages/PluginsPage.tsx(1600,17): error TS7026: JSX element implicitly has type 'any' because no interface 'JSX.IntrinsicElements' exists.
vendor/pi-desktop/apps/desktop/src/pages/PluginsPage.tsx(1601,19): error TS7026: JSX element implicitly has type 'any' because no interface 'JSX.IntrinsicElements' exists.
vendor/pi-desktop/apps/desktop/src/pages/PluginsPage.tsx(1602,21): error TS7026: JSX element implicitly has type 'any' because no interface 'JSX.IntrinsicElements' exists.
vendor/pi-desktop/apps/desktop/src/pages/PluginsPage.tsx(1602,81): error TS7026: JSX element implicitly has type 'any' because no interface 'JSX.IntrinsicElements' exists.
vendor/pi-desktop/apps/desktop/src/pages/PluginsPage.tsx(1603,21): error TS7026: JSX element implicitly has type 'any' because no interface 'JSX.IntrinsicElements' exists.
vendor/pi-desktop/apps/desktop/src/pages/PluginsPage.tsx(1613,35): error TS7026: JSX element implicitly has type 'any' because no interface 'JSX.IntrinsicElements' exists.
vendor/pi-desktop/apps/desktop/src/pages/PluginsPage.tsx(1615,35): error TS7026: JSX element implicitly has type 'any' because no interface 'JSX.IntrinsicElements' exists.
vendor/pi-desktop/apps/desktop/src/pages/PluginsPage.tsx(1621,21): error TS7026: JSX element implicitly has type 'any' because no interface 'JSX.IntrinsicElements' exists.
vendor/pi-desktop/apps/desktop/src/pages/PluginsPage.tsx(1622,19): error TS7026: JSX element implicitly has type 'any' because no interface 'JSX.IntrinsicElements' exists.
vendor/pi-desktop/apps/desktop/src/pages/PluginsPage.tsx(1624,21): error TS7026: JSX element implicitly has type 'any' because no interface 'JSX.IntrinsicElements' exists.
vendor/pi-desktop/apps/desktop/src/pages/PluginsPage.tsx(1627,21): error TS7026: JSX element implicitly has type 'any' because no interface 'JSX.IntrinsicElements' exists.
vendor/pi-desktop/apps/desktop/src/pages/PluginsPage.tsx(1652,17): error TS7026: JSX element implicitly has type 'any' because no interface 'JSX.IntrinsicElements' exists.
vendor/pi-desktop/apps/desktop/src/pages/PluginsPage.tsx(1654,17): error TS7026: JSX element implicitly has type 'any' because no interface 'JSX.IntrinsicElements' exists.
vendor/pi-desktop/apps/desktop/src/pages/PluginsPage.tsx(1655,19): error TS7026: JSX element implicitly has type 'any' because no interface 'JSX.IntrinsicElements' exists.
vendor/pi-desktop/apps/desktop/src/pages/PluginsPage.tsx(1656,21): error TS7026: JSX element implicitly has type 'any' because no interface 'JSX.IntrinsicElements' exists.
vendor/pi-desktop/apps/desktop/src/pages/PluginsPage.tsx(1658,21): error TS7026: JSX element implicitly has type 'any' because no interface 'JSX.IntrinsicElements' exists.
vendor/pi-desktop/apps/desktop/src/pages/PluginsPage.tsx(1659,21): error TS7026: JSX element implicitly has type 'any' because no interface 'JSX.IntrinsicElements' exists.
vendor/pi-desktop/apps/desktop/src/pages/PluginsPage.tsx(1659,75): error TS7026: JSX element implicitly has type 'any' because no interface 'JSX.IntrinsicElements' exists.
vendor/pi-desktop/apps/desktop/src/pages/PluginsPage.tsx(1661,23): error TS7026: JSX element implicitly has type 'any' because no interface 'JSX.IntrinsicElements' exists.
vendor/pi-desktop/apps/desktop/src/pages/PluginsPage.tsx(1668,29): error TS7026: JSX element implicitly has type 'any' because no interface 'JSX.IntrinsicElements' exists.
vendor/pi-desktop/apps/desktop/src/pages/PluginsPage.tsx(1675,31): error TS7026: JSX element implicitly has type 'any' because no interface 'JSX.IntrinsicElements' exists.
vendor/pi-desktop/apps/desktop/src/pages/PluginsPage.tsx(1677,31): error TS7026: JSX element implicitly has type 'any' because no interface 'JSX.IntrinsicElements' exists.
vendor/pi-desktop/apps/desktop/src/pages/PluginsPage.tsx(1678,31): error TS7026: JSX element implicitly has type 'any' because no interface 'JSX.IntrinsicElements' exists.
vendor/pi-desktop/apps/desktop/src/pages/PluginsPage.tsx(1678,82): error TS7026: JSX element implicitly has type 'any' because no interface 'JSX.IntrinsicElements' exists.
vendor/pi-desktop/apps/desktop/src/pages/PluginsPage.tsx(1679,29): error TS7026: JSX element implicitly has type 'any' because no interface 'JSX.IntrinsicElements' exists.
vendor/pi-desktop/apps/desktop/src/pages/PluginsPage.tsx(1681,23): error TS7026: JSX element implicitly has type 'any' because no interface 'JSX.IntrinsicElements' exists.
vendor/pi-desktop/apps/desktop/src/pages/PluginsPage.tsx(1683,19): error TS7026: JSX element implicitly has type 'any' because no interface 'JSX.IntrinsicElements' exists.
vendor/pi-desktop/apps/desktop/src/pages/PluginsPage.tsx(1686,21): error TS7026: JSX element implicitly has type 'any' because no interface 'JSX.IntrinsicElements' exists.
vendor/pi-desktop/apps/desktop/src/pages/PluginsPage.tsx(1687,23): error TS7026: JSX element implicitly has type 'any' because no interface 'JSX.IntrinsicElements' exists.
vendor/pi-desktop/apps/desktop/src/pages/PluginsPage.tsx(1689,23): error TS7026: JSX element implicitly has type 'any' because no interface 'JSX.IntrinsicElements' exists.
vendor/pi-desktop/apps/desktop/src/pages/PluginsPage.tsx(1690,23): error TS7026: JSX element implicitly has type 'any' because no interface 'JSX.IntrinsicElements' exists.
vendor/pi-desktop/apps/desktop/src/pages/PluginsPage.tsx(1691,25): error TS7026: JSX element implicitly has type 'any' because no interface 'JSX.IntrinsicElements' exists.
vendor/pi-desktop/apps/desktop/src/pages/PluginsPage.tsx(1699,27): error TS7026: JSX element implicitly has type 'any' because no interface 'JSX.IntrinsicElements' exists.
vendor/pi-desktop/apps/desktop/src/pages/PluginsPage.tsx(1701,27): error TS7026: JSX element implicitly has type 'any' because no interface 'JSX.IntrinsicElements' exists.
vendor/pi-desktop/apps/desktop/src/pages/PluginsPage.tsx(1702,27): error TS7026: JSX element implicitly has type 'any' because no interface 'JSX.IntrinsicElements' exists.
vendor/pi-desktop/apps/desktop/src/pages/PluginsPage.tsx(1704,27): error TS7026: JSX element implicitly has type 'any' because no interface 'JSX.IntrinsicElements' exists.
vendor/pi-desktop/apps/desktop/src/pages/PluginsPage.tsx(1705,25): error TS7026: JSX element implicitly has type 'any' because no interface 'JSX.IntrinsicElements' exists.
vendor/pi-desktop/apps/desktop/src/pages/PluginsPage.tsx(1706,23): error TS7026: JSX element implicitly has type 'any' because no interface 'JSX.IntrinsicElements' exists.
vendor/pi-desktop/apps/desktop/src/pages/PluginsPage.tsx(1707,23): error TS7026: JSX element implicitly has type 'any' because no interface 'JSX.IntrinsicElements' exists.
vendor/pi-desktop/apps/desktop/src/pages/PluginsPage.tsx(1709,27): error TS7026: JSX element implicitly has type 'any' because no interface 'JSX.IntrinsicElements' exists.
vendor/pi-desktop/apps/desktop/src/pages/PluginsPage.tsx(1710,29): error TS7026: JSX element implicitly has type 'any' because no interface 'JSX.IntrinsicElements' exists.
vendor/pi-desktop/apps/desktop/src/pages/PluginsPage.tsx(1710,60): error TS7026: JSX element implicitly has type 'any' because no interface 'JSX.IntrinsicElements' exists.
vendor/pi-desktop/apps/desktop/src/pages/PluginsPage.tsx(1711,29): error TS7026: JSX element implicitly has type 'any' because no interface 'JSX.IntrinsicElements' exists.
vendor/pi-desktop/apps/desktop/src/pages/PluginsPage.tsx(1712,31): error TS7026: JSX element implicitly has type 'any' because no interface 'JSX.IntrinsicElements' exists.
vendor/pi-desktop/apps/desktop/src/pages/PluginsPage.tsx(1714,31): error TS7026: JSX element implicitly has type 'any' because no interface 'JSX.IntrinsicElements' exists.
vendor/pi-desktop/apps/desktop/src/pages/PluginsPage.tsx(1715,29): error TS7026: JSX element implicitly has type 'any' because no interface 'JSX.IntrinsicElements' exists.
vendor/pi-desktop/apps/desktop/src/pages/PluginsPage.tsx(1716,27): error TS7026: JSX element implicitly has type 'any' because no interface 'JSX.IntrinsicElements' exists.
vendor/pi-desktop/apps/desktop/src/pages/PluginsPage.tsx(1719,27): error TS7026: JSX element implicitly has type 'any' because no interface 'JSX.IntrinsicElements' exists.
vendor/pi-desktop/apps/desktop/src/pages/PluginsPage.tsx(1720,29): error TS7026: JSX element implicitly has type 'any' because no interface 'JSX.IntrinsicElements' exists.
vendor/pi-desktop/apps/desktop/src/pages/PluginsPage.tsx(1720,61): error TS7026: JSX element implicitly has type 'any' because no interface 'JSX.IntrinsicElements' exists.
vendor/pi-desktop/apps/desktop/src/pages/PluginsPage.tsx(1721,29): error TS7026: JSX element implicitly has type 'any' because no interface 'JSX.IntrinsicElements' exists.
vendor/pi-desktop/apps/desktop/src/pages/PluginsPage.tsx(1721,67): error TS7026: JSX element implicitly has type 'any' because no interface 'JSX.IntrinsicElements' exists.
vendor/pi-desktop/apps/desktop/src/pages/PluginsPage.tsx(1722,27): error TS7026: JSX element implicitly has type 'any' because no interface 'JSX.IntrinsicElements' exists.
vendor/pi-desktop/apps/desktop/src/pages/PluginsPage.tsx(1724,23): error TS7026: JSX element implicitly has type 'any' because no interface 'JSX.IntrinsicElements' exists.
vendor/pi-desktop/apps/desktop/src/pages/PluginsPage.tsx(1725,21): error TS7026: JSX element implicitly has type 'any' because no interface 'JSX.IntrinsicElements' exists.
vendor/pi-desktop/apps/desktop/src/pages/PluginsPage.tsx(1729,21): error TS7026: JSX element implicitly has type 'any' because no interface 'JSX.IntrinsicElements' exists.
vendor/pi-desktop/apps/desktop/src/pages/PluginsPage.tsx(1730,23): error TS7026: JSX element implicitly has type 'any' because no interface 'JSX.IntrinsicElements' exists.
vendor/pi-desktop/apps/desktop/src/pages/PluginsPage.tsx(1732,23): error TS7026: JSX element implicitly has type 'any' because no interface 'JSX.IntrinsicElements' exists.
vendor/pi-desktop/apps/desktop/src/pages/PluginsPage.tsx(1733,23): error TS7026: JSX element implicitly has type 'any' because no interface 'JSX.IntrinsicElements' exists.
vendor/pi-desktop/apps/desktop/src/pages/PluginsPage.tsx(1734,25): error TS7026: JSX element implicitly has type 'any' because no interface 'JSX.IntrinsicElements' exists.
vendor/pi-desktop/apps/desktop/src/pages/PluginsPage.tsx(1734,89): error TS7026: JSX element implicitly has type 'any' because no interface 'JSX.IntrinsicElements' exists.
vendor/pi-desktop/apps/desktop/src/pages/PluginsPage.tsx(1735,25): error TS7026: JSX element implicitly has type 'any' because no interface 'JSX.IntrinsicElements' exists.
vendor/pi-desktop/apps/desktop/src/pages/PluginsPage.tsx(1735,81): error TS7026: JSX element implicitly has type 'any' because no interface 'JSX.IntrinsicElements' exists.
vendor/pi-desktop/apps/desktop/src/pages/PluginsPage.tsx(1736,23): error TS7026: JSX element implicitly has type 'any' because no interface 'JSX.IntrinsicElements' exists.
vendor/pi-desktop/apps/desktop/src/pages/PluginsPage.tsx(1737,21): error TS7026: JSX element implicitly has type 'any' because no interface 'JSX.IntrinsicElements' exists.
vendor/pi-desktop/apps/desktop/src/pages/PluginsPage.tsx(1740,19): error TS7026: JSX element implicitly has type 'any' because no interface 'JSX.IntrinsicElements' exists.
vendor/pi-desktop/apps/desktop/src/pages/PluginsPage.tsx(1741,21): error TS7026: JSX element implicitly has type 'any' because no interface 'JSX.IntrinsicElements' exists.
vendor/pi-desktop/apps/desktop/src/pages/PluginsPage.tsx(1743,21): error TS7026: JSX element implicitly has type 'any' because no interface 'JSX.IntrinsicElements' exists.
vendor/pi-desktop/apps/desktop/src/pages/PluginsPage.tsx(1745,23): error TS7026: JSX element implicitly has type 'any' because no interface 'JSX.IntrinsicElements' exists.
vendor/pi-desktop/apps/desktop/src/pages/PluginsPage.tsx(1745,85): error TS7026: JSX element implicitly has type 'any' because no interface 'JSX.IntrinsicElements' exists.
vendor/pi-desktop/apps/desktop/src/pages/PluginsPage.tsx(1747,23): error TS7026: JSX element implicitly has type 'any' because no interface 'JSX.IntrinsicElements' exists.
vendor/pi-desktop/apps/desktop/src/pages/PluginsPage.tsx(1751,29): error TS7026: JSX element implicitly has type 'any' because no interface 'JSX.IntrinsicElements' exists.
vendor/pi-desktop/apps/desktop/src/pages/PluginsPage.tsx(1752,31): error TS7026: JSX element implicitly has type 'any' because no interface 'JSX.IntrinsicElements' exists.
vendor/pi-desktop/apps/desktop/src/pages/PluginsPage.tsx(1754,31): error TS7026: JSX element implicitly has type 'any' because no interface 'JSX.IntrinsicElements' exists.
vendor/pi-desktop/apps/desktop/src/pages/PluginsPage.tsx(1755,31): error TS7026: JSX element implicitly has type 'any' because no interface 'JSX.IntrinsicElements' exists.
vendor/pi-desktop/apps/desktop/src/pages/PluginsPage.tsx(1756,33): error TS7026: JSX element implicitly has type 'any' because no interface 'JSX.IntrinsicElements' exists.
vendor/pi-desktop/apps/desktop/src/pages/PluginsPage.tsx(1756,73): error TS7026: JSX element implicitly has type 'any' because no interface 'JSX.IntrinsicElements' exists.
vendor/pi-desktop/apps/desktop/src/pages/PluginsPage.tsx(1757,33): error TS7026: JSX element implicitly has type 'any' because no interface 'JSX.IntrinsicElements' exists.
vendor/pi-desktop/apps/desktop/src/pages/PluginsPage.tsx(1761,33): error TS7026: JSX element implicitly has type 'any' because no interface 'JSX.IntrinsicElements' exists.
vendor/pi-desktop/apps/desktop/src/pages/PluginsPage.tsx(1762,31): error TS7026: JSX element implicitly has type 'any' because no interface 'JSX.IntrinsicElements' exists.
vendor/pi-desktop/apps/desktop/src/pages/PluginsPage.tsx(1763,29): error TS7026: JSX element implicitly has type 'any' because no interface 'JSX.IntrinsicElements' exists.
vendor/pi-desktop/apps/desktop/src/pages/PluginsPage.tsx(1766,23): error TS7026: JSX element implicitly has type 'any' because no interface 'JSX.IntrinsicElements' exists.
vendor/pi-desktop/apps/desktop/src/pages/PluginsPage.tsx(1768,19): error TS7026: JSX element implicitly has type 'any' because no interface 'JSX.IntrinsicElements' exists.
vendor/pi-desktop/apps/desktop/src/pages/PluginsPage.tsx(1770,19): error TS7026: JSX element implicitly has type 'any' because no interface 'JSX.IntrinsicElements' exists.
vendor/pi-desktop/apps/desktop/src/pages/PluginsPage.tsx(1771,21): error TS7026: JSX element implicitly has type 'any' because no interface 'JSX.IntrinsicElements' exists.
vendor/pi-desktop/apps/desktop/src/pages/PluginsPage.tsx(1773,23): error TS7026: JSX element implicitly has type 'any' because no interface 'JSX.IntrinsicElements' exists.
vendor/pi-desktop/apps/desktop/src/pages/PluginsPage.tsx(1775,23): error TS7026: JSX element implicitly has type 'any' because no interface 'JSX.IntrinsicElements' exists.
vendor/pi-desktop/apps/desktop/src/pages/PluginsPage.tsx(1776,21): error TS7026: JSX element implicitly has type 'any' because no interface 'JSX.IntrinsicElements' exists.
vendor/pi-desktop/apps/desktop/src/pages/PluginsPage.tsx(1777,21): error TS7026: JSX element implicitly has type 'any' because no interface 'JSX.IntrinsicElements' exists.
vendor/pi-desktop/apps/desktop/src/pages/PluginsPage.tsx(1778,53): error TS7006: Parameter 'version' implicitly has an 'any' type.
vendor/pi-desktop/apps/desktop/src/pages/PluginsPage.tsx(1783,27): error TS7026: JSX element implicitly has type 'any' because no interface 'JSX.IntrinsicElements' exists.
vendor/pi-desktop/apps/desktop/src/pages/PluginsPage.tsx(1794,29): error TS7026: JSX element implicitly has type 'any' because no interface 'JSX.IntrinsicElements' exists.
vendor/pi-desktop/apps/desktop/src/pages/PluginsPage.tsx(1796,29): error TS7026: JSX element implicitly has type 'any' because no interface 'JSX.IntrinsicElements' exists.
vendor/pi-desktop/apps/desktop/src/pages/PluginsPage.tsx(1797,29): error TS7026: JSX element implicitly has type 'any' because no interface 'JSX.IntrinsicElements' exists.
vendor/pi-desktop/apps/desktop/src/pages/PluginsPage.tsx(1798,31): error TS7026: JSX element implicitly has type 'any' because no interface 'JSX.IntrinsicElements' exists.
vendor/pi-desktop/apps/desktop/src/pages/PluginsPage.tsx(1799,33): error TS7026: JSX element implicitly has type 'any' because no interface 'JSX.IntrinsicElements' exists.
vendor/pi-desktop/apps/desktop/src/pages/PluginsPage.tsx(1799,59): error TS7026: JSX element implicitly has type 'any' because no interface 'JSX.IntrinsicElements' exists.
vendor/pi-desktop/apps/desktop/src/pages/PluginsPage.tsx(1800,33): error TS7026: JSX element implicitly has type 'any' because no interface 'JSX.IntrinsicElements' exists.
vendor/pi-desktop/apps/desktop/src/pages/PluginsPage.tsx(1800,80): error TS7026: JSX element implicitly has type 'any' because no interface 'JSX.IntrinsicElements' exists.
vendor/pi-desktop/apps/desktop/src/pages/PluginsPage.tsx(1801,31): error TS7026: JSX element implicitly has type 'any' because no interface 'JSX.IntrinsicElements' exists.
vendor/pi-desktop/apps/desktop/src/pages/PluginsPage.tsx(1802,31): error TS7026: JSX element implicitly has type 'any' because no interface 'JSX.IntrinsicElements' exists.
vendor/pi-desktop/apps/desktop/src/pages/PluginsPage.tsx(1804,35): error TS7026: JSX element implicitly has type 'any' because no interface 'JSX.IntrinsicElements' exists.
vendor/pi-desktop/apps/desktop/src/pages/PluginsPage.tsx(1806,35): error TS7026: JSX element implicitly has type 'any' because no interface 'JSX.IntrinsicElements' exists.
vendor/pi-desktop/apps/desktop/src/pages/PluginsPage.tsx(1808,35): error TS7026: JSX element implicitly has type 'any' because no interface 'JSX.IntrinsicElements' exists.
vendor/pi-desktop/apps/desktop/src/pages/PluginsPage.tsx(1810,35): error TS7026: JSX element implicitly has type 'any' because no interface 'JSX.IntrinsicElements' exists.
vendor/pi-desktop/apps/desktop/src/pages/PluginsPage.tsx(1814,37): error TS7026: JSX element implicitly has type 'any' because no interface 'JSX.IntrinsicElements' exists.
vendor/pi-desktop/apps/desktop/src/pages/PluginsPage.tsx(1816,37): error TS7026: JSX element implicitly has type 'any' because no interface 'JSX.IntrinsicElements' exists.
vendor/pi-desktop/apps/desktop/src/pages/PluginsPage.tsx(1817,37): error TS7026: JSX element implicitly has type 'any' because no interface 'JSX.IntrinsicElements' exists.
vendor/pi-desktop/apps/desktop/src/pages/PluginsPage.tsx(1819,37): error TS7026: JSX element implicitly has type 'any' because no interface 'JSX.IntrinsicElements' exists.
vendor/pi-desktop/apps/desktop/src/pages/PluginsPage.tsx(1822,31): error TS7026: JSX element implicitly has type 'any' because no interface 'JSX.IntrinsicElements' exists.
vendor/pi-desktop/apps/desktop/src/pages/PluginsPage.tsx(1824,33): error TS7026: JSX element implicitly has type 'any' because no interface 'JSX.IntrinsicElements' exists.
vendor/pi-desktop/apps/desktop/src/pages/PluginsPage.tsx(1828,33): error TS7026: JSX element implicitly has type 'any' because no interface 'JSX.IntrinsicElements' exists.
vendor/pi-desktop/apps/desktop/src/pages/PluginsPage.tsx(1830,33): error TS7026: JSX element implicitly has type 'any' because no interface 'JSX.IntrinsicElements' exists.
vendor/pi-desktop/apps/desktop/src/pages/PluginsPage.tsx(1832,33): error TS7026: JSX element implicitly has type 'any' because no interface 'JSX.IntrinsicElements' exists.
vendor/pi-desktop/apps/desktop/src/pages/PluginsPage.tsx(1834,29): error TS7026: JSX element implicitly has type 'any' because no interface 'JSX.IntrinsicElements' exists.
vendor/pi-desktop/apps/desktop/src/pages/PluginsPage.tsx(1835,27): error TS7026: JSX element implicitly has type 'any' because no interface 'JSX.IntrinsicElements' exists.
vendor/pi-desktop/apps/desktop/src/pages/PluginsPage.tsx(1838,21): error TS7026: JSX element implicitly has type 'any' because no interface 'JSX.IntrinsicElements' exists.
vendor/pi-desktop/apps/desktop/src/pages/PluginsPage.tsx(1839,19): error TS7026: JSX element implicitly has type 'any' because no interface 'JSX.IntrinsicElements' exists.
vendor/pi-desktop/apps/desktop/src/pages/PluginsPage.tsx(1841,19): error TS7026: JSX element implicitly has type 'any' because no interface 'JSX.IntrinsicElements' exists.
vendor/pi-desktop/apps/desktop/src/pages/PluginsPage.tsx(1842,21): error TS7026: JSX element implicitly has type 'any' because no interface 'JSX.IntrinsicElements' exists.
vendor/pi-desktop/apps/desktop/src/pages/PluginsPage.tsx(1842,86): error TS7026: JSX element implicitly has type 'any' because no interface 'JSX.IntrinsicElements' exists.
vendor/pi-desktop/apps/desktop/src/pages/PluginsPage.tsx(1844,23): error TS7026: JSX element implicitly has type 'any' because no interface 'JSX.IntrinsicElements' exists.
vendor/pi-desktop/apps/desktop/src/pages/PluginsPage.tsx(1846,23): error TS7026: JSX element implicitly has type 'any' because no interface 'JSX.IntrinsicElements' exists.
vendor/pi-desktop/apps/desktop/src/pages/PluginsPage.tsx(1848,23): error TS7026: JSX element implicitly has type 'any' because no interface 'JSX.IntrinsicElements' exists.
vendor/pi-desktop/apps/desktop/src/pages/PluginsPage.tsx(1848,83): error TS7026: JSX element implicitly has type 'any' because no interface 'JSX.IntrinsicElements' exists.
vendor/pi-desktop/apps/desktop/src/pages/PluginsPage.tsx(1850,19): error TS7026: JSX element implicitly has type 'any' because no interface 'JSX.IntrinsicElements' exists.
vendor/pi-desktop/apps/desktop/src/pages/PluginsPage.tsx(1851,17): error TS7026: JSX element implicitly has type 'any' because no interface 'JSX.IntrinsicElements' exists.
vendor/pi-desktop/apps/desktop/src/pages/PluginsPage.tsx(1854,11): error TS7026: JSX element implicitly has type 'any' because no interface 'JSX.IntrinsicElements' exists.
vendor/pi-desktop/apps/desktop/src/pages/PluginsPage.tsx(1855,9): error TS7026: JSX element implicitly has type 'any' because no interface 'JSX.IntrinsicElements' exists.
vendor/pi-desktop/apps/desktop/src/pages/PluginsPage.tsx(1859,9): error TS7026: JSX element implicitly has type 'any' because no interface 'JSX.IntrinsicElements' exists.
vendor/pi-desktop/apps/desktop/src/pages/PluginsPage.tsx(1860,11): error TS7026: JSX element implicitly has type 'any' because no interface 'JSX.IntrinsicElements' exists.
vendor/pi-desktop/apps/desktop/src/pages/PluginsPage.tsx(1866,13): error TS7026: JSX element implicitly has type 'any' because no interface 'JSX.IntrinsicElements' exists.
vendor/pi-desktop/apps/desktop/src/pages/PluginsPage.tsx(1867,15): error TS7026: JSX element implicitly has type 'any' because no interface 'JSX.IntrinsicElements' exists.
vendor/pi-desktop/apps/desktop/src/pages/PluginsPage.tsx(1869,15): error TS7026: JSX element implicitly has type 'any' because no interface 'JSX.IntrinsicElements' exists.
vendor/pi-desktop/apps/desktop/src/pages/PluginsPage.tsx(1870,15): error TS7026: JSX element implicitly has type 'any' because no interface 'JSX.IntrinsicElements' exists.
vendor/pi-desktop/apps/desktop/src/pages/PluginsPage.tsx(1871,17): error TS7026: JSX element implicitly has type 'any' because no interface 'JSX.IntrinsicElements' exists.
vendor/pi-desktop/apps/desktop/src/pages/PluginsPage.tsx(1873,17): error TS7026: JSX element implicitly has type 'any' because no interface 'JSX.IntrinsicElements' exists.
vendor/pi-desktop/apps/desktop/src/pages/PluginsPage.tsx(1875,19): error TS7026: JSX element implicitly has type 'any' because no interface 'JSX.IntrinsicElements' exists.
vendor/pi-desktop/apps/desktop/src/pages/PluginsPage.tsx(1877,19): error TS7026: JSX element implicitly has type 'any' because no interface 'JSX.IntrinsicElements' exists.
vendor/pi-desktop/apps/desktop/src/pages/PluginsPage.tsx(1879,15): error TS7026: JSX element implicitly has type 'any' because no interface 'JSX.IntrinsicElements' exists.
vendor/pi-desktop/apps/desktop/src/pages/PluginsPage.tsx(1880,13): error TS7026: JSX element implicitly has type 'any' because no interface 'JSX.IntrinsicElements' exists.
vendor/pi-desktop/apps/desktop/src/pages/PluginsPage.tsx(1882,13): error TS7026: JSX element implicitly has type 'any' because no interface 'JSX.IntrinsicElements' exists.
vendor/pi-desktop/apps/desktop/src/pages/PluginsPage.tsx(1883,15): error TS7026: JSX element implicitly has type 'any' because no interface 'JSX.IntrinsicElements' exists.
vendor/pi-desktop/apps/desktop/src/pages/PluginsPage.tsx(1883,84): error TS7026: JSX element implicitly has type 'any' because no interface 'JSX.IntrinsicElements' exists.
vendor/pi-desktop/apps/desktop/src/pages/PluginsPage.tsx(1885,17): error TS7026: JSX element implicitly has type 'any' because no interface 'JSX.IntrinsicElements' exists.
vendor/pi-desktop/apps/desktop/src/pages/PluginsPage.tsx(1885,79): error TS7026: JSX element implicitly has type 'any' because no interface 'JSX.IntrinsicElements' exists.
vendor/pi-desktop/apps/desktop/src/pages/PluginsPage.tsx(1889,22): error TS7006: Parameter 'permission' implicitly has an 'any' type.
vendor/pi-desktop/apps/desktop/src/pages/PluginsPage.tsx(1893,21): error TS7026: JSX element implicitly has type 'any' because no interface 'JSX.IntrinsicElements' exists.
vendor/pi-desktop/apps/desktop/src/pages/PluginsPage.tsx(1894,23): error TS7026: JSX element implicitly has type 'any' because no interface 'JSX.IntrinsicElements' exists.
vendor/pi-desktop/apps/desktop/src/pages/PluginsPage.tsx(1901,25): error TS7026: JSX element implicitly has type 'any' because no interface 'JSX.IntrinsicElements' exists.
vendor/pi-desktop/apps/desktop/src/pages/PluginsPage.tsx(1901,77): error TS7026: JSX element implicitly has type 'any' because no interface 'JSX.IntrinsicElements' exists.
vendor/pi-desktop/apps/desktop/src/pages/PluginsPage.tsx(1902,23): error TS7026: JSX element implicitly has type 'any' because no interface 'JSX.IntrinsicElements' exists.
vendor/pi-desktop/apps/desktop/src/pages/PluginsPage.tsx(1903,23): error TS7026: JSX element implicitly has type 'any' because no interface 'JSX.IntrinsicElements' exists.
vendor/pi-desktop/apps/desktop/src/pages/PluginsPage.tsx(1904,38): error TS7006: Parameter 'permission' implicitly has an 'any' type.
vendor/pi-desktop/apps/desktop/src/pages/PluginsPage.tsx(1905,27): error TS7026: JSX element implicitly has type 'any' because no interface 'JSX.IntrinsicElements' exists.
vendor/pi-desktop/apps/desktop/src/pages/PluginsPage.tsx(1906,29): error TS7026: JSX element implicitly has type 'any' because no interface 'JSX.IntrinsicElements' exists.
vendor/pi-desktop/apps/desktop/src/pages/PluginsPage.tsx(1907,31): error TS7026: JSX element implicitly has type 'any' because no interface 'JSX.IntrinsicElements' exists.
vendor/pi-desktop/apps/desktop/src/pages/PluginsPage.tsx(1910,35): error TS7026: JSX element implicitly has type 'any' because no interface 'JSX.IntrinsicElements' exists.
vendor/pi-desktop/apps/desktop/src/pages/PluginsPage.tsx(1912,35): error TS7026: JSX element implicitly has type 'any' because no interface 'JSX.IntrinsicElements' exists.
vendor/pi-desktop/apps/desktop/src/pages/PluginsPage.tsx(1914,31): error TS7026: JSX element implicitly has type 'any' because no interface 'JSX.IntrinsicElements' exists.
vendor/pi-desktop/apps/desktop/src/pages/PluginsPage.tsx(1915,31): error TS7026: JSX element implicitly has type 'any' because no interface 'JSX.IntrinsicElements' exists.
vendor/pi-desktop/apps/desktop/src/pages/PluginsPage.tsx(1919,31): error TS7026: JSX element implicitly has type 'any' because no interface 'JSX.IntrinsicElements' exists.
vendor/pi-desktop/apps/desktop/src/pages/PluginsPage.tsx(1920,29): error TS7026: JSX element implicitly has type 'any' because no interface 'JSX.IntrinsicElements' exists.
vendor/pi-desktop/apps/desktop/src/pages/PluginsPage.tsx(1921,27): error TS7026: JSX element implicitly has type 'any' because no interface 'JSX.IntrinsicElements' exists.
vendor/pi-desktop/apps/desktop/src/pages/PluginsPage.tsx(1923,23): error TS7026: JSX element implicitly has type 'any' because no interface 'JSX.IntrinsicElements' exists.
vendor/pi-desktop/apps/desktop/src/pages/PluginsPage.tsx(1924,21): error TS7026: JSX element implicitly has type 'any' because no interface 'JSX.IntrinsicElements' exists.
vendor/pi-desktop/apps/desktop/src/pages/PluginsPage.tsx(1928,13): error TS7026: JSX element implicitly has type 'any' because no interface 'JSX.IntrinsicElements' exists.
vendor/pi-desktop/apps/desktop/src/pages/PluginsPage.tsx(1930,13): error TS7026: JSX element implicitly has type 'any' because no interface 'JSX.IntrinsicElements' exists.
vendor/pi-desktop/apps/desktop/src/pages/PluginsPage.tsx(1931,15): error TS7026: JSX element implicitly has type 'any' because no interface 'JSX.IntrinsicElements' exists.
vendor/pi-desktop/apps/desktop/src/pages/PluginsPage.tsx(1933,15): error TS7026: JSX element implicitly has type 'any' because no interface 'JSX.IntrinsicElements' exists.
vendor/pi-desktop/apps/desktop/src/pages/PluginsPage.tsx(1934,15): error TS7026: JSX element implicitly has type 'any' because no interface 'JSX.IntrinsicElements' exists.
vendor/pi-desktop/apps/desktop/src/pages/PluginsPage.tsx(1940,47): error TS7006: Parameter 'on' implicitly has an 'any' type.
vendor/pi-desktop/apps/desktop/src/pages/PluginsPage.tsx(1942,17): error TS7026: JSX element implicitly has type 'any' because no interface 'JSX.IntrinsicElements' exists.
vendor/pi-desktop/apps/desktop/src/pages/PluginsPage.tsx(1943,15): error TS7026: JSX element implicitly has type 'any' because no interface 'JSX.IntrinsicElements' exists.
vendor/pi-desktop/apps/desktop/src/pages/PluginsPage.tsx(1944,13): error TS7026: JSX element implicitly has type 'any' because no interface 'JSX.IntrinsicElements' exists.
vendor/pi-desktop/apps/desktop/src/pages/PluginsPage.tsx(1946,13): error TS7026: JSX element implicitly has type 'any' because no interface 'JSX.IntrinsicElements' exists.
vendor/pi-desktop/apps/desktop/src/pages/PluginsPage.tsx(1959,13): error TS7026: JSX element implicitly has type 'any' because no interface 'JSX.IntrinsicElements' exists.
vendor/pi-desktop/apps/desktop/src/pages/PluginsPage.tsx(1960,11): error TS7026: JSX element implicitly has type 'any' because no interface 'JSX.IntrinsicElements' exists.
vendor/pi-desktop/apps/desktop/src/pages/PluginsPage.tsx(1961,9): error TS7026: JSX element implicitly has type 'any' because no interface 'JSX.IntrinsicElements' exists.
vendor/pi-desktop/apps/desktop/src/pages/PluginsPage.tsx(1980,9): error TS7026: JSX element implicitly has type 'any' because no interface 'JSX.IntrinsicElements' exists.
vendor/pi-desktop/apps/desktop/src/pages/PluginsPage.tsx(1981,11): error TS7026: JSX element implicitly has type 'any' because no interface 'JSX.IntrinsicElements' exists.
vendor/pi-desktop/apps/desktop/src/pages/PluginsPage.tsx(1987,13): error TS7026: JSX element implicitly has type 'any' because no interface 'JSX.IntrinsicElements' exists.
vendor/pi-desktop/apps/desktop/src/pages/PluginsPage.tsx(1988,15): error TS7026: JSX element implicitly has type 'any' because no interface 'JSX.IntrinsicElements' exists.
vendor/pi-desktop/apps/desktop/src/pages/PluginsPage.tsx(1990,15): error TS7026: JSX element implicitly has type 'any' because no interface 'JSX.IntrinsicElements' exists.
vendor/pi-desktop/apps/desktop/src/pages/PluginsPage.tsx(1991,15): error TS7026: JSX element implicitly has type 'any' because no interface 'JSX.IntrinsicElements' exists.
vendor/pi-desktop/apps/desktop/src/pages/PluginsPage.tsx(1992,17): error TS7026: JSX element implicitly has type 'any' because no interface 'JSX.IntrinsicElements' exists.
vendor/pi-desktop/apps/desktop/src/pages/PluginsPage.tsx(1994,17): error TS7026: JSX element implicitly has type 'any' because no interface 'JSX.IntrinsicElements' exists.
vendor/pi-desktop/apps/desktop/src/pages/PluginsPage.tsx(1995,17): error TS7026: JSX element implicitly has type 'any' because no interface 'JSX.IntrinsicElements' exists.
vendor/pi-desktop/apps/desktop/src/pages/PluginsPage.tsx(1997,17): error TS7026: JSX element implicitly has type 'any' because no interface 'JSX.IntrinsicElements' exists.
vendor/pi-desktop/apps/desktop/src/pages/PluginsPage.tsx(1998,15): error TS7026: JSX element implicitly has type 'any' because no interface 'JSX.IntrinsicElements' exists.
vendor/pi-desktop/apps/desktop/src/pages/PluginsPage.tsx(1999,13): error TS7026: JSX element implicitly has type 'any' because no interface 'JSX.IntrinsicElements' exists.
vendor/pi-desktop/apps/desktop/src/pages/PluginsPage.tsx(2001,13): error TS7026: JSX element implicitly has type 'any' because no interface 'JSX.IntrinsicElements' exists.
vendor/pi-desktop/apps/desktop/src/pages/PluginsPage.tsx(2002,15): error TS7026: JSX element implicitly has type 'any' because no interface 'JSX.IntrinsicElements' exists.
vendor/pi-desktop/apps/desktop/src/pages/PluginsPage.tsx(2002,83): error TS7026: JSX element implicitly has type 'any' because no interface 'JSX.IntrinsicElements' exists.
vendor/pi-desktop/apps/desktop/src/pages/PluginsPage.tsx(2003,15): error TS7026: JSX element implicitly has type 'any' because no interface 'JSX.IntrinsicElements' exists.
vendor/pi-desktop/apps/desktop/src/pages/PluginsPage.tsx(2011,21): error TS7026: JSX element implicitly has type 'any' because no interface 'JSX.IntrinsicElements' exists.
vendor/pi-desktop/apps/desktop/src/pages/PluginsPage.tsx(2019,23): error TS7026: JSX element implicitly has type 'any' because no interface 'JSX.IntrinsicElements' exists.
vendor/pi-desktop/apps/desktop/src/pages/PluginsPage.tsx(2021,23): error TS7026: JSX element implicitly has type 'any' because no interface 'JSX.IntrinsicElements' exists.
vendor/pi-desktop/apps/desktop/src/pages/PluginsPage.tsx(2022,23): error TS7026: JSX element implicitly has type 'any' because no interface 'JSX.IntrinsicElements' exists.
vendor/pi-desktop/apps/desktop/src/pages/PluginsPage.tsx(2023,25): error TS7026: JSX element implicitly has type 'any' because no interface 'JSX.IntrinsicElements' exists.
vendor/pi-desktop/apps/desktop/src/pages/PluginsPage.tsx(2025,25): error TS7026: JSX element implicitly has type 'any' because no interface 'JSX.IntrinsicElements' exists.
vendor/pi-desktop/apps/desktop/src/pages/PluginsPage.tsx(2026,25): error TS7026: JSX element implicitly has type 'any' because no interface 'JSX.IntrinsicElements' exists.
vendor/pi-desktop/apps/desktop/src/pages/PluginsPage.tsx(2028,25): error TS7026: JSX element implicitly has type 'any' because no interface 'JSX.IntrinsicElements' exists.
vendor/pi-desktop/apps/desktop/src/pages/PluginsPage.tsx(2029,23): error TS7026: JSX element implicitly has type 'any' because no interface 'JSX.IntrinsicElements' exists.
vendor/pi-desktop/apps/desktop/src/pages/PluginsPage.tsx(2030,21): error TS7026: JSX element implicitly has type 'any' because no interface 'JSX.IntrinsicElements' exists.
vendor/pi-desktop/apps/desktop/src/pages/PluginsPage.tsx(2033,15): error TS7026: JSX element implicitly has type 'any' because no interface 'JSX.IntrinsicElements' exists.
vendor/pi-desktop/apps/desktop/src/pages/PluginsPage.tsx(2034,13): error TS7026: JSX element implicitly has type 'any' because no interface 'JSX.IntrinsicElements' exists.
vendor/pi-desktop/apps/desktop/src/pages/PluginsPage.tsx(2036,13): error TS7026: JSX element implicitly has type 'any' because no interface 'JSX.IntrinsicElements' exists.
vendor/pi-desktop/apps/desktop/src/pages/PluginsPage.tsx(2053,13): error TS7026: JSX element implicitly has type 'any' because no interface 'JSX.IntrinsicElements' exists.
vendor/pi-desktop/apps/desktop/src/pages/PluginsPage.tsx(2054,11): error TS7026: JSX element implicitly has type 'any' because no interface 'JSX.IntrinsicElements' exists.
vendor/pi-desktop/apps/desktop/src/pages/PluginsPage.tsx(2055,9): error TS7026: JSX element implicitly has type 'any' because no interface 'JSX.IntrinsicElements' exists.
vendor/pi-desktop/apps/desktop/src/pages/PluginsPage.tsx(2057,5): error TS7026: JSX element implicitly has type 'any' because no interface 'JSX.IntrinsicElements' exists.
vendor/pi-desktop/apps/desktop/src/pages/ProjectsPage.tsx(1,54): error TS7016: Could not find a declaration file for module 'react'. 'C:/cm-plan-next-20260910/vendor/pi-desktop/node_modules/.pnpm/react@19.2.8/node_modules/react/index.js' implicitly has an 'any' type.
  Try `npm i --save-dev @types/react` if it exists or add a new declaration (.d.ts) file containing `declare module 'react';`
vendor/pi-desktop/apps/desktop/src/pages/ProjectsPage.tsx(240,8): error TS7006: Parameter 'p' implicitly has an 'any' type.
vendor/pi-desktop/apps/desktop/src/pages/ProjectsPage.tsx(387,5): error TS7026: JSX element implicitly has type 'any' because no interface 'JSX.IntrinsicElements' exists.
vendor/pi-desktop/apps/desktop/src/pages/ProjectsPage.tsx(387,5): error TS7016: Could not find a declaration file for module 'react/jsx-runtime'. 'C:/cm-plan-next-20260910/vendor/pi-desktop/node_modules/.pnpm/react@19.2.8/node_modules/react/jsx-runtime.js' implicitly has an 'any' type.
  Try `npm i --save-dev @types/react` if it exists or add a new declaration (.d.ts) file containing `declare module 'react/jsx-runtime';`
vendor/pi-desktop/apps/desktop/src/pages/ProjectsPage.tsx(388,7): error TS7026: JSX element implicitly has type 'any' because no interface 'JSX.IntrinsicElements' exists.
vendor/pi-desktop/apps/desktop/src/pages/ProjectsPage.tsx(389,9): error TS7026: JSX element implicitly has type 'any' because no interface 'JSX.IntrinsicElements' exists.
vendor/pi-desktop/apps/desktop/src/pages/ProjectsPage.tsx(389,74): error TS7026: JSX element implicitly has type 'any' because no interface 'JSX.IntrinsicElements' exists.
vendor/pi-desktop/apps/desktop/src/pages/ProjectsPage.tsx(390,7): error TS7026: JSX element implicitly has type 'any' because no interface 'JSX.IntrinsicElements' exists.
vendor/pi-desktop/apps/desktop/src/pages/ProjectsPage.tsx(392,7): error TS7026: JSX element implicitly has type 'any' because no interface 'JSX.IntrinsicElements' exists.
vendor/pi-desktop/apps/desktop/src/pages/ProjectsPage.tsx(393,9): error TS7026: JSX element implicitly has type 'any' because no interface 'JSX.IntrinsicElements' exists.
vendor/pi-desktop/apps/desktop/src/pages/ProjectsPage.tsx(399,13): error TS7026: JSX element implicitly has type 'any' because no interface 'JSX.IntrinsicElements' exists.
vendor/pi-desktop/apps/desktop/src/pages/ProjectsPage.tsx(411,13): error TS7026: JSX element implicitly has type 'any' because no interface 'JSX.IntrinsicElements' exists.
vendor/pi-desktop/apps/desktop/src/pages/ProjectsPage.tsx(413,9): error TS7026: JSX element implicitly has type 'any' because no interface 'JSX.IntrinsicElements' exists.
vendor/pi-desktop/apps/desktop/src/pages/ProjectsPage.tsx(414,9): error TS7026: JSX element implicitly has type 'any' because no interface 'JSX.IntrinsicElements' exists.
vendor/pi-desktop/apps/desktop/src/pages/ProjectsPage.tsx(416,11): error TS7026: JSX element implicitly has type 'any' because no interface 'JSX.IntrinsicElements' exists.
vendor/pi-desktop/apps/desktop/src/pages/ProjectsPage.tsx(420,24): error TS7006: Parameter 'e' implicitly has an 'any' type.
vendor/pi-desktop/apps/desktop/src/pages/ProjectsPage.tsx(421,25): error TS7006: Parameter 'e' implicitly has an 'any' type.
vendor/pi-desktop/apps/desktop/src/pages/ProjectsPage.tsx(434,13): error TS7026: JSX element implicitly has type 'any' because no interface 'JSX.IntrinsicElements' exists.
vendor/pi-desktop/apps/desktop/src/pages/ProjectsPage.tsx(445,13): error TS7026: JSX element implicitly has type 'any' because no interface 'JSX.IntrinsicElements' exists.
vendor/pi-desktop/apps/desktop/src/pages/ProjectsPage.tsx(447,9): error TS7026: JSX element implicitly has type 'any' because no interface 'JSX.IntrinsicElements' exists.
vendor/pi-desktop/apps/desktop/src/pages/ProjectsPage.tsx(449,11): error TS7026: JSX element implicitly has type 'any' because no interface 'JSX.IntrinsicElements' exists.
vendor/pi-desktop/apps/desktop/src/pages/ProjectsPage.tsx(454,11): error TS7026: JSX element implicitly has type 'any' because no interface 'JSX.IntrinsicElements' exists.
vendor/pi-desktop/apps/desktop/src/pages/ProjectsPage.tsx(456,9): error TS7026: JSX element implicitly has type 'any' because no interface 'JSX.IntrinsicElements' exists.
vendor/pi-desktop/apps/desktop/src/pages/ProjectsPage.tsx(461,9): error TS7026: JSX element implicitly has type 'any' because no interface 'JSX.IntrinsicElements' exists.
vendor/pi-desktop/apps/desktop/src/pages/ProjectsPage.tsx(462,7): error TS7026: JSX element implicitly has type 'any' because no interface 'JSX.IntrinsicElements' exists.
vendor/pi-desktop/apps/desktop/src/pages/ProjectsPage.tsx(465,9): error TS7026: JSX element implicitly has type 'any' because no interface 'JSX.IntrinsicElements' exists.
vendor/pi-desktop/apps/desktop/src/pages/ProjectsPage.tsx(466,11): error TS7026: JSX element implicitly has type 'any' because no interface 'JSX.IntrinsicElements' exists.
vendor/pi-desktop/apps/desktop/src/pages/ProjectsPage.tsx(468,11): error TS7026: JSX element implicitly has type 'any' because no interface 'JSX.IntrinsicElements' exists.
vendor/pi-desktop/apps/desktop/src/pages/ProjectsPage.tsx(469,11): error TS7026: JSX element implicitly has type 'any' because no interface 'JSX.IntrinsicElements' exists.
vendor/pi-desktop/apps/desktop/src/pages/ProjectsPage.tsx(471,11): error TS7026: JSX element implicitly has type 'any' because no interface 'JSX.IntrinsicElements' exists.
vendor/pi-desktop/apps/desktop/src/pages/ProjectsPage.tsx(472,11): error TS7026: JSX element implicitly has type 'any' because no interface 'JSX.IntrinsicElements' exists.
vendor/pi-desktop/apps/desktop/src/pages/ProjectsPage.tsx(476,11): error TS7026: JSX element implicitly has type 'any' because no interface 'JSX.IntrinsicElements' exists.
vendor/pi-desktop/apps/desktop/src/pages/ProjectsPage.tsx(487,9): error TS7026: JSX element implicitly has type 'any' because no interface 'JSX.IntrinsicElements' exists.
vendor/pi-desktop/apps/desktop/src/pages/ProjectsPage.tsx(489,9): error TS7026: JSX element implicitly has type 'any' because no interface 'JSX.IntrinsicElements' exists.
vendor/pi-desktop/apps/desktop/src/pages/ProjectsPage.tsx(490,24): error TS7006: Parameter 'group' implicitly has an 'any' type.
vendor/pi-desktop/apps/desktop/src/pages/ProjectsPage.tsx(491,13): error TS7026: JSX element implicitly has type 'any' because no interface 'JSX.IntrinsicElements' exists.
vendor/pi-desktop/apps/desktop/src/pages/ProjectsPage.tsx(492,15): error TS7026: JSX element implicitly has type 'any' because no interface 'JSX.IntrinsicElements' exists.
vendor/pi-desktop/apps/desktop/src/pages/ProjectsPage.tsx(493,17): error TS7026: JSX element implicitly has type 'any' because no interface 'JSX.IntrinsicElements' exists.
vendor/pi-desktop/apps/desktop/src/pages/ProjectsPage.tsx(494,22): error TS7053: Element implicitly has an 'any' type because expression of type 'any' can't be used to index type 'Record<GroupId, string>'.
vendor/pi-desktop/apps/desktop/src/pages/ProjectsPage.tsx(495,17): error TS7026: JSX element implicitly has type 'any' because no interface 'JSX.IntrinsicElements' exists.
vendor/pi-desktop/apps/desktop/src/pages/ProjectsPage.tsx(496,17): error TS7026: JSX element implicitly has type 'any' because no interface 'JSX.IntrinsicElements' exists.
vendor/pi-desktop/apps/desktop/src/pages/ProjectsPage.tsx(496,75): error TS7026: JSX element implicitly has type 'any' because no interface 'JSX.IntrinsicElements' exists.
vendor/pi-desktop/apps/desktop/src/pages/ProjectsPage.tsx(497,15): error TS7026: JSX element implicitly has type 'any' because no interface 'JSX.IntrinsicElements' exists.
vendor/pi-desktop/apps/desktop/src/pages/ProjectsPage.tsx(498,15): error TS7026: JSX element implicitly has type 'any' because no interface 'JSX.IntrinsicElements' exists.
vendor/pi-desktop/apps/desktop/src/pages/ProjectsPage.tsx(499,32): error TS7006: Parameter 'project' implicitly has an 'any' type.
vendor/pi-desktop/apps/desktop/src/pages/ProjectsPage.tsx(538,19): error TS7026: JSX element implicitly has type 'any' because no interface 'JSX.IntrinsicElements' exists.
vendor/pi-desktop/apps/desktop/src/pages/ProjectsPage.tsx(549,21): error TS7026: JSX element implicitly has type 'any' because no interface 'JSX.IntrinsicElements' exists.
vendor/pi-desktop/apps/desktop/src/pages/ProjectsPage.tsx(550,23): error TS7026: JSX element implicitly has type 'any' because no interface 'JSX.IntrinsicElements' exists.
vendor/pi-desktop/apps/desktop/src/pages/ProjectsPage.tsx(559,40): error TS7006: Parameter 'prev' implicitly has an 'any' type.
vendor/pi-desktop/apps/desktop/src/pages/ProjectsPage.tsx(566,23): error TS7026: JSX element implicitly has type 'any' because no interface 'JSX.IntrinsicElements' exists.
vendor/pi-desktop/apps/desktop/src/pages/ProjectsPage.tsx(567,23): error TS7026: JSX element implicitly has type 'any' because no interface 'JSX.IntrinsicElements' exists.
vendor/pi-desktop/apps/desktop/src/pages/ProjectsPage.tsx(573,25): error TS7026: JSX element implicitly has type 'any' because no interface 'JSX.IntrinsicElements' exists.
vendor/pi-desktop/apps/desktop/src/pages/ProjectsPage.tsx(575,49): error TS2322: Type '{ size: number; fill: string; "aria-hidden": true; }' is not assignable to type 'LucideProps'.
  Property 'fill' does not exist on type 'LucideProps'.
vendor/pi-desktop/apps/desktop/src/pages/ProjectsPage.tsx(579,25): error TS7026: JSX element implicitly has type 'any' because no interface 'JSX.IntrinsicElements' exists.
vendor/pi-desktop/apps/desktop/src/pages/ProjectsPage.tsx(580,25): error TS7026: JSX element implicitly has type 'any' because no interface 'JSX.IntrinsicElements' exists.
vendor/pi-desktop/apps/desktop/src/pages/ProjectsPage.tsx(581,27): error TS7026: JSX element implicitly has type 'any' because no interface 'JSX.IntrinsicElements' exists.
vendor/pi-desktop/apps/desktop/src/pages/ProjectsPage.tsx(582,29): error TS7026: JSX element implicitly has type 'any' because no interface 'JSX.IntrinsicElements' exists.
vendor/pi-desktop/apps/desktop/src/pages/ProjectsPage.tsx(582,80): error TS7026: JSX element implicitly has type 'any' because no interface 'JSX.IntrinsicElements' exists.
vendor/pi-desktop/apps/desktop/src/pages/ProjectsPage.tsx(584,31): error TS7026: JSX element implicitly has type 'any' because no interface 'JSX.IntrinsicElements' exists.
vendor/pi-desktop/apps/desktop/src/pages/ProjectsPage.tsx(586,31): error TS7026: JSX element implicitly has type 'any' because no interface 'JSX.IntrinsicElements' exists.
vendor/pi-desktop/apps/desktop/src/pages/ProjectsPage.tsx(588,31): error TS7026: JSX element implicitly has type 'any' because no interface 'JSX.IntrinsicElements' exists.
vendor/pi-desktop/apps/desktop/src/pages/ProjectsPage.tsx(588,84): error TS7026: JSX element implicitly has type 'any' because no interface 'JSX.IntrinsicElements' exists.
vendor/pi-desktop/apps/desktop/src/pages/ProjectsPage.tsx(591,31): error TS7026: JSX element implicitly has type 'any' because no interface 'JSX.IntrinsicElements' exists.
vendor/pi-desktop/apps/desktop/src/pages/ProjectsPage.tsx(597,31): error TS7026: JSX element implicitly has type 'any' because no interface 'JSX.IntrinsicElements' exists.
vendor/pi-desktop/apps/desktop/src/pages/ProjectsPage.tsx(600,31): error TS7026: JSX element implicitly has type 'any' because no interface 'JSX.IntrinsicElements' exists.
vendor/pi-desktop/apps/desktop/src/pages/ProjectsPage.tsx(602,31): error TS7026: JSX element implicitly has type 'any' because no interface 'JSX.IntrinsicElements' exists.
vendor/pi-desktop/apps/desktop/src/pages/ProjectsPage.tsx(604,27): error TS7026: JSX element implicitly has type 'any' because no interface 'JSX.IntrinsicElements' exists.
vendor/pi-desktop/apps/desktop/src/pages/ProjectsPage.tsx(605,27): error TS7026: JSX element implicitly has type 'any' because no interface 'JSX.IntrinsicElements' exists.
vendor/pi-desktop/apps/desktop/src/pages/ProjectsPage.tsx(606,29): error TS7026: JSX element implicitly has type 'any' because no interface 'JSX.IntrinsicElements' exists.
vendor/pi-desktop/apps/desktop/src/pages/ProjectsPage.tsx(608,29): error TS7026: JSX element implicitly has type 'any' because no interface 'JSX.IntrinsicElements' exists.
vendor/pi-desktop/apps/desktop/src/pages/ProjectsPage.tsx(611,33): error TS7026: JSX element implicitly has type 'any' because no interface 'JSX.IntrinsicElements' exists.
vendor/pi-desktop/apps/desktop/src/pages/ProjectsPage.tsx(613,33): error TS7026: JSX element implicitly has type 'any' because no interface 'JSX.IntrinsicElements' exists.
vendor/pi-desktop/apps/desktop/src/pages/ProjectsPage.tsx(614,33): error TS7026: JSX element implicitly has type 'any' because no interface 'JSX.IntrinsicElements' exists.
vendor/pi-desktop/apps/desktop/src/pages/ProjectsPage.tsx(614,88): error TS7026: JSX element implicitly has type 'any' because no interface 'JSX.IntrinsicElements' exists.
vendor/pi-desktop/apps/desktop/src/pages/ProjectsPage.tsx(617,29): error TS7026: JSX element implicitly has type 'any' because no interface 'JSX.IntrinsicElements' exists.
vendor/pi-desktop/apps/desktop/src/pages/ProjectsPage.tsx(619,29): error TS7026: JSX element implicitly has type 'any' because no interface 'JSX.IntrinsicElements' exists.
vendor/pi-desktop/apps/desktop/src/pages/ProjectsPage.tsx(620,29): error TS7026: JSX element implicitly has type 'any' because no interface 'JSX.IntrinsicElements' exists.
vendor/pi-desktop/apps/desktop/src/pages/ProjectsPage.tsx(622,29): error TS7026: JSX element implicitly has type 'any' because no interface 'JSX.IntrinsicElements' exists.
vendor/pi-desktop/apps/desktop/src/pages/ProjectsPage.tsx(623,27): error TS7026: JSX element implicitly has type 'any' because no interface 'JSX.IntrinsicElements' exists.
vendor/pi-desktop/apps/desktop/src/pages/ProjectsPage.tsx(624,25): error TS7026: JSX element implicitly has type 'any' because no interface 'JSX.IntrinsicElements' exists.
vendor/pi-desktop/apps/desktop/src/pages/ProjectsPage.tsx(625,23): error TS7026: JSX element implicitly has type 'any' because no interface 'JSX.IntrinsicElements' exists.
vendor/pi-desktop/apps/desktop/src/pages/ProjectsPage.tsx(626,23): error TS7026: JSX element implicitly has type 'any' because no interface 'JSX.IntrinsicElements' exists.
vendor/pi-desktop/apps/desktop/src/pages/ProjectsPage.tsx(628,23): error TS7026: JSX element implicitly has type 'any' because no interface 'JSX.IntrinsicElements' exists.
vendor/pi-desktop/apps/desktop/src/pages/ProjectsPage.tsx(629,23): error TS7026: JSX element implicitly has type 'any' because no interface 'JSX.IntrinsicElements' exists.
vendor/pi-desktop/apps/desktop/src/pages/ProjectsPage.tsx(630,25): error TS7026: JSX element implicitly has type 'any' because no interface 'JSX.IntrinsicElements' exists.
vendor/pi-desktop/apps/desktop/src/pages/ProjectsPage.tsx(638,25): error TS7026: JSX element implicitly has type 'any' because no interface 'JSX.IntrinsicElements' exists.
vendor/pi-desktop/apps/desktop/src/pages/ProjectsPage.tsx(639,25): error TS7026: JSX element implicitly has type 'any' because no interface 'JSX.IntrinsicElements' exists.
vendor/pi-desktop/apps/desktop/src/pages/ProjectsPage.tsx(643,27): error TS7026: JSX element implicitly has type 'any' because no interface 'JSX.IntrinsicElements' exists.
vendor/pi-desktop/apps/desktop/src/pages/ProjectsPage.tsx(651,43): error TS7006: Parameter 'cur' implicitly has an 'any' type.
vendor/pi-desktop/apps/desktop/src/pages/ProjectsPage.tsx(655,27): error TS7026: JSX element implicitly has type 'any' because no interface 'JSX.IntrinsicElements' exists.
vendor/pi-desktop/apps/desktop/src/pages/ProjectsPage.tsx(657,29): error TS7026: JSX element implicitly has type 'any' because no interface 'JSX.IntrinsicElements' exists.
vendor/pi-desktop/apps/desktop/src/pages/ProjectsPage.tsx(658,31): error TS7026: JSX element implicitly has type 'any' because no interface 'JSX.IntrinsicElements' exists.
vendor/pi-desktop/apps/desktop/src/pages/ProjectsPage.tsx(668,31): error TS7026: JSX element implicitly has type 'any' because no interface 'JSX.IntrinsicElements' exists.
vendor/pi-desktop/apps/desktop/src/pages/ProjectsPage.tsx(669,31): error TS7026: JSX element implicitly has type 'any' because no interface 'JSX.IntrinsicElements' exists.
vendor/pi-desktop/apps/desktop/src/pages/ProjectsPage.tsx(682,31): error TS7026: JSX element implicitly has type 'any' because no interface 'JSX.IntrinsicElements' exists.
vendor/pi-desktop/apps/desktop/src/pages/ProjectsPage.tsx(683,31): error TS7026: JSX element implicitly has type 'any' because no interface 'JSX.IntrinsicElements' exists.
vendor/pi-desktop/apps/desktop/src/pages/ProjectsPage.tsx(697,31): error TS7026: JSX element implicitly has type 'any' because no interface 'JSX.IntrinsicElements' exists.
vendor/pi-desktop/apps/desktop/src/pages/ProjectsPage.tsx(698,31): error TS7026: JSX element implicitly has type 'any' because no interface 'JSX.IntrinsicElements' exists.
vendor/pi-desktop/apps/desktop/src/pages/ProjectsPage.tsx(699,31): error TS7026: JSX element implicitly has type 'any' because no interface 'JSX.IntrinsicElements' exists.
vendor/pi-desktop/apps/desktop/src/pages/ProjectsPage.tsx(709,31): error TS7026: JSX element implicitly has type 'any' because no interface 'JSX.IntrinsicElements' exists.
vendor/pi-desktop/apps/desktop/src/pages/ProjectsPage.tsx(710,31): error TS7026: JSX element implicitly has type 'any' because no interface 'JSX.IntrinsicElements' exists.
vendor/pi-desktop/apps/desktop/src/pages/ProjectsPage.tsx(721,31): error TS7026: JSX element implicitly has type 'any' because no interface 'JSX.IntrinsicElements' exists.
vendor/pi-desktop/apps/desktop/src/pages/ProjectsPage.tsx(723,33): error TS7026: JSX element implicitly has type 'any' because no interface 'JSX.IntrinsicElements' exists.
vendor/pi-desktop/apps/desktop/src/pages/ProjectsPage.tsx(734,33): error TS7026: JSX element implicitly has type 'any' because no interface 'JSX.IntrinsicElements' exists.
vendor/pi-desktop/apps/desktop/src/pages/ProjectsPage.tsx(736,29): error TS7026: JSX element implicitly has type 'any' because no interface 'JSX.IntrinsicElements' exists.
vendor/pi-desktop/apps/desktop/src/pages/ProjectsPage.tsx(738,25): error TS7026: JSX element implicitly has type 'any' because no interface 'JSX.IntrinsicElements' exists.
vendor/pi-desktop/apps/desktop/src/pages/ProjectsPage.tsx(739,23): error TS7026: JSX element implicitly has type 'any' because no interface 'JSX.IntrinsicElements' exists.
vendor/pi-desktop/apps/desktop/src/pages/ProjectsPage.tsx(740,21): error TS7026: JSX element implicitly has type 'any' because no interface 'JSX.IntrinsicElements' exists.
vendor/pi-desktop/apps/desktop/src/pages/ProjectsPage.tsx(742,23): error TS7026: JSX element implicitly has type 'any' because no interface 'JSX.IntrinsicElements' exists.
vendor/pi-desktop/apps/desktop/src/pages/ProjectsPage.tsx(743,25): error TS7026: JSX element implicitly has type 'any' because no interface 'JSX.IntrinsicElements' exists.
vendor/pi-desktop/apps/desktop/src/pages/ProjectsPage.tsx(744,27): error TS7026: JSX element implicitly has type 'any' because no interface 'JSX.IntrinsicElements' exists.
vendor/pi-desktop/apps/desktop/src/pages/ProjectsPage.tsx(746,27): error TS7026: JSX element implicitly has type 'any' because no interface 'JSX.IntrinsicElements' exists.
vendor/pi-desktop/apps/desktop/src/pages/ProjectsPage.tsx(756,25): error TS7026: JSX element implicitly has type 'any' because no interface 'JSX.IntrinsicElements' exists.
vendor/pi-desktop/apps/desktop/src/pages/ProjectsPage.tsx(758,27): error TS7026: JSX element implicitly has type 'any' because no interface 'JSX.IntrinsicElements' exists.
vendor/pi-desktop/apps/desktop/src/pages/ProjectsPage.tsx(758,91): error TS7026: JSX element implicitly has type 'any' because no interface 'JSX.IntrinsicElements' exists.
vendor/pi-desktop/apps/desktop/src/pages/ProjectsPage.tsx(760,27): error TS7026: JSX element implicitly has type 'any' because no interface 'JSX.IntrinsicElements' exists.
vendor/pi-desktop/apps/desktop/src/pages/ProjectsPage.tsx(764,33): error TS7026: JSX element implicitly has type 'any' because no interface 'JSX.IntrinsicElements' exists.
vendor/pi-desktop/apps/desktop/src/pages/ProjectsPage.tsx(767,51): error TS7006: Parameter 'event' implicitly has an 'any' type.
vendor/pi-desktop/apps/desktop/src/pages/ProjectsPage.tsx(772,35): error TS7026: JSX element implicitly has type 'any' because no interface 'JSX.IntrinsicElements' exists.
vendor/pi-desktop/apps/desktop/src/pages/ProjectsPage.tsx(778,57): error TS2322: Type '{ size: number; className: string; }' is not assignable to type 'LucideProps'.
  Property 'className' does not exist on type 'LucideProps'.
vendor/pi-desktop/apps/desktop/src/pages/ProjectsPage.tsx(779,37): error TS7026: JSX element implicitly has type 'any' because no interface 'JSX.IntrinsicElements' exists.
vendor/pi-desktop/apps/desktop/src/pages/ProjectsPage.tsx(779,89): error TS7026: JSX element implicitly has type 'any' because no interface 'JSX.IntrinsicElements' exists.
vendor/pi-desktop/apps/desktop/src/pages/ProjectsPage.tsx(780,37): error TS7026: JSX element implicitly has type 'any' because no interface 'JSX.IntrinsicElements' exists.
vendor/pi-desktop/apps/desktop/src/pages/ProjectsPage.tsx(786,37): error TS7026: JSX element implicitly has type 'any' because no interface 'JSX.IntrinsicElements' exists.
vendor/pi-desktop/apps/desktop/src/pages/ProjectsPage.tsx(787,35): error TS7026: JSX element implicitly has type 'any' because no interface 'JSX.IntrinsicElements' exists.
vendor/pi-desktop/apps/desktop/src/pages/ProjectsPage.tsx(788,35): error TS7026: JSX element implicitly has type 'any' because no interface 'JSX.IntrinsicElements' exists.
vendor/pi-desktop/apps/desktop/src/pages/ProjectsPage.tsx(796,35): error TS7026: JSX element implicitly has type 'any' because no interface 'JSX.IntrinsicElements' exists.
vendor/pi-desktop/apps/desktop/src/pages/ProjectsPage.tsx(797,33): error TS7026: JSX element implicitly has type 'any' because no interface 'JSX.IntrinsicElements' exists.
vendor/pi-desktop/apps/desktop/src/pages/ProjectsPage.tsx(800,27): error TS7026: JSX element implicitly has type 'any' because no interface 'JSX.IntrinsicElements' exists.
vendor/pi-desktop/apps/desktop/src/pages/ProjectsPage.tsx(808,56): error TS7006: Parameter 'prev' implicitly has an 'any' type.
vendor/pi-desktop/apps/desktop/src/pages/ProjectsPage.tsx(822,56): error TS7006: Parameter 'prev' implicitly has an 'any' type.
vendor/pi-desktop/apps/desktop/src/pages/ProjectsPage.tsx(831,23): error TS7026: JSX element implicitly has type 'any' because no interface 'JSX.IntrinsicElements' exists.
vendor/pi-desktop/apps/desktop/src/pages/ProjectsPage.tsx(833,19): error TS7026: JSX element implicitly has type 'any' because no interface 'JSX.IntrinsicElements' exists.
vendor/pi-desktop/apps/desktop/src/pages/ProjectsPage.tsx(836,15): error TS7026: JSX element implicitly has type 'any' because no interface 'JSX.IntrinsicElements' exists.
vendor/pi-desktop/apps/desktop/src/pages/ProjectsPage.tsx(837,13): error TS7026: JSX element implicitly has type 'any' because no interface 'JSX.IntrinsicElements' exists.
vendor/pi-desktop/apps/desktop/src/pages/ProjectsPage.tsx(839,9): error TS7026: JSX element implicitly has type 'any' because no interface 'JSX.IntrinsicElements' exists.
vendor/pi-desktop/apps/desktop/src/pages/ProjectsPage.tsx(879,5): error TS7026: JSX element implicitly has type 'any' because no interface 'JSX.IntrinsicElements' exists.
vendor/pi-desktop/apps/desktop/src/pages/PullRequestsPage.tsx(1,46): error TS7016: Could not find a declaration file for module 'react'. 'C:/cm-plan-next-20260910/vendor/pi-desktop/node_modules/.pnpm/react@19.2.8/node_modules/react/index.js' implicitly has an 'any' type.
  Try `npm i --save-dev @types/react` if it exists or add a new declaration (.d.ts) file containing `declare module 'react';`
vendor/pi-desktop/apps/desktop/src/pages/PullRequestsPage.tsx(43,50): error TS7006: Parameter 'p' implicitly has an 'any' type.
vendor/pi-desktop/apps/desktop/src/pages/PullRequestsPage.tsx(44,26): error TS7006: Parameter 'p' implicitly has an 'any' type.
vendor/pi-desktop/apps/desktop/src/pages/PullRequestsPage.tsx(48,33): error TS7006: Parameter 'p' implicitly has an 'any' type.
vendor/pi-desktop/apps/desktop/src/pages/PullRequestsPage.tsx(57,5): error TS7026: JSX element implicitly has type 'any' because no interface 'JSX.IntrinsicElements' exists.
vendor/pi-desktop/apps/desktop/src/pages/PullRequestsPage.tsx(57,5): error TS7016: Could not find a declaration file for module 'react/jsx-runtime'. 'C:/cm-plan-next-20260910/vendor/pi-desktop/node_modules/.pnpm/react@19.2.8/node_modules/react/jsx-runtime.js' implicitly has an 'any' type.
  Try `npm i --save-dev @types/react` if it exists or add a new declaration (.d.ts) file containing `declare module 'react/jsx-runtime';`
vendor/pi-desktop/apps/desktop/src/pages/PullRequestsPage.tsx(58,7): error TS7026: JSX element implicitly has type 'any' because no interface 'JSX.IntrinsicElements' exists.
vendor/pi-desktop/apps/desktop/src/pages/PullRequestsPage.tsx(59,9): error TS7026: JSX element implicitly has type 'any' because no interface 'JSX.IntrinsicElements' exists.
vendor/pi-desktop/apps/desktop/src/pages/PullRequestsPage.tsx(60,11): error TS7026: JSX element implicitly has type 'any' because no interface 'JSX.IntrinsicElements' exists.
vendor/pi-desktop/apps/desktop/src/pages/PullRequestsPage.tsx(61,13): error TS7026: JSX element implicitly has type 'any' because no interface 'JSX.IntrinsicElements' exists.
vendor/pi-desktop/apps/desktop/src/pages/PullRequestsPage.tsx(61,58): error TS7026: JSX element implicitly has type 'any' because no interface 'JSX.IntrinsicElements' exists.
vendor/pi-desktop/apps/desktop/src/pages/PullRequestsPage.tsx(62,11): error TS7026: JSX element implicitly has type 'any' because no interface 'JSX.IntrinsicElements' exists.
vendor/pi-desktop/apps/desktop/src/pages/PullRequestsPage.tsx(63,11): error TS7026: JSX element implicitly has type 'any' because no interface 'JSX.IntrinsicElements' exists.
vendor/pi-desktop/apps/desktop/src/pages/PullRequestsPage.tsx(81,11): error TS7026: JSX element implicitly has type 'any' because no interface 'JSX.IntrinsicElements' exists.
vendor/pi-desktop/apps/desktop/src/pages/PullRequestsPage.tsx(82,9): error TS7026: JSX element implicitly has type 'any' because no interface 'JSX.IntrinsicElements' exists.
vendor/pi-desktop/apps/desktop/src/pages/PullRequestsPage.tsx(85,11): error TS7026: JSX element implicitly has type 'any' because no interface 'JSX.IntrinsicElements' exists.
vendor/pi-desktop/apps/desktop/src/pages/PullRequestsPage.tsx(86,13): error TS7026: JSX element implicitly has type 'any' because no interface 'JSX.IntrinsicElements' exists.
vendor/pi-desktop/apps/desktop/src/pages/PullRequestsPage.tsx(94,17): error TS7026: JSX element implicitly has type 'any' because no interface 'JSX.IntrinsicElements' exists.
vendor/pi-desktop/apps/desktop/src/pages/PullRequestsPage.tsx(103,19): error TS7026: JSX element implicitly has type 'any' because no interface 'JSX.IntrinsicElements' exists.
vendor/pi-desktop/apps/desktop/src/pages/PullRequestsPage.tsx(103,65): error TS7026: JSX element implicitly has type 'any' because no interface 'JSX.IntrinsicElements' exists.
vendor/pi-desktop/apps/desktop/src/pages/PullRequestsPage.tsx(104,17): error TS7026: JSX element implicitly has type 'any' because no interface 'JSX.IntrinsicElements' exists.
vendor/pi-desktop/apps/desktop/src/pages/PullRequestsPage.tsx(106,13): error TS7026: JSX element implicitly has type 'any' because no interface 'JSX.IntrinsicElements' exists.
vendor/pi-desktop/apps/desktop/src/pages/PullRequestsPage.tsx(107,11): error TS7026: JSX element implicitly has type 'any' because no interface 'JSX.IntrinsicElements' exists.
vendor/pi-desktop/apps/desktop/src/pages/PullRequestsPage.tsx(112,13): error TS7026: JSX element implicitly has type 'any' because no interface 'JSX.IntrinsicElements' exists.
vendor/pi-desktop/apps/desktop/src/pages/PullRequestsPage.tsx(114,13): error TS7026: JSX element implicitly has type 'any' because no interface 'JSX.IntrinsicElements' exists.
vendor/pi-desktop/apps/desktop/src/pages/PullRequestsPage.tsx(115,13): error TS7026: JSX element implicitly has type 'any' because no interface 'JSX.IntrinsicElements' exists.
vendor/pi-desktop/apps/desktop/src/pages/PullRequestsPage.tsx(115,80): error TS7026: JSX element implicitly has type 'any' because no interface 'JSX.IntrinsicElements' exists.
vendor/pi-desktop/apps/desktop/src/pages/PullRequestsPage.tsx(122,13): error TS7026: JSX element implicitly has type 'any' because no interface 'JSX.IntrinsicElements' exists.
vendor/pi-desktop/apps/desktop/src/pages/PullRequestsPage.tsx(124,13): error TS7026: JSX element implicitly has type 'any' because no interface 'JSX.IntrinsicElements' exists.
vendor/pi-desktop/apps/desktop/src/pages/PullRequestsPage.tsx(125,13): error TS7026: JSX element implicitly has type 'any' because no interface 'JSX.IntrinsicElements' exists.
vendor/pi-desktop/apps/desktop/src/pages/PullRequestsPage.tsx(125,80): error TS7026: JSX element implicitly has type 'any' because no interface 'JSX.IntrinsicElements' exists.
vendor/pi-desktop/apps/desktop/src/pages/PullRequestsPage.tsx(127,15): error TS7026: JSX element implicitly has type 'any' because no interface 'JSX.IntrinsicElements' exists.
vendor/pi-desktop/apps/desktop/src/pages/PullRequestsPage.tsx(127,81): error TS7026: JSX element implicitly has type 'any' because no interface 'JSX.IntrinsicElements' exists.
vendor/pi-desktop/apps/desktop/src/pages/PullRequestsPage.tsx(131,11): error TS7026: JSX element implicitly has type 'any' because no interface 'JSX.IntrinsicElements' exists.
vendor/pi-desktop/apps/desktop/src/pages/PullRequestsPage.tsx(132,28): error TS7006: Parameter 'pr' implicitly has an 'any' type.
vendor/pi-desktop/apps/desktop/src/pages/PullRequestsPage.tsx(133,15): error TS7026: JSX element implicitly has type 'any' because no interface 'JSX.IntrinsicElements' exists.
vendor/pi-desktop/apps/desktop/src/pages/PullRequestsPage.tsx(134,17): error TS7026: JSX element implicitly has type 'any' because no interface 'JSX.IntrinsicElements' exists.
vendor/pi-desktop/apps/desktop/src/pages/PullRequestsPage.tsx(136,17): error TS7026: JSX element implicitly has type 'any' because no interface 'JSX.IntrinsicElements' exists.
vendor/pi-desktop/apps/desktop/src/pages/PullRequestsPage.tsx(137,17): error TS7026: JSX element implicitly has type 'any' because no interface 'JSX.IntrinsicElements' exists.
vendor/pi-desktop/apps/desktop/src/pages/PullRequestsPage.tsx(138,19): error TS7026: JSX element implicitly has type 'any' because no interface 'JSX.IntrinsicElements' exists.
vendor/pi-desktop/apps/desktop/src/pages/PullRequestsPage.tsx(139,21): error TS7026: JSX element implicitly has type 'any' because no interface 'JSX.IntrinsicElements' exists.
vendor/pi-desktop/apps/desktop/src/pages/PullRequestsPage.tsx(141,21): error TS7026: JSX element implicitly has type 'any' because no interface 'JSX.IntrinsicElements' exists.
vendor/pi-desktop/apps/desktop/src/pages/PullRequestsPage.tsx(142,21): error TS7026: JSX element implicitly has type 'any' because no interface 'JSX.IntrinsicElements' exists.
vendor/pi-desktop/apps/desktop/src/pages/PullRequestsPage.tsx(142,66): error TS7026: JSX element implicitly has type 'any' because no interface 'JSX.IntrinsicElements' exists.
vendor/pi-desktop/apps/desktop/src/pages/PullRequestsPage.tsx(146,19): error TS7026: JSX element implicitly has type 'any' because no interface 'JSX.IntrinsicElements' exists.
vendor/pi-desktop/apps/desktop/src/pages/PullRequestsPage.tsx(147,19): error TS7026: JSX element implicitly has type 'any' because no interface 'JSX.IntrinsicElements' exists.
vendor/pi-desktop/apps/desktop/src/pages/PullRequestsPage.tsx(156,19): error TS7026: JSX element implicitly has type 'any' because no interface 'JSX.IntrinsicElements' exists.
vendor/pi-desktop/apps/desktop/src/pages/PullRequestsPage.tsx(157,17): error TS7026: JSX element implicitly has type 'any' because no interface 'JSX.IntrinsicElements' exists.
vendor/pi-desktop/apps/desktop/src/pages/PullRequestsPage.tsx(158,17): error TS7026: JSX element implicitly has type 'any' because no interface 'JSX.IntrinsicElements' exists.
vendor/pi-desktop/apps/desktop/src/pages/PullRequestsPage.tsx(159,19): error TS7026: JSX element implicitly has type 'any' because no interface 'JSX.IntrinsicElements' exists.
vendor/pi-desktop/apps/desktop/src/pages/PullRequestsPage.tsx(166,19): error TS7026: JSX element implicitly has type 'any' because no interface 'JSX.IntrinsicElements' exists.
vendor/pi-desktop/apps/desktop/src/pages/PullRequestsPage.tsx(180,17): error TS7026: JSX element implicitly has type 'any' because no interface 'JSX.IntrinsicElements' exists.
vendor/pi-desktop/apps/desktop/src/pages/PullRequestsPage.tsx(181,15): error TS7026: JSX element implicitly has type 'any' because no interface 'JSX.IntrinsicElements' exists.
vendor/pi-desktop/apps/desktop/src/pages/PullRequestsPage.tsx(183,11): error TS7026: JSX element implicitly has type 'any' because no interface 'JSX.IntrinsicElements' exists.
vendor/pi-desktop/apps/desktop/src/pages/PullRequestsPage.tsx(185,7): error TS7026: JSX element implicitly has type 'any' because no interface 'JSX.IntrinsicElements' exists.
vendor/pi-desktop/apps/desktop/src/pages/PullRequestsPage.tsx(186,5): error TS7026: JSX element implicitly has type 'any' because no interface 'JSX.IntrinsicElements' exists.
vendor/pi-desktop/apps/desktop/src/pages/ScheduledPage.tsx(1,37): error TS7016: Could not find a declaration file for module 'react'. 'C:/cm-plan-next-20260910/vendor/pi-desktop/node_modules/.pnpm/react@19.2.8/node_modules/react/index.js' implicitly has an 'any' type.
  Try `npm i --save-dev @types/react` if it exists or add a new declaration (.d.ts) file containing `declare module 'react';`
vendor/pi-desktop/apps/desktop/src/pages/ScheduledPage.tsx(45,5): error TS7026: JSX element implicitly has type 'any' because no interface 'JSX.IntrinsicElements' exists.
vendor/pi-desktop/apps/desktop/src/pages/ScheduledPage.tsx(45,5): error TS7016: Could not find a declaration file for module 'react/jsx-runtime'. 'C:/cm-plan-next-20260910/vendor/pi-desktop/node_modules/.pnpm/react@19.2.8/node_modules/react/jsx-runtime.js' implicitly has an 'any' type.
  Try `npm i --save-dev @types/react` if it exists or add a new declaration (.d.ts) file containing `declare module 'react/jsx-runtime';`
vendor/pi-desktop/apps/desktop/src/pages/ScheduledPage.tsx(46,7): error TS7026: JSX element implicitly has type 'any' because no interface 'JSX.IntrinsicElements' exists.
vendor/pi-desktop/apps/desktop/src/pages/ScheduledPage.tsx(47,9): error TS7026: JSX element implicitly has type 'any' because no interface 'JSX.IntrinsicElements' exists.
vendor/pi-desktop/apps/desktop/src/pages/ScheduledPage.tsx(48,11): error TS7026: JSX element implicitly has type 'any' because no interface 'JSX.IntrinsicElements' exists.
vendor/pi-desktop/apps/desktop/src/pages/ScheduledPage.tsx(49,13): error TS7026: JSX element implicitly has type 'any' because no interface 'JSX.IntrinsicElements' exists.
vendor/pi-desktop/apps/desktop/src/pages/ScheduledPage.tsx(49,62): error TS7026: JSX element implicitly has type 'any' because no interface 'JSX.IntrinsicElements' exists.
vendor/pi-desktop/apps/desktop/src/pages/ScheduledPage.tsx(50,11): error TS7026: JSX element implicitly has type 'any' because no interface 'JSX.IntrinsicElements' exists.
vendor/pi-desktop/apps/desktop/src/pages/ScheduledPage.tsx(51,9): error TS7026: JSX element implicitly has type 'any' because no interface 'JSX.IntrinsicElements' exists.
vendor/pi-desktop/apps/desktop/src/pages/ScheduledPage.tsx(53,9): error TS7026: JSX element implicitly has type 'any' because no interface 'JSX.IntrinsicElements' exists.
vendor/pi-desktop/apps/desktop/src/pages/ScheduledPage.tsx(54,11): error TS7026: JSX element implicitly has type 'any' because no interface 'JSX.IntrinsicElements' exists.
vendor/pi-desktop/apps/desktop/src/pages/ScheduledPage.tsx(54,76): error TS7026: JSX element implicitly has type 'any' because no interface 'JSX.IntrinsicElements' exists.
vendor/pi-desktop/apps/desktop/src/pages/ScheduledPage.tsx(59,26): error TS7006: Parameter 'e' implicitly has an 'any' type.
vendor/pi-desktop/apps/desktop/src/pages/ScheduledPage.tsx(66,26): error TS7006: Parameter 'e' implicitly has an 'any' type.
vendor/pi-desktop/apps/desktop/src/pages/ScheduledPage.tsx(70,11): error TS7026: JSX element implicitly has type 'any' because no interface 'JSX.IntrinsicElements' exists.
vendor/pi-desktop/apps/desktop/src/pages/ScheduledPage.tsx(71,13): error TS7026: JSX element implicitly has type 'any' because no interface 'JSX.IntrinsicElements' exists.
vendor/pi-desktop/apps/desktop/src/pages/ScheduledPage.tsx(75,30): error TS7006: Parameter 'e' implicitly has an 'any' type.
vendor/pi-desktop/apps/desktop/src/pages/ScheduledPage.tsx(77,19): error TS7026: JSX element implicitly has type 'any' because no interface 'JSX.IntrinsicElements' exists.
vendor/pi-desktop/apps/desktop/src/pages/ScheduledPage.tsx(77,72): error TS7026: JSX element implicitly has type 'any' because no interface 'JSX.IntrinsicElements' exists.
vendor/pi-desktop/apps/desktop/src/pages/ScheduledPage.tsx(78,19): error TS7026: JSX element implicitly has type 'any' because no interface 'JSX.IntrinsicElements' exists.
vendor/pi-desktop/apps/desktop/src/pages/ScheduledPage.tsx(78,72): error TS7026: JSX element implicitly has type 'any' because no interface 'JSX.IntrinsicElements' exists.
vendor/pi-desktop/apps/desktop/src/pages/ScheduledPage.tsx(79,19): error TS7026: JSX element implicitly has type 'any' because no interface 'JSX.IntrinsicElements' exists.
vendor/pi-desktop/apps/desktop/src/pages/ScheduledPage.tsx(79,70): error TS7026: JSX element implicitly has type 'any' because no interface 'JSX.IntrinsicElements' exists.
vendor/pi-desktop/apps/desktop/src/pages/ScheduledPage.tsx(80,19): error TS7026: JSX element implicitly has type 'any' because no interface 'JSX.IntrinsicElements' exists.
vendor/pi-desktop/apps/desktop/src/pages/ScheduledPage.tsx(80,72): error TS7026: JSX element implicitly has type 'any' because no interface 'JSX.IntrinsicElements' exists.
vendor/pi-desktop/apps/desktop/src/pages/ScheduledPage.tsx(83,13): error TS7026: JSX element implicitly has type 'any' because no interface 'JSX.IntrinsicElements' exists.
vendor/pi-desktop/apps/desktop/src/pages/ScheduledPage.tsx(107,11): error TS7026: JSX element implicitly has type 'any' because no interface 'JSX.IntrinsicElements' exists.
vendor/pi-desktop/apps/desktop/src/pages/ScheduledPage.tsx(108,9): error TS7026: JSX element implicitly has type 'any' because no interface 'JSX.IntrinsicElements' exists.
vendor/pi-desktop/apps/desktop/src/pages/ScheduledPage.tsx(110,9): error TS7026: JSX element implicitly has type 'any' because no interface 'JSX.IntrinsicElements' exists.
vendor/pi-desktop/apps/desktop/src/pages/ScheduledPage.tsx(110,67): error TS7026: JSX element implicitly has type 'any' because no interface 'JSX.IntrinsicElements' exists.
vendor/pi-desktop/apps/desktop/src/pages/ScheduledPage.tsx(114,13): error TS7026: JSX element implicitly has type 'any' because no interface 'JSX.IntrinsicElements' exists.
vendor/pi-desktop/apps/desktop/src/pages/ScheduledPage.tsx(116,13): error TS7026: JSX element implicitly has type 'any' because no interface 'JSX.IntrinsicElements' exists.
vendor/pi-desktop/apps/desktop/src/pages/ScheduledPage.tsx(117,13): error TS7026: JSX element implicitly has type 'any' because no interface 'JSX.IntrinsicElements' exists.
vendor/pi-desktop/apps/desktop/src/pages/ScheduledPage.tsx(117,84): error TS7026: JSX element implicitly has type 'any' because no interface 'JSX.IntrinsicElements' exists.
vendor/pi-desktop/apps/desktop/src/pages/ScheduledPage.tsx(120,11): error TS7026: JSX element implicitly has type 'any' because no interface 'JSX.IntrinsicElements' exists.
vendor/pi-desktop/apps/desktop/src/pages/ScheduledPage.tsx(121,25): error TS7006: Parameter 'task' implicitly has an 'any' type.
vendor/pi-desktop/apps/desktop/src/pages/ScheduledPage.tsx(122,15): error TS7026: JSX element implicitly has type 'any' because no interface 'JSX.IntrinsicElements' exists.
vendor/pi-desktop/apps/desktop/src/pages/ScheduledPage.tsx(123,17): error TS7026: JSX element implicitly has type 'any' because no interface 'JSX.IntrinsicElements' exists.
vendor/pi-desktop/apps/desktop/src/pages/ScheduledPage.tsx(125,17): error TS7026: JSX element implicitly has type 'any' because no interface 'JSX.IntrinsicElements' exists.
vendor/pi-desktop/apps/desktop/src/pages/ScheduledPage.tsx(126,17): error TS7026: JSX element implicitly has type 'any' because no interface 'JSX.IntrinsicElements' exists.
vendor/pi-desktop/apps/desktop/src/pages/ScheduledPage.tsx(127,19): error TS7026: JSX element implicitly has type 'any' because no interface 'JSX.IntrinsicElements' exists.
vendor/pi-desktop/apps/desktop/src/pages/ScheduledPage.tsx(128,21): error TS7026: JSX element implicitly has type 'any' because no interface 'JSX.IntrinsicElements' exists.
vendor/pi-desktop/apps/desktop/src/pages/ScheduledPage.tsx(128,68): error TS7026: JSX element implicitly has type 'any' because no interface 'JSX.IntrinsicElements' exists.
vendor/pi-desktop/apps/desktop/src/pages/ScheduledPage.tsx(133,19): error TS7026: JSX element implicitly has type 'any' because no interface 'JSX.IntrinsicElements' exists.
vendor/pi-desktop/apps/desktop/src/pages/ScheduledPage.tsx(134,19): error TS7026: JSX element implicitly has type 'any' because no interface 'JSX.IntrinsicElements' exists.
vendor/pi-desktop/apps/desktop/src/pages/ScheduledPage.tsx(134,76): error TS7026: JSX element implicitly has type 'any' because no interface 'JSX.IntrinsicElements' exists.
vendor/pi-desktop/apps/desktop/src/pages/ScheduledPage.tsx(135,19): error TS7026: JSX element implicitly has type 'any' because no interface 'JSX.IntrinsicElements' exists.
vendor/pi-desktop/apps/desktop/src/pages/ScheduledPage.tsx(142,19): error TS7026: JSX element implicitly has type 'any' because no interface 'JSX.IntrinsicElements' exists.
vendor/pi-desktop/apps/desktop/src/pages/ScheduledPage.tsx(143,17): error TS7026: JSX element implicitly has type 'any' because no interface 'JSX.IntrinsicElements' exists.
vendor/pi-desktop/apps/desktop/src/pages/ScheduledPage.tsx(144,17): error TS7026: JSX element implicitly has type 'any' because no interface 'JSX.IntrinsicElements' exists.
vendor/pi-desktop/apps/desktop/src/pages/ScheduledPage.tsx(185,17): error TS7026: JSX element implicitly has type 'any' because no interface 'JSX.IntrinsicElements' exists.
vendor/pi-desktop/apps/desktop/src/pages/ScheduledPage.tsx(186,15): error TS7026: JSX element implicitly has type 'any' because no interface 'JSX.IntrinsicElements' exists.
vendor/pi-desktop/apps/desktop/src/pages/ScheduledPage.tsx(188,11): error TS7026: JSX element implicitly has type 'any' because no interface 'JSX.IntrinsicElements' exists.
vendor/pi-desktop/apps/desktop/src/pages/ScheduledPage.tsx(190,7): error TS7026: JSX element implicitly has type 'any' because no interface 'JSX.IntrinsicElements' exists.
vendor/pi-desktop/apps/desktop/src/pages/ScheduledPage.tsx(191,5): error TS7026: JSX element implicitly has type 'any' because no interface 'JSX.IntrinsicElements' exists.
vendor/pi-desktop/apps/desktop/src/pages/SettingsPage.tsx(1,75): error TS7016: Could not find a declaration file for module 'react'. 'C:/cm-plan-next-20260910/vendor/pi-desktop/node_modules/.pnpm/react@19.2.8/node_modules/react/index.js' implicitly has an 'any' type.
  Try `npm i --save-dev @types/react` if it exists or add a new declaration (.d.ts) file containing `declare module 'react';`
vendor/pi-desktop/apps/desktop/src/pages/SettingsPage.tsx(82,5): error TS7026: JSX element implicitly has type 'any' because no interface 'JSX.IntrinsicElements' exists.
vendor/pi-desktop/apps/desktop/src/pages/SettingsPage.tsx(82,5): error TS7016: Could not find a declaration file for module 'react/jsx-runtime'. 'C:/cm-plan-next-20260910/vendor/pi-desktop/node_modules/.pnpm/react@19.2.8/node_modules/react/jsx-runtime.js' implicitly has an 'any' type.
  Try `npm i --save-dev @types/react` if it exists or add a new declaration (.d.ts) file containing `declare module 'react/jsx-runtime';`
vendor/pi-desktop/apps/desktop/src/pages/SettingsPage.tsx(83,7): error TS7026: JSX element implicitly has type 'any' because no interface 'JSX.IntrinsicElements' exists.
vendor/pi-desktop/apps/desktop/src/pages/SettingsPage.tsx(84,9): error TS7026: JSX element implicitly has type 'any' because no interface 'JSX.IntrinsicElements' exists.
vendor/pi-desktop/apps/desktop/src/pages/SettingsPage.tsx(84,52): error TS7026: JSX element implicitly has type 'any' because no interface 'JSX.IntrinsicElements' exists.
vendor/pi-desktop/apps/desktop/src/pages/SettingsPage.tsx(85,24): error TS7026: JSX element implicitly has type 'any' because no interface 'JSX.IntrinsicElements' exists.
vendor/pi-desktop/apps/desktop/src/pages/SettingsPage.tsx(85,72): error TS7026: JSX element implicitly has type 'any' because no interface 'JSX.IntrinsicElements' exists.
vendor/pi-desktop/apps/desktop/src/pages/SettingsPage.tsx(86,7): error TS7026: JSX element implicitly has type 'any' because no interface 'JSX.IntrinsicElements' exists.
vendor/pi-desktop/apps/desktop/src/pages/SettingsPage.tsx(87,7): error TS7026: JSX element implicitly has type 'any' because no interface 'JSX.IntrinsicElements' exists.
vendor/pi-desktop/apps/desktop/src/pages/SettingsPage.tsx(87,55): error TS7026: JSX element implicitly has type 'any' because no interface 'JSX.IntrinsicElements' exists.
vendor/pi-desktop/apps/desktop/src/pages/SettingsPage.tsx(88,5): error TS7026: JSX element implicitly has type 'any' because no interface 'JSX.IntrinsicElements' exists.
vendor/pi-desktop/apps/desktop/src/pages/SettingsPage.tsx(100,5): error TS7026: JSX element implicitly has type 'any' because no interface 'JSX.IntrinsicElements' exists.
vendor/pi-desktop/apps/desktop/src/pages/SettingsPage.tsx(101,16): error TS7026: JSX element implicitly has type 'any' because no interface 'JSX.IntrinsicElements' exists.
vendor/pi-desktop/apps/desktop/src/pages/SettingsPage.tsx(101,61): error TS7026: JSX element implicitly has type 'any' because no interface 'JSX.IntrinsicElements' exists.
vendor/pi-desktop/apps/desktop/src/pages/SettingsPage.tsx(102,7): error TS7026: JSX element implicitly has type 'any' because no interface 'JSX.IntrinsicElements' exists.
vendor/pi-desktop/apps/desktop/src/pages/SettingsPage.tsx(102,49): error TS7026: JSX element implicitly has type 'any' because no interface 'JSX.IntrinsicElements' exists.
vendor/pi-desktop/apps/desktop/src/pages/SettingsPage.tsx(103,5): error TS7026: JSX element implicitly has type 'any' because no interface 'JSX.IntrinsicElements' exists.
vendor/pi-desktop/apps/desktop/src/pages/SettingsPage.tsx(145,6): error TS7006: Parameter 'choice' implicitly has an 'any' type.
vendor/pi-desktop/apps/desktop/src/pages/SettingsPage.tsx(170,42): error TS7006: Parameter 'candidate' implicitly has an 'any' type.
vendor/pi-desktop/apps/desktop/src/pages/SettingsPage.tsx(177,19): error TS7006: Parameter 'current' implicitly has an 'any' type.
vendor/pi-desktop/apps/desktop/src/pages/SettingsPage.tsx(200,7): error TS7026: JSX element implicitly has type 'any' because no interface 'JSX.IntrinsicElements' exists.
vendor/pi-desktop/apps/desktop/src/pages/SettingsPage.tsx(205,11): error TS7026: JSX element implicitly has type 'any' because no interface 'JSX.IntrinsicElements' exists.
vendor/pi-desktop/apps/desktop/src/pages/SettingsPage.tsx(209,11): error TS7026: JSX element implicitly has type 'any' because no interface 'JSX.IntrinsicElements' exists.
vendor/pi-desktop/apps/desktop/src/pages/SettingsPage.tsx(211,11): error TS7026: JSX element implicitly has type 'any' because no interface 'JSX.IntrinsicElements' exists.
vendor/pi-desktop/apps/desktop/src/pages/SettingsPage.tsx(213,11): error TS7026: JSX element implicitly has type 'any' because no interface 'JSX.IntrinsicElements' exists.
vendor/pi-desktop/apps/desktop/src/pages/SettingsPage.tsx(220,24): error TS7006: Parameter 'event' implicitly has an 'any' type.
vendor/pi-desktop/apps/desktop/src/pages/SettingsPage.tsx(222,35): error TS7006: Parameter 'choice' implicitly has an 'any' type.
vendor/pi-desktop/apps/desktop/src/pages/SettingsPage.tsx(223,15): error TS7026: JSX element implicitly has type 'any' because no interface 'JSX.IntrinsicElements' exists.
vendor/pi-desktop/apps/desktop/src/pages/SettingsPage.tsx(228,15): error TS7026: JSX element implicitly has type 'any' because no interface 'JSX.IntrinsicElements' exists.
vendor/pi-desktop/apps/desktop/src/pages/SettingsPage.tsx(233,11): error TS7026: JSX element implicitly has type 'any' because no interface 'JSX.IntrinsicElements' exists.
vendor/pi-desktop/apps/desktop/src/pages/SettingsPage.tsx(233,76): error TS7026: JSX element implicitly has type 'any' because no interface 'JSX.IntrinsicElements' exists.
vendor/pi-desktop/apps/desktop/src/pages/SettingsPage.tsx(236,11): error TS7026: JSX element implicitly has type 'any' because no interface 'JSX.IntrinsicElements' exists.
vendor/pi-desktop/apps/desktop/src/pages/SettingsPage.tsx(238,11): error TS7026: JSX element implicitly has type 'any' because no interface 'JSX.IntrinsicElements' exists.
vendor/pi-desktop/apps/desktop/src/pages/SettingsPage.tsx(240,7): error TS7026: JSX element implicitly has type 'any' because no interface 'JSX.IntrinsicElements' exists.
vendor/pi-desktop/apps/desktop/src/pages/SettingsPage.tsx(259,7): error TS7026: JSX element implicitly has type 'any' because no interface 'JSX.IntrinsicElements' exists.
vendor/pi-desktop/apps/desktop/src/pages/SettingsPage.tsx(268,11): error TS7026: JSX element implicitly has type 'any' because no interface 'JSX.IntrinsicElements' exists.
vendor/pi-desktop/apps/desktop/src/pages/SettingsPage.tsx(279,11): error TS7026: JSX element implicitly has type 'any' because no interface 'JSX.IntrinsicElements' exists.
vendor/pi-desktop/apps/desktop/src/pages/SettingsPage.tsx(281,7): error TS7026: JSX element implicitly has type 'any' because no interface 'JSX.IntrinsicElements' exists.
vendor/pi-desktop/apps/desktop/src/pages/SettingsPage.tsx(331,7): error TS7026: JSX element implicitly has type 'any' because no interface 'JSX.IntrinsicElements' exists.
vendor/pi-desktop/apps/desktop/src/pages/SettingsPage.tsx(341,22): error TS7006: Parameter 'event' implicitly has an 'any' type.
vendor/pi-desktop/apps/desktop/src/pages/SettingsPage.tsx(343,23): error TS7006: Parameter 'event' implicitly has an 'any' type.
vendor/pi-desktop/apps/desktop/src/pages/SettingsPage.tsx(351,11): error TS7026: JSX element implicitly has type 'any' because no interface 'JSX.IntrinsicElements' exists.
vendor/pi-desktop/apps/desktop/src/pages/SettingsPage.tsx(353,11): error TS7026: JSX element implicitly has type 'any' because no interface 'JSX.IntrinsicElements' exists.
vendor/pi-desktop/apps/desktop/src/pages/SettingsPage.tsx(355,7): error TS7026: JSX element implicitly has type 'any' because no interface 'JSX.IntrinsicElements' exists.
vendor/pi-desktop/apps/desktop/src/pages/SettingsPage.tsx(390,5): error TS7026: JSX element implicitly has type 'any' because no interface 'JSX.IntrinsicElements' exists.
vendor/pi-desktop/apps/desktop/src/pages/SettingsPage.tsx(392,9): error TS7026: JSX element implicitly has type 'any' because no interface 'JSX.IntrinsicElements' exists.
vendor/pi-desktop/apps/desktop/src/pages/SettingsPage.tsx(393,11): error TS7026: JSX element implicitly has type 'any' because no interface 'JSX.IntrinsicElements' exists.
vendor/pi-desktop/apps/desktop/src/pages/SettingsPage.tsx(394,13): error TS7026: JSX element implicitly has type 'any' because no interface 'JSX.IntrinsicElements' exists.
vendor/pi-desktop/apps/desktop/src/pages/SettingsPage.tsx(394,86): error TS7026: JSX element implicitly has type 'any' because no interface 'JSX.IntrinsicElements' exists.
vendor/pi-desktop/apps/desktop/src/pages/SettingsPage.tsx(395,13): error TS7026: JSX element implicitly has type 'any' because no interface 'JSX.IntrinsicElements' exists.
vendor/pi-desktop/apps/desktop/src/pages/SettingsPage.tsx(395,76): error TS7026: JSX element implicitly has type 'any' because no interface 'JSX.IntrinsicElements' exists.
vendor/pi-desktop/apps/desktop/src/pages/SettingsPage.tsx(396,11): error TS7026: JSX element implicitly has type 'any' because no interface 'JSX.IntrinsicElements' exists.
vendor/pi-desktop/apps/desktop/src/pages/SettingsPage.tsx(397,11): error TS7026: JSX element implicitly has type 'any' because no interface 'JSX.IntrinsicElements' exists.
vendor/pi-desktop/apps/desktop/src/pages/SettingsPage.tsx(400,24): error TS7006: Parameter 'event' implicitly has an 'any' type.
vendor/pi-desktop/apps/desktop/src/pages/SettingsPage.tsx(406,9): error TS7026: JSX element implicitly has type 'any' because no interface 'JSX.IntrinsicElements' exists.
vendor/pi-desktop/apps/desktop/src/pages/SettingsPage.tsx(407,9): error TS7026: JSX element implicitly has type 'any' because no interface 'JSX.IntrinsicElements' exists.
vendor/pi-desktop/apps/desktop/src/pages/SettingsPage.tsx(415,9): error TS7026: JSX element implicitly has type 'any' because no interface 'JSX.IntrinsicElements' exists.
vendor/pi-desktop/apps/desktop/src/pages/SettingsPage.tsx(417,5): error TS7026: JSX element implicitly has type 'any' because no interface 'JSX.IntrinsicElements' exists.
vendor/pi-desktop/apps/desktop/src/pages/SettingsPage.tsx(503,7): error TS7026: JSX element implicitly has type 'any' because no interface 'JSX.IntrinsicElements' exists.
vendor/pi-desktop/apps/desktop/src/pages/SettingsPage.tsx(504,9): error TS7026: JSX element implicitly has type 'any' because no interface 'JSX.IntrinsicElements' exists.
vendor/pi-desktop/apps/desktop/src/pages/SettingsPage.tsx(513,9): error TS7026: JSX element implicitly has type 'any' because no interface 'JSX.IntrinsicElements' exists.
vendor/pi-desktop/apps/desktop/src/pages/SettingsPage.tsx(515,11): error TS7026: JSX element implicitly has type 'any' because no interface 'JSX.IntrinsicElements' exists.
vendor/pi-desktop/apps/desktop/src/pages/SettingsPage.tsx(515,80): error TS7026: JSX element implicitly has type 'any' because no interface 'JSX.IntrinsicElements' exists.
vendor/pi-desktop/apps/desktop/src/pages/SettingsPage.tsx(518,11): error TS7026: JSX element implicitly has type 'any' because no interface 'JSX.IntrinsicElements' exists.
vendor/pi-desktop/apps/desktop/src/pages/SettingsPage.tsx(519,13): error TS7026: JSX element implicitly has type 'any' because no interface 'JSX.IntrinsicElements' exists.
vendor/pi-desktop/apps/desktop/src/pages/SettingsPage.tsx(519,81): error TS7026: JSX element implicitly has type 'any' because no interface 'JSX.IntrinsicElements' exists.
vendor/pi-desktop/apps/desktop/src/pages/SettingsPage.tsx(520,13): error TS7026: JSX element implicitly has type 'any' because no interface 'JSX.IntrinsicElements' exists.
vendor/pi-desktop/apps/desktop/src/pages/SettingsPage.tsx(520,64): error TS7026: JSX element implicitly has type 'any' because no interface 'JSX.IntrinsicElements' exists.
vendor/pi-desktop/apps/desktop/src/pages/SettingsPage.tsx(521,11): error TS7026: JSX element implicitly has type 'any' because no interface 'JSX.IntrinsicElements' exists.
vendor/pi-desktop/apps/desktop/src/pages/SettingsPage.tsx(523,7): error TS7026: JSX element implicitly has type 'any' because no interface 'JSX.IntrinsicElements' exists.
vendor/pi-desktop/apps/desktop/src/pages/SettingsPage.tsx(537,5): error TS7026: JSX element implicitly has type 'any' because no interface 'JSX.IntrinsicElements' exists.
vendor/pi-desktop/apps/desktop/src/pages/SettingsPage.tsx(540,5): error TS7026: JSX element implicitly has type 'any' because no interface 'JSX.IntrinsicElements' exists.
vendor/pi-desktop/apps/desktop/src/pages/SettingsPage.tsx(573,38): error TS7006: Parameter 'c' implicitly has an 'any' type.
vendor/pi-desktop/apps/desktop/src/pages/SettingsPage.tsx(613,60): error TS7006: Parameter 'k' implicitly has an 'any' type.
vendor/pi-desktop/apps/desktop/src/pages/SettingsPage.tsx(616,18): error TS7006: Parameter 'prev' implicitly has an 'any' type.
vendor/pi-desktop/apps/desktop/src/pages/SettingsPage.tsx(642,13): error TS7026: JSX element implicitly has type 'any' because no interface 'JSX.IntrinsicElements' exists.
vendor/pi-desktop/apps/desktop/src/pages/SettingsPage.tsx(642,71): error TS7026: JSX element implicitly has type 'any' because no interface 'JSX.IntrinsicElements' exists.
vendor/pi-desktop/apps/desktop/src/pages/SettingsPage.tsx(645,15): error TS7026: JSX element implicitly has type 'any' because no interface 'JSX.IntrinsicElements' exists.
vendor/pi-desktop/apps/desktop/src/pages/SettingsPage.tsx(646,17): error TS7026: JSX element implicitly has type 'any' because no interface 'JSX.IntrinsicElements' exists.
vendor/pi-desktop/apps/desktop/src/pages/SettingsPage.tsx(647,19): error TS7026: JSX element implicitly has type 'any' because no interface 'JSX.IntrinsicElements' exists.
vendor/pi-desktop/apps/desktop/src/pages/SettingsPage.tsx(651,32): error TS7006: Parameter 'e' implicitly has an 'any' type.
vendor/pi-desktop/apps/desktop/src/pages/SettingsPage.tsx(653,19): error TS7026: JSX element implicitly has type 'any' because no interface 'JSX.IntrinsicElements' exists.
vendor/pi-desktop/apps/desktop/src/pages/SettingsPage.tsx(658,19): error TS7026: JSX element implicitly has type 'any' because no interface 'JSX.IntrinsicElements' exists.
vendor/pi-desktop/apps/desktop/src/pages/SettingsPage.tsx(659,17): error TS7026: JSX element implicitly has type 'any' because no interface 'JSX.IntrinsicElements' exists.
vendor/pi-desktop/apps/desktop/src/pages/SettingsPage.tsx(660,17): error TS7026: JSX element implicitly has type 'any' because no interface 'JSX.IntrinsicElements' exists.
vendor/pi-desktop/apps/desktop/src/pages/SettingsPage.tsx(661,19): error TS7026: JSX element implicitly has type 'any' because no interface 'JSX.IntrinsicElements' exists.
vendor/pi-desktop/apps/desktop/src/pages/SettingsPage.tsx(662,21): error TS7026: JSX element implicitly has type 'any' because no interface 'JSX.IntrinsicElements' exists.
vendor/pi-desktop/apps/desktop/src/pages/SettingsPage.tsx(662,56): error TS7026: JSX element implicitly has type 'any' because no interface 'JSX.IntrinsicElements' exists.
vendor/pi-desktop/apps/desktop/src/pages/SettingsPage.tsx(666,34): error TS7006: Parameter 'event' implicitly has an 'any' type.
vendor/pi-desktop/apps/desktop/src/pages/SettingsPage.tsx(671,23): error TS7026: JSX element implicitly has type 'any' because no interface 'JSX.IntrinsicElements' exists.
vendor/pi-desktop/apps/desktop/src/pages/SettingsPage.tsx(671,81): error TS7026: JSX element implicitly has type 'any' because no interface 'JSX.IntrinsicElements' exists.
vendor/pi-desktop/apps/desktop/src/pages/SettingsPage.tsx(672,23): error TS7026: JSX element implicitly has type 'any' because no interface 'JSX.IntrinsicElements' exists.
vendor/pi-desktop/apps/desktop/src/pages/SettingsPage.tsx(672,77): error TS7026: JSX element implicitly has type 'any' because no interface 'JSX.IntrinsicElements' exists.
vendor/pi-desktop/apps/desktop/src/pages/SettingsPage.tsx(674,19): error TS7026: JSX element implicitly has type 'any' because no interface 'JSX.IntrinsicElements' exists.
vendor/pi-desktop/apps/desktop/src/pages/SettingsPage.tsx(684,17): error TS7026: JSX element implicitly has type 'any' because no interface 'JSX.IntrinsicElements' exists.
vendor/pi-desktop/apps/desktop/src/pages/SettingsPage.tsx(685,15): error TS7026: JSX element implicitly has type 'any' because no interface 'JSX.IntrinsicElements' exists.
vendor/pi-desktop/apps/desktop/src/pages/SettingsPage.tsx(687,15): error TS7026: JSX element implicitly has type 'any' because no interface 'JSX.IntrinsicElements' exists.
vendor/pi-desktop/apps/desktop/src/pages/SettingsPage.tsx(688,30): error TS7006: Parameter 'group' implicitly has an 'any' type.
vendor/pi-desktop/apps/desktop/src/pages/SettingsPage.tsx(688,37): error TS7006: Parameter 'groupIndex' implicitly has an 'any' type.
vendor/pi-desktop/apps/desktop/src/pages/SettingsPage.tsx(690,59): error TS7006: Parameter 'k' implicitly has an 'any' type.
vendor/pi-desktop/apps/desktop/src/pages/SettingsPage.tsx(694,21): error TS7026: JSX element implicitly has type 'any' because no interface 'JSX.IntrinsicElements' exists.
vendor/pi-desktop/apps/desktop/src/pages/SettingsPage.tsx(695,23): error TS7026: JSX element implicitly has type 'any' because no interface 'JSX.IntrinsicElements' exists.
vendor/pi-desktop/apps/desktop/src/pages/SettingsPage.tsx(696,25): error TS7026: JSX element implicitly has type 'any' because no interface 'JSX.IntrinsicElements' exists.
vendor/pi-desktop/apps/desktop/src/pages/SettingsPage.tsx(700,33): error TS7006: Parameter 'el' implicitly has an 'any' type.
vendor/pi-desktop/apps/desktop/src/pages/SettingsPage.tsx(705,38): error TS7006: Parameter 'e' implicitly has an 'any' type.
vendor/pi-desktop/apps/desktop/src/pages/SettingsPage.tsx(707,25): error TS7026: JSX element implicitly has type 'any' because no interface 'JSX.IntrinsicElements' exists.
vendor/pi-desktop/apps/desktop/src/pages/SettingsPage.tsx(713,48): error TS7006: Parameter 'prev' implicitly has an 'any' type.
vendor/pi-desktop/apps/desktop/src/pages/SettingsPage.tsx(721,27): error TS7026: JSX element implicitly has type 'any' because no interface 'JSX.IntrinsicElements' exists.
vendor/pi-desktop/apps/desktop/src/pages/SettingsPage.tsx(726,27): error TS7026: JSX element implicitly has type 'any' because no interface 'JSX.IntrinsicElements' exists.
vendor/pi-desktop/apps/desktop/src/pages/SettingsPage.tsx(727,27): error TS7026: JSX element implicitly has type 'any' because no interface 'JSX.IntrinsicElements' exists.
vendor/pi-desktop/apps/desktop/src/pages/SettingsPage.tsx(727,75): error TS7026: JSX element implicitly has type 'any' because no interface 'JSX.IntrinsicElements' exists.
vendor/pi-desktop/apps/desktop/src/pages/SettingsPage.tsx(729,29): error TS7026: JSX element implicitly has type 'any' because no interface 'JSX.IntrinsicElements' exists.
vendor/pi-desktop/apps/desktop/src/pages/SettingsPage.tsx(729,84): error TS7026: JSX element implicitly has type 'any' because no interface 'JSX.IntrinsicElements' exists.
vendor/pi-desktop/apps/desktop/src/pages/SettingsPage.tsx(731,27): error TS7026: JSX element implicitly has type 'any' because no interface 'JSX.IntrinsicElements' exists.
vendor/pi-desktop/apps/desktop/src/pages/SettingsPage.tsx(733,27): error TS7026: JSX element implicitly has type 'any' because no interface 'JSX.IntrinsicElements' exists.
vendor/pi-desktop/apps/desktop/src/pages/SettingsPage.tsx(734,25): error TS7026: JSX element implicitly has type 'any' because no interface 'JSX.IntrinsicElements' exists.
vendor/pi-desktop/apps/desktop/src/pages/SettingsPage.tsx(735,23): error TS7026: JSX element implicitly has type 'any' because no interface 'JSX.IntrinsicElements' exists.
vendor/pi-desktop/apps/desktop/src/pages/SettingsPage.tsx(737,25): error TS7026: JSX element implicitly has type 'any' because no interface 'JSX.IntrinsicElements' exists.
vendor/pi-desktop/apps/desktop/src/pages/SettingsPage.tsx(738,45): error TS7006: Parameter 'c' implicitly has an 'any' type.
vendor/pi-desktop/apps/desktop/src/pages/SettingsPage.tsx(741,31): error TS7026: JSX element implicitly has type 'any' because no interface 'JSX.IntrinsicElements' exists.
vendor/pi-desktop/apps/desktop/src/pages/SettingsPage.tsx(742,33): error TS7026: JSX element implicitly has type 'any' because no interface 'JSX.IntrinsicElements' exists.
vendor/pi-desktop/apps/desktop/src/pages/SettingsPage.tsx(745,46): error TS7006: Parameter 'e' implicitly has an 'any' type.
vendor/pi-desktop/apps/desktop/src/pages/SettingsPage.tsx(747,33): error TS7026: JSX element implicitly has type 'any' because no interface 'JSX.IntrinsicElements' exists.
vendor/pi-desktop/apps/desktop/src/pages/SettingsPage.tsx(748,35): error TS7026: JSX element implicitly has type 'any' because no interface 'JSX.IntrinsicElements' exists.
vendor/pi-desktop/apps/desktop/src/pages/SettingsPage.tsx(748,79): error TS7026: JSX element implicitly has type 'any' because no interface 'JSX.IntrinsicElements' exists.
vendor/pi-desktop/apps/desktop/src/pages/SettingsPage.tsx(749,35): error TS7026: JSX element implicitly has type 'any' because no interface 'JSX.IntrinsicElements' exists.
vendor/pi-desktop/apps/desktop/src/pages/SettingsPage.tsx(756,35): error TS7026: JSX element implicitly has type 'any' because no interface 'JSX.IntrinsicElements' exists.
vendor/pi-desktop/apps/desktop/src/pages/SettingsPage.tsx(757,33): error TS7026: JSX element implicitly has type 'any' because no interface 'JSX.IntrinsicElements' exists.
vendor/pi-desktop/apps/desktop/src/pages/SettingsPage.tsx(759,31): error TS7026: JSX element implicitly has type 'any' because no interface 'JSX.IntrinsicElements' exists.
vendor/pi-desktop/apps/desktop/src/pages/SettingsPage.tsx(762,25): error TS7026: JSX element implicitly has type 'any' because no interface 'JSX.IntrinsicElements' exists.
vendor/pi-desktop/apps/desktop/src/pages/SettingsPage.tsx(764,21): error TS7026: JSX element implicitly has type 'any' because no interface 'JSX.IntrinsicElements' exists.
vendor/pi-desktop/apps/desktop/src/pages/SettingsPage.tsx(767,15): error TS7026: JSX element implicitly has type 'any' because no interface 'JSX.IntrinsicElements' exists.
vendor/pi-desktop/apps/desktop/src/pages/SettingsPage.tsx(813,38): error TS7006: Parameter 'c' implicitly has an 'any' type.
vendor/pi-desktop/apps/desktop/src/pages/SettingsPage.tsx(861,60): error TS7006: Parameter 'k' implicitly has an 'any' type.
vendor/pi-desktop/apps/desktop/src/pages/SettingsPage.tsx(864,18): error TS7006: Parameter 'prev' implicitly has an 'any' type.
vendor/pi-desktop/apps/desktop/src/pages/SettingsPage.tsx(890,13): error TS7026: JSX element implicitly has type 'any' because no interface 'JSX.IntrinsicElements' exists.
vendor/pi-desktop/apps/desktop/src/pages/SettingsPage.tsx(890,77): error TS7026: JSX element implicitly has type 'any' because no interface 'JSX.IntrinsicElements' exists.
vendor/pi-desktop/apps/desktop/src/pages/SettingsPage.tsx(893,15): error TS7026: JSX element implicitly has type 'any' because no interface 'JSX.IntrinsicElements' exists.
vendor/pi-desktop/apps/desktop/src/pages/SettingsPage.tsx(894,17): error TS7026: JSX element implicitly has type 'any' because no interface 'JSX.IntrinsicElements' exists.
vendor/pi-desktop/apps/desktop/src/pages/SettingsPage.tsx(895,19): error TS7026: JSX element implicitly has type 'any' because no interface 'JSX.IntrinsicElements' exists.
vendor/pi-desktop/apps/desktop/src/pages/SettingsPage.tsx(899,32): error TS7006: Parameter 'e' implicitly has an 'any' type.
vendor/pi-desktop/apps/desktop/src/pages/SettingsPage.tsx(901,19): error TS7026: JSX element implicitly has type 'any' because no interface 'JSX.IntrinsicElements' exists.
vendor/pi-desktop/apps/desktop/src/pages/SettingsPage.tsx(906,19): error TS7026: JSX element implicitly has type 'any' because no interface 'JSX.IntrinsicElements' exists.
vendor/pi-desktop/apps/desktop/src/pages/SettingsPage.tsx(907,17): error TS7026: JSX element implicitly has type 'any' because no interface 'JSX.IntrinsicElements' exists.
vendor/pi-desktop/apps/desktop/src/pages/SettingsPage.tsx(908,17): error TS7026: JSX element implicitly has type 'any' because no interface 'JSX.IntrinsicElements' exists.
vendor/pi-desktop/apps/desktop/src/pages/SettingsPage.tsx(918,17): error TS7026: JSX element implicitly has type 'any' because no interface 'JSX.IntrinsicElements' exists.
vendor/pi-desktop/apps/desktop/src/pages/SettingsPage.tsx(919,15): error TS7026: JSX element implicitly has type 'any' because no interface 'JSX.IntrinsicElements' exists.
vendor/pi-desktop/apps/desktop/src/pages/SettingsPage.tsx(921,15): error TS7026: JSX element implicitly has type 'any' because no interface 'JSX.IntrinsicElements' exists.
vendor/pi-desktop/apps/desktop/src/pages/SettingsPage.tsx(922,30): error TS7006: Parameter 'group' implicitly has an 'any' type.
vendor/pi-desktop/apps/desktop/src/pages/SettingsPage.tsx(922,37): error TS7006: Parameter 'groupIndex' implicitly has an 'any' type.
vendor/pi-desktop/apps/desktop/src/pages/SettingsPage.tsx(924,59): error TS7006: Parameter 'k' implicitly has an 'any' type.
vendor/pi-desktop/apps/desktop/src/pages/SettingsPage.tsx(928,21): error TS7026: JSX element implicitly has type 'any' because no interface 'JSX.IntrinsicElements' exists.
vendor/pi-desktop/apps/desktop/src/pages/SettingsPage.tsx(929,23): error TS7026: JSX element implicitly has type 'any' because no interface 'JSX.IntrinsicElements' exists.
vendor/pi-desktop/apps/desktop/src/pages/SettingsPage.tsx(930,25): error TS7026: JSX element implicitly has type 'any' because no interface 'JSX.IntrinsicElements' exists.
vendor/pi-desktop/apps/desktop/src/pages/SettingsPage.tsx(934,33): error TS7006: Parameter 'el' implicitly has an 'any' type.
vendor/pi-desktop/apps/desktop/src/pages/SettingsPage.tsx(939,38): error TS7006: Parameter 'e' implicitly has an 'any' type.
vendor/pi-desktop/apps/desktop/src/pages/SettingsPage.tsx(941,25): error TS7026: JSX element implicitly has type 'any' because no interface 'JSX.IntrinsicElements' exists.
vendor/pi-desktop/apps/desktop/src/pages/SettingsPage.tsx(947,48): error TS7006: Parameter 'prev' implicitly has an 'any' type.
vendor/pi-desktop/apps/desktop/src/pages/SettingsPage.tsx(955,27): error TS7026: JSX element implicitly has type 'any' because no interface 'JSX.IntrinsicElements' exists.
vendor/pi-desktop/apps/desktop/src/pages/SettingsPage.tsx(960,27): error TS7026: JSX element implicitly has type 'any' because no interface 'JSX.IntrinsicElements' exists.
vendor/pi-desktop/apps/desktop/src/pages/SettingsPage.tsx(961,27): error TS7026: JSX element implicitly has type 'any' because no interface 'JSX.IntrinsicElements' exists.
vendor/pi-desktop/apps/desktop/src/pages/SettingsPage.tsx(961,75): error TS7026: JSX element implicitly has type 'any' because no interface 'JSX.IntrinsicElements' exists.
vendor/pi-desktop/apps/desktop/src/pages/SettingsPage.tsx(962,27): error TS7026: JSX element implicitly has type 'any' because no interface 'JSX.IntrinsicElements' exists.
vendor/pi-desktop/apps/desktop/src/pages/SettingsPage.tsx(964,27): error TS7026: JSX element implicitly has type 'any' because no interface 'JSX.IntrinsicElements' exists.
vendor/pi-desktop/apps/desktop/src/pages/SettingsPage.tsx(965,25): error TS7026: JSX element implicitly has type 'any' because no interface 'JSX.IntrinsicElements' exists.
vendor/pi-desktop/apps/desktop/src/pages/SettingsPage.tsx(966,23): error TS7026: JSX element implicitly has type 'any' because no interface 'JSX.IntrinsicElements' exists.
vendor/pi-desktop/apps/desktop/src/pages/SettingsPage.tsx(968,25): error TS7026: JSX element implicitly has type 'any' because no interface 'JSX.IntrinsicElements' exists.
vendor/pi-desktop/apps/desktop/src/pages/SettingsPage.tsx(969,45): error TS7006: Parameter 'c' implicitly has an 'any' type.
vendor/pi-desktop/apps/desktop/src/pages/SettingsPage.tsx(973,31): error TS7026: JSX element implicitly has type 'any' because no interface 'JSX.IntrinsicElements' exists.
vendor/pi-desktop/apps/desktop/src/pages/SettingsPage.tsx(974,33): error TS7026: JSX element implicitly has type 'any' because no interface 'JSX.IntrinsicElements' exists.
vendor/pi-desktop/apps/desktop/src/pages/SettingsPage.tsx(977,46): error TS7006: Parameter 'e' implicitly has an 'any' type.
vendor/pi-desktop/apps/desktop/src/pages/SettingsPage.tsx(979,33): error TS7026: JSX element implicitly has type 'any' because no interface 'JSX.IntrinsicElements' exists.
vendor/pi-desktop/apps/desktop/src/pages/SettingsPage.tsx(980,35): error TS7026: JSX element implicitly has type 'any' because no interface 'JSX.IntrinsicElements' exists.
vendor/pi-desktop/apps/desktop/src/pages/SettingsPage.tsx(980,78): error TS7026: JSX element implicitly has type 'any' because no interface 'JSX.IntrinsicElements' exists.
vendor/pi-desktop/apps/desktop/src/pages/SettingsPage.tsx(981,35): error TS7026: JSX element implicitly has type 'any' because no interface 'JSX.IntrinsicElements' exists.
vendor/pi-desktop/apps/desktop/src/pages/SettingsPage.tsx(984,35): error TS7026: JSX element implicitly has type 'any' because no interface 'JSX.IntrinsicElements' exists.
vendor/pi-desktop/apps/desktop/src/pages/SettingsPage.tsx(985,33): error TS7026: JSX element implicitly has type 'any' because no interface 'JSX.IntrinsicElements' exists.
vendor/pi-desktop/apps/desktop/src/pages/SettingsPage.tsx(991,31): error TS7026: JSX element implicitly has type 'any' because no interface 'JSX.IntrinsicElements' exists.
vendor/pi-desktop/apps/desktop/src/pages/SettingsPage.tsx(994,25): error TS7026: JSX element implicitly has type 'any' because no interface 'JSX.IntrinsicElements' exists.
vendor/pi-desktop/apps/desktop/src/pages/SettingsPage.tsx(996,21): error TS7026: JSX element implicitly has type 'any' because no interface 'JSX.IntrinsicElements' exists.
vendor/pi-desktop/apps/desktop/src/pages/SettingsPage.tsx(999,15): error TS7026: JSX element implicitly has type 'any' because no interface 'JSX.IntrinsicElements' exists.
vendor/pi-desktop/apps/desktop/src/pages/SettingsPage.tsx(1038,9): error TS7026: JSX element implicitly has type 'any' because no interface 'JSX.IntrinsicElements' exists.
vendor/pi-desktop/apps/desktop/src/pages/SettingsPage.tsx(1046,11): error TS7026: JSX element implicitly has type 'any' because no interface 'JSX.IntrinsicElements' exists.
vendor/pi-desktop/apps/desktop/src/pages/SettingsPage.tsx(1047,9): error TS7026: JSX element implicitly has type 'any' because no interface 'JSX.IntrinsicElements' exists.
vendor/pi-desktop/apps/desktop/src/pages/SettingsPage.tsx(1110,9): error TS7026: JSX element implicitly has type 'any' because no interface 'JSX.IntrinsicElements' exists.
vendor/pi-desktop/apps/desktop/src/pages/SettingsPage.tsx(1116,13): error TS7026: JSX element implicitly has type 'any' because no interface 'JSX.IntrinsicElements' exists.
vendor/pi-desktop/apps/desktop/src/pages/SettingsPage.tsx(1129,13): error TS7026: JSX element implicitly has type 'any' because no interface 'JSX.IntrinsicElements' exists.
vendor/pi-desktop/apps/desktop/src/pages/SettingsPage.tsx(1131,9): error TS7026: JSX element implicitly has type 'any' because no interface 'JSX.IntrinsicElements' exists.
vendor/pi-desktop/apps/desktop/src/pages/SettingsPage.tsx(1134,9): error TS7026: JSX element implicitly has type 'any' because no interface 'JSX.IntrinsicElements' exists.
vendor/pi-desktop/apps/desktop/src/pages/SettingsPage.tsx(1136,9): error TS7026: JSX element implicitly has type 'any' because no interface 'JSX.IntrinsicElements' exists.
vendor/pi-desktop/apps/desktop/src/pages/SettingsPage.tsx(1283,5): error TS7026: JSX element implicitly has type 'any' because no interface 'JSX.IntrinsicElements' exists.
vendor/pi-desktop/apps/desktop/src/pages/SettingsPage.tsx(1284,7): error TS7026: JSX element implicitly has type 'any' because no interface 'JSX.IntrinsicElements' exists.
vendor/pi-desktop/apps/desktop/src/pages/SettingsPage.tsx(1285,7): error TS7026: JSX element implicitly has type 'any' because no interface 'JSX.IntrinsicElements' exists.
vendor/pi-desktop/apps/desktop/src/pages/SettingsPage.tsx(1286,9): error TS7026: JSX element implicitly has type 'any' because no interface 'JSX.IntrinsicElements' exists.
vendor/pi-desktop/apps/desktop/src/pages/SettingsPage.tsx(1287,11): error TS7026: JSX element implicitly has type 'any' because no interface 'JSX.IntrinsicElements' exists.
vendor/pi-desktop/apps/desktop/src/pages/SettingsPage.tsx(1293,13): error TS7026: JSX element implicitly has type 'any' because no interface 'JSX.IntrinsicElements' exists.
vendor/pi-desktop/apps/desktop/src/pages/SettingsPage.tsx(1293,44): error TS7026: JSX element implicitly has type 'any' because no interface 'JSX.IntrinsicElements' exists.
vendor/pi-desktop/apps/desktop/src/pages/SettingsPage.tsx(1294,11): error TS7026: JSX element implicitly has type 'any' because no interface 'JSX.IntrinsicElements' exists.
vendor/pi-desktop/apps/desktop/src/pages/SettingsPage.tsx(1295,11): error TS7026: JSX element implicitly has type 'any' because no interface 'JSX.IntrinsicElements' exists.
vendor/pi-desktop/apps/desktop/src/pages/SettingsPage.tsx(1297,13): error TS7026: JSX element implicitly has type 'any' because no interface 'JSX.IntrinsicElements' exists.
vendor/pi-desktop/apps/desktop/src/pages/SettingsPage.tsx(1300,26): error TS7006: Parameter 'e' implicitly has an 'any' type.
vendor/pi-desktop/apps/desktop/src/pages/SettingsPage.tsx(1307,11): error TS7026: JSX element implicitly has type 'any' because no interface 'JSX.IntrinsicElements' exists.
vendor/pi-desktop/apps/desktop/src/pages/SettingsPage.tsx(1308,9): error TS7026: JSX element implicitly has type 'any' because no interface 'JSX.IntrinsicElements' exists.
vendor/pi-desktop/apps/desktop/src/pages/SettingsPage.tsx(1310,9): error TS7026: JSX element implicitly has type 'any' because no interface 'JSX.IntrinsicElements' exists.
vendor/pi-desktop/apps/desktop/src/pages/SettingsPage.tsx(1312,13): error TS7026: JSX element implicitly has type 'any' because no interface 'JSX.IntrinsicElements' exists.
vendor/pi-desktop/apps/desktop/src/pages/SettingsPage.tsx(1312,74): error TS7026: JSX element implicitly has type 'any' because no interface 'JSX.IntrinsicElements' exists.
vendor/pi-desktop/apps/desktop/src/pages/SettingsPage.tsx(1314,35): error TS7031: Binding element 'id' implicitly has an 'any' type.
vendor/pi-desktop/apps/desktop/src/pages/SettingsPage.tsx(1314,39): error TS7031: Binding element 'items' implicitly has an 'any' type.
vendor/pi-desktop/apps/desktop/src/pages/SettingsPage.tsx(1315,15): error TS7026: JSX element implicitly has type 'any' because no interface 'JSX.IntrinsicElements' exists.
vendor/pi-desktop/apps/desktop/src/pages/SettingsPage.tsx(1316,17): error TS7026: JSX element implicitly has type 'any' because no interface 'JSX.IntrinsicElements' exists.
vendor/pi-desktop/apps/desktop/src/pages/SettingsPage.tsx(1317,22): error TS7053: Element implicitly has an 'any' type because expression of type 'any' can't be used to index type 'Record<SettingsNavGroupId, string>'.
vendor/pi-desktop/apps/desktop/src/pages/SettingsPage.tsx(1318,17): error TS7026: JSX element implicitly has type 'any' because no interface 'JSX.IntrinsicElements' exists.
vendor/pi-desktop/apps/desktop/src/pages/SettingsPage.tsx(1319,29): error TS7006: Parameter 'item' implicitly has an 'any' type.
vendor/pi-desktop/apps/desktop/src/pages/SettingsPage.tsx(1320,19): error TS7026: JSX element implicitly has type 'any' because no interface 'JSX.IntrinsicElements' exists.
vendor/pi-desktop/apps/desktop/src/pages/SettingsPage.tsx(1325,21): error TS7026: JSX element implicitly has type 'any' because no interface 'JSX.IntrinsicElements' exists.
vendor/pi-desktop/apps/desktop/src/pages/SettingsPage.tsx(1325,68): error TS7026: JSX element implicitly has type 'any' because no interface 'JSX.IntrinsicElements' exists.
vendor/pi-desktop/apps/desktop/src/pages/SettingsPage.tsx(1326,21): error TS7026: JSX element implicitly has type 'any' because no interface 'JSX.IntrinsicElements' exists.
vendor/pi-desktop/apps/desktop/src/pages/SettingsPage.tsx(1326,76): error TS7026: JSX element implicitly has type 'any' because no interface 'JSX.IntrinsicElements' exists.
vendor/pi-desktop/apps/desktop/src/pages/SettingsPage.tsx(1327,19): error TS7026: JSX element implicitly has type 'any' because no interface 'JSX.IntrinsicElements' exists.
vendor/pi-desktop/apps/desktop/src/pages/SettingsPage.tsx(1329,15): error TS7026: JSX element implicitly has type 'any' because no interface 'JSX.IntrinsicElements' exists.
vendor/pi-desktop/apps/desktop/src/pages/SettingsPage.tsx(1332,9): error TS7026: JSX element implicitly has type 'any' because no interface 'JSX.IntrinsicElements' exists.
vendor/pi-desktop/apps/desktop/src/pages/SettingsPage.tsx(1333,7): error TS7026: JSX element implicitly has type 'any' because no interface 'JSX.IntrinsicElements' exists.
vendor/pi-desktop/apps/desktop/src/pages/SettingsPage.tsx(1335,7): error TS7026: JSX element implicitly has type 'any' because no interface 'JSX.IntrinsicElements' exists.
vendor/pi-desktop/apps/desktop/src/pages/SettingsPage.tsx(1336,9): error TS7026: JSX element implicitly has type 'any' because no interface 'JSX.IntrinsicElements' exists.
vendor/pi-desktop/apps/desktop/src/pages/SettingsPage.tsx(1337,11): error TS7026: JSX element implicitly has type 'any' because no interface 'JSX.IntrinsicElements' exists.
vendor/pi-desktop/apps/desktop/src/pages/SettingsPage.tsx(1337,69): error TS7026: JSX element implicitly has type 'any' because no interface 'JSX.IntrinsicElements' exists.
vendor/pi-desktop/apps/desktop/src/pages/SettingsPage.tsx(1340,13): error TS7026: JSX element implicitly has type 'any' because no interface 'JSX.IntrinsicElements' exists.
vendor/pi-desktop/apps/desktop/src/pages/SettingsPage.tsx(1343,19): error TS7026: JSX element implicitly has type 'any' because no interface 'JSX.IntrinsicElements' exists.
vendor/pi-desktop/apps/desktop/src/pages/SettingsPage.tsx(1344,19): error TS7026: JSX element implicitly has type 'any' because no interface 'JSX.IntrinsicElements' exists.
vendor/pi-desktop/apps/desktop/src/pages/SettingsPage.tsx(1344,46): error TS7026: JSX element implicitly has type 'any' because no interface 'JSX.IntrinsicElements' exists.
vendor/pi-desktop/apps/desktop/src/pages/SettingsPage.tsx(1348,19): error TS7026: JSX element implicitly has type 'any' because no interface 'JSX.IntrinsicElements' exists.
vendor/pi-desktop/apps/desktop/src/pages/SettingsPage.tsx(1348,55): error TS7026: JSX element implicitly has type 'any' because no interface 'JSX.IntrinsicElements' exists.
vendor/pi-desktop/apps/desktop/src/pages/SettingsPage.tsx(1354,13): error TS7026: JSX element implicitly has type 'any' because no interface 'JSX.IntrinsicElements' exists.
vendor/pi-desktop/apps/desktop/src/pages/SettingsPage.tsx(1358,13): error TS7026: JSX element implicitly has type 'any' because no interface 'JSX.IntrinsicElements' exists.
vendor/pi-desktop/apps/desktop/src/pages/SettingsPage.tsx(1369,13): error TS7026: JSX element implicitly has type 'any' because no interface 'JSX.IntrinsicElements' exists.
vendor/pi-desktop/apps/desktop/src/pages/SettingsPage.tsx(1373,13): error TS7026: JSX element implicitly has type 'any' because no interface 'JSX.IntrinsicElements' exists.
vendor/pi-desktop/apps/desktop/src/pages/SettingsPage.tsx(1379,19): error TS7026: JSX element implicitly has type 'any' because no interface 'JSX.IntrinsicElements' exists.
vendor/pi-desktop/apps/desktop/src/pages/SettingsPage.tsx(1383,32): error TS7006: Parameter 'e' implicitly has an 'any' type.
vendor/pi-desktop/apps/desktop/src/pages/SettingsPage.tsx(1389,21): error TS7026: JSX element implicitly has type 'any' because no interface 'JSX.IntrinsicElements' exists.
vendor/pi-desktop/apps/desktop/src/pages/SettingsPage.tsx(1389,74): error TS7026: JSX element implicitly has type 'any' because no interface 'JSX.IntrinsicElements' exists.
vendor/pi-desktop/apps/desktop/src/pages/SettingsPage.tsx(1390,21): error TS7026: JSX element implicitly has type 'any' because no interface 'JSX.IntrinsicElements' exists.
vendor/pi-desktop/apps/desktop/src/pages/SettingsPage.tsx(1392,21): error TS7026: JSX element implicitly has type 'any' because no interface 'JSX.IntrinsicElements' exists.
vendor/pi-desktop/apps/desktop/src/pages/SettingsPage.tsx(1393,21): error TS7026: JSX element implicitly has type 'any' because no interface 'JSX.IntrinsicElements' exists.
vendor/pi-desktop/apps/desktop/src/pages/SettingsPage.tsx(1393,76): error TS7026: JSX element implicitly has type 'any' because no interface 'JSX.IntrinsicElements' exists.
vendor/pi-desktop/apps/desktop/src/pages/SettingsPage.tsx(1394,19): error TS7026: JSX element implicitly has type 'any' because no interface 'JSX.IntrinsicElements' exists.
vendor/pi-desktop/apps/desktop/src/pages/SettingsPage.tsx(1400,19): error TS7026: JSX element implicitly has type 'any' because no interface 'JSX.IntrinsicElements' exists.
vendor/pi-desktop/apps/desktop/src/pages/SettingsPage.tsx(1410,23): error TS7026: JSX element implicitly has type 'any' because no interface 'JSX.IntrinsicElements' exists.
vendor/pi-desktop/apps/desktop/src/pages/SettingsPage.tsx(1421,23): error TS7026: JSX element implicitly has type 'any' because no interface 'JSX.IntrinsicElements' exists.
vendor/pi-desktop/apps/desktop/src/pages/SettingsPage.tsx(1423,19): error TS7026: JSX element implicitly has type 'any' because no interface 'JSX.IntrinsicElements' exists.
vendor/pi-desktop/apps/desktop/src/pages/SettingsPage.tsx(1431,19): error TS7026: JSX element implicitly has type 'any' because no interface 'JSX.IntrinsicElements' exists.
vendor/pi-desktop/apps/desktop/src/pages/SettingsPage.tsx(1441,21): error TS7026: JSX element implicitly has type 'any' because no interface 'JSX.IntrinsicElements' exists.
vendor/pi-desktop/apps/desktop/src/pages/SettingsPage.tsx(1442,19): error TS7026: JSX element implicitly has type 'any' because no interface 'JSX.IntrinsicElements' exists.
vendor/pi-desktop/apps/desktop/src/pages/SettingsPage.tsx(1449,13): error TS7026: JSX element implicitly has type 'any' because no interface 'JSX.IntrinsicElements' exists.
vendor/pi-desktop/apps/desktop/src/pages/SettingsPage.tsx(1453,13): error TS7026: JSX element implicitly has type 'any' because no interface 'JSX.IntrinsicElements' exists.
vendor/pi-desktop/apps/desktop/src/pages/SettingsPage.tsx(1459,13): error TS7026: JSX element implicitly has type 'any' because no interface 'JSX.IntrinsicElements' exists.
vendor/pi-desktop/apps/desktop/src/pages/SettingsPage.tsx(1477,13): error TS7026: JSX element implicitly has type 'any' because no interface 'JSX.IntrinsicElements' exists.
vendor/pi-desktop/apps/desktop/src/pages/SettingsPage.tsx(1480,19): error TS7026: JSX element implicitly has type 'any' because no interface 'JSX.IntrinsicElements' exists.
vendor/pi-desktop/apps/desktop/src/pages/SettingsPage.tsx(1481,21): error TS7026: JSX element implicitly has type 'any' because no interface 'JSX.IntrinsicElements' exists.
vendor/pi-desktop/apps/desktop/src/pages/SettingsPage.tsx(1483,21): error TS7026: JSX element implicitly has type 'any' because no interface 'JSX.IntrinsicElements' exists.
vendor/pi-desktop/apps/desktop/src/pages/SettingsPage.tsx(1484,21): error TS7026: JSX element implicitly has type 'any' because no interface 'JSX.IntrinsicElements' exists.
vendor/pi-desktop/apps/desktop/src/pages/SettingsPage.tsx(1486,21): error TS7026: JSX element implicitly has type 'any' because no interface 'JSX.IntrinsicElements' exists.
vendor/pi-desktop/apps/desktop/src/pages/SettingsPage.tsx(1487,19): error TS7026: JSX element implicitly has type 'any' because no interface 'JSX.IntrinsicElements' exists.
vendor/pi-desktop/apps/desktop/src/pages/SettingsPage.tsx(1511,13): error TS7026: JSX element implicitly has type 'any' because no interface 'JSX.IntrinsicElements' exists.
vendor/pi-desktop/apps/desktop/src/pages/SettingsPage.tsx(1514,9): error TS7026: JSX element implicitly has type 'any' because no interface 'JSX.IntrinsicElements' exists.
vendor/pi-desktop/apps/desktop/src/pages/SettingsPage.tsx(1515,7): error TS7026: JSX element implicitly has type 'any' because no interface 'JSX.IntrinsicElements' exists.
vendor/pi-desktop/apps/desktop/src/pages/SettingsPage.tsx(1516,5): error TS7026: JSX element implicitly has type 'any' because no interface 'JSX.IntrinsicElements' exists.
